order_id,product_type,batch_size,material_grade,machine_id,operator_experience_yrs,setup_time_min,complexity_score,ambient_temp_c,humidity_pct,shift,day_of_week,num_workers,defect_rate_pct,production_time_hrs,planned_time_hrs
3459,Widget_C,482,Premium,M10,13.4,6.6,3,26.7,50.1,Night,Sat,2,7.61,55.76,50.27
1071,Gadget_Y,480,economy,M08,2.2,14.8,5,32.3,22.3,Morning,Mon,4,0.58,35.17,40.44
1359,Widget_A,72,Standard,M05,,15.7,2,28.1,44.7,Afternoon,Tue,1,6.35,3.58,4.13
1326,Widget_A,199,Economy,M07,14.9,55.0,4,32.0,,Morning,Tue,3,3.45,9.12,10.61
3308,Widget_B,78,Standard,M06,18.7,22.5,3,28.3,38.6,Morning,Sun,5,6.61,3.85,4.26
1299,Gadget_X,317,Premium,M03,19.4,25.1,3,25.5,72.0,Night,Fri,2,2.64,29.65,29.5
1977,Gadget_X,450,Premium,M10,17.8,30.7,4,20.4,44.6,Afternoon,Thu,3,1.49,38.09,44.76
2458,Widget_B,339,Premium,M04,3.6,38.4,5,24.5,54.2,Morning,Sun,3,0.12,21.86,22.74
1292,Widget_C,62,Premium,M02,15.0,55.2,4,24.0,30.3,Night,Mon,3,0.92,5.48,6.54
3185,Widget_A,96,Standard,M09,16.1,39.4,4,28.8,57.4,Afternoon,Mon,2,0.17,3.88,4.8
1135,Widget_B,210,Premium,M07,24.1,57.5,5,29.8,68.7,Morning,Fri,5,2.57,12.16,13.95
1296,Gadget_Y,423,Standard,M07,17.3,8.7,2,28.9,50.6,Afternoon,Wed,2,3.95,38.18,46.01
4262,Widget_A,70,Economy,M03,23.0,36.3,5,29.7,58.5,Morning,Sat,7,1.83,1.32,1.49
1290,Widget_A,373,Economy,M08,8.4,9.2,1,27.1,45.4,Afternoon,Fri,6,0.85,5.32,6.48
3680,Widget_B,422,Standard,M10,23.4,29.7,5,31.5,47.1,Afternoon,Fri,6,2.95,14.9,18.49
2403,Widget_B,314,Standard,M07,13.9,26.7,4,26.5,73.8,Morning,Thu,1,1.28,24.42,22.85
2966,Gadget_Y,296,Standard,M06,22.8,20.7,3,36.5,,Afternoon,Sun,3,1.95,20.83,22.71
3571,Widget_A,44,Standard,M03,10.4,38.1,3,28.6,49.1,Afternoon,Sat,2,3.27,2.0,1.89
1870,Widget_A,307,Standard,M02,12.0,9.5,4,33.4,71.3,Afternoon,Sat,4,4.58,7.87,8.68
1180,Widget_A,62,Economy,M01,8.9,6.6,5,24.8,57.5,Night,Tue,8,2.33,1.62,1.92
1872,Gadget_X,197,Premium,M05,2.5,22.8,2,22.7,70.2,Afternoon,Tue,1,3.66,39.15,44.06
2601,Gadget_Y,107,Standard,M08,9.9,16.0,2,31.0,80.4,Morning,Tue,3,0.43,5.56,5.76
2427,Widget_B,44,Economy,M01,24.4,29.8,3,29.2,54.4,Night,Fri,1,4.68,3.14,3.83
3410,Widget_B,341,Standard,M01,3.2,8.9,1,31.4,52.2,Afternoon,Tue,5,2.35,13.61,15.79
1762,Gadget_Y,385,Premium,M04,6.9,26.0,1,25.1,61.5,Afternoon,Tue,7,8.45,13.26,13.05
4348,Widget_B,378,Standard,M05,21.1,6.5,1,27.8,73.9,Morning,Wed,4,6.97,13.7,12.98
1487,Widget_C,259,Economy,M03,8.7,51.3,4,26.0,58.1,Night,Wed,7,0.27,16.34,14.9
3125,Gadget_X,224,Premium,M08,23.5,32.4,4,34.1,62.2,Afternoon,Sat,3,5.61,19.29,20.1
1986,Widget_A,352,Premium,M03,18.2,54.8,1,37.6,34.8,Afternoon,Thu,7,0.47,4.53,5.21
4496,Widget_C,495,Standard,M08,24.2,29.2,5,29.2,51.0,Afternoon,Wed,7,0.33,21.17,25.92
2223,Widget_A,215,Premium,M10,21.4,48.6,1,21.9,85.4,Night,Mon,3,0.86,4.35,4.59
3431,Widget_C,479,Standard,M06,11.4,49.4,4,33.9,43.4,Morning,Thu,5,4.3,40.76,34.86
1315,Gadget_Y,471,Standard,M05,1.0,32.1,2,21.2,67.1,Night,Wed,3,1.62,39.47,48.9
1913,Gadget_Y,110,Premium,M08,18.5,59.8,1,26.6,61.1,Morning,Wed,3,,4.95,5.49
3402,Widget_A,372,Economy,M04,0.9,21.2,2,27.1,62.8,Morning,Wed,2,1.41,13.53,13.92
3799,Widget_C,227,Premium,M02,4.7,42.1,3,33.6,76.2,Afternoon,Tue,2,2.15,19.37,16.68
2707,Widget_A,434,Premium,M10,24.6,25.7,3,28.5,33.4,Morning,Wed,2,2.69,10.76,10.28
1193,Widget_A,256,Premium,M02,5.4,23.5,2,26.7,62.1,Afternoon,Fri,7,1.96,4.04,4.71
2058,Widget_A,115,STANDARD,M03,3.4,54.5,3,31.3,54.7,Morning,Fri,4,5.34,3.35,3.89
2719,Gadget_Y,52,standard,M08,17.1,54.1,2,29.0,34.6,Morning,Thu,8,7.02,1.92,1.87
1140,Widget_B,220,Standard,M05,1.5,13.5,2,25.8,,Afternoon,Sat,7,0.06,9.06,11.29
2895,Gadget_X,37,PREMIUM,M03,3.7,21.6,2,30.6,75.9,Afternoon,Tue,5,2.32,2.92,2.89
1462,Gadget_Y,141,Economy,M10,1.7,41.1,5,26.0,82.1,Afternoon,Thu,7,2.25,8.17,7.14
3534,Widget_C,207,Economy,M06,20.5,34.9,4,27.8,56.3,Morning,Sat,4,2.56,20.57,20.35
3537,Widget_A,399,standard,M06,24.4,53.2,4,40.2,,Night,Wed,6,3.93,10.21,11.89
2507,Widget_C,40,standard,M08,17.6,39.1,1,33.0,57.6,Night,Thu,3,3.44,2.86,3.4
3742,Gadget_X,364,Premium,M05,,13.6,2,30.4,38.3,Afternoon,Sun,8,0.79,22.73,22.61
3515,Gadget_Y,336,Economy,M01,6.6,44.8,1,28.1,28.3,Morning,Mon,4,5.61,16.89,18.6
3045,Gadget_Y,483,Premium,M03,1.8,42.4,3,27.7,61.8,Night,Tue,6,4.97,28.38,25.91
1027,Widget_B,425,Economy,M07,5.8,11.9,3,24.7,,Morning,Fri,8,4.56,17.4,17.82
1545,Gadget_Y,39,Economy,M10,13.2,37.5,3,31.8,51.8,Morning,Tue,2,,2.96,3.39
1204,Widget_A,196,Standard,M07,15.6,23.5,2,27.7,37.6,Afternoon,Sat,8,2.38,4.53,5.08
1496,Widget_A,387,Standard,M05,6.2,31.8,5,25.0,34.3,Night,Sun,2,3.24,27.54,24.67
1033,Widget_A,302,STANDARD,M05,1.2,24.2,1,34.5,,Morning,Sun,6,7.63,8.51,8.25
4009,Widget_A,481,Economy,M05,18.1,34.7,3,33.8,47.4,Afternoon,Tue,1,7.21,25.75,31.06
3513,Widget_B,87,Economy,M02,23.2,49.3,2,28.3,54.0,Morning,Thu,7,0.0,1.95,1.73
1938,Gadget_Y,320,Premium,M09,4.5,24.3,4,27.6,,Night,Mon,4,4.5,26.09,24.42
3141,Widget_B,396,Economy,M09,17.6,57.8,3,32.0,73.1,Night,Mon,1,7.67,32.22,27.82
2363,Gadget_Y,74,Premium,M10,14.5,25.2,3,17.5,,Morning,Sun,7,,2.83,2.49
1458,Gadget_Y,443,Standard,M03,21.6,28.4,4,27.6,56.1,Afternoon,Wed,3,2.79,26.64,31.07
3813,Widget_C,433,standard,M03,4.0,58.1,5,28.4,76.4,Night,Fri,4,3.46,44.2,38.3
1052,Widget_B,37,Standard,M01,11.4,44.5,5,28.7,43.5,Afternoon,Sun,3,4.53,3.11,3.38
3818,Widget_A,88,economy,M04,13.5,43.7,4,30.3,53.4,Night,Thu,2,,3.99,4.65
1671,Gadget_Y,154,Economy,M02,10.9,14.6,3,36.2,34.5,Afternoon,Fri,6,0.01,5.95,6.76
2129,Widget_C,75,Standard,M02,24.4,25.5,4,40.5,42.7,Night,Thu,2,5.01,6.0,5.43
2558,Widget_A,238,Premium,M04,2.5,15.8,5,26.2,34.6,Night,Sat,2,4.63,13.83,11.79
3165,Widget_A,394,Standard,M06,0.7,28.8,2,30.8,57.5,Morning,Sat,4,3.19,11.07,10.94
3781,Gadget_X,170,Economy,M07,20.8,33.4,4,35.8,62.5,Afternoon,Tue,7,2.56,15.6,15.32
1753,Widget_A,433,STANDARD,M10,13.8,23.9,1,25.0,72.5,Night,Mon,1,5.38,15.79,17.82
1411,Gadget_X,379,Economy,M07,17.1,46.5,4,27.9,39.7,Morning,Tue,5,0.4,35.68,41.15
3565,Widget_A,303,Premium,M02,14.5,13.7,3,25.4,23.1,Night,Sat,3,2.99,8.1,7.82
3695,Gadget_X,166,Economy,M09,18.6,30.1,2,18.8,59.6,Afternoon,Tue,3,0.58,12.71,14.76
2559,Widget_C,21,Standard,M01,,13.3,4,34.6,63.6,Night,Fri,3,2.95,2.77,3.45
4279,Gadget_Y,37,Standard,M04,6.5,5.7,3,30.0,49.8,Morning,Mon,6,2.51,1.63,1.42
1658,Widget_A,428,Economy,M03,24.6,17.1,4,33.9,50.2,Morning,Wed,4,3.35,8.67,8.72
3969,Gadget_X,158,PREMIUM,M02,13.0,22.7,4,32.1,38.2,Night,Sat,5,0.08,11.71,14.46
2105,Widget_C,477,Premium,M10,,8.3,4,24.2,62.8,Night,Tue,2,1.5,49.92,46.67
1756,Widget_C,466,Standard,M01,18.6,31.7,4,27.9,56.4,Afternoon,Thu,7,4.63,28.68,30.46
3802,Widget_C,278,Standard,M04,10.1,45.5,4,26.4,53.3,Afternoon,Wed,1,4.8,33.72,32.39
3068,Widget_C,91,Standard,M08,19.1,57.7,4,36.1,64.7,Night,Tue,5,2.54,6.24,6.84
3023,Widget_C,173,premium,M07,21.4,8.8,2,24.4,41.5,Morning,Thu,1,3.2,18.54,19.08
2515,Widget_C,441,Standard,M05,7.9,36.3,3,34.8,16.9,Afternoon,Wed,1,6.87,85.2,82.53
1480,Gadget_Y,478,economy,M06,18.9,30.0,5,22.3,60.3,Morning,Thu,8,6.04,29.1,26.51
4306,Gadget_X,159,Standard,M02,24.0,42.1,5,23.6,35.3,Afternoon,Fri,1,1.76,17.82,20.09
2176,Gadget_Y,426,Economy,M04,10.2,22.2,2,32.2,71.8,Morning,Sat,4,4.05,24.06,29.96
4046,Gadget_Y,27,Standard,M03,8.0,27.1,5,21.9,80.9,Afternoon,Sat,8,,1.6,1.84
4432,Widget_C,317,Economy,M06,,53.9,5,33.3,45.2,Afternoon,Sun,8,0.47,21.91,21.6
3329,Widget_A,448,Standard,M08,,25.8,2,26.8,46.6,Morning,Sun,1,0.73,12.98,15.05
3632,Widget_A,22,Standard,M08,11.6,55.4,2,30.1,49.2,Afternoon,Mon,4,1.04,0.96,0.98
1991,Widget_A,451,Premium,M10,,44.5,2,27.5,48.5,Morning,Mon,8,0.58,6.21,6.87
2189,Gadget_X,462,Standard,M06,8.3,48.1,2,26.0,77.0,Afternoon,Sat,1,2.75,71.91,79.7
1197,Widget_A,15,Standard,M06,,30.6,4,26.4,45.6,Afternoon,Sat,6,5.21,0.63,0.54
1440,Widget_A,161,Premium,M04,16.7,31.5,5,27.8,78.1,Morning,Fri,5,6.36,4.39,4.15
3169,Gadget_X,321,Premium,M09,22.3,7.8,5,28.8,73.4,Morning,Wed,1,2.48,43.6,51.93
1502,Widget_B,373,premium,M02,15.6,27.3,4,24.2,65.2,Afternoon,Thu,3,4.08,16.98,18.57
4117,Gadget_X,117,Standard,M01,7.9,20.3,5,23.9,,Afternoon,Tue,4,,13.77,15.45
3907,Gadget_X,178,Premium,M01,21.2,59.7,4,34.2,50.6,Afternoon,Tue,7,1.32,12.96,16.02
2019,Widget_B,381,Standard,M09,21.2,26.6,5,21.3,61.7,Morning,Fri,3,3.95,19.38,20.83
2873,Widget_C,356,Economy,M06,,49.9,3,24.1,64.5,Morning,Tue,6,2.78,29.05,28.91
3441,Widget_B,468,Standard,M09,9.9,45.0,2,40.7,49.2,Night,Sat,1,1.72,32.87,39.02
1706,Gadget_Y,289,Economy,M01,23.7,38.2,4,18.9,,Morning,Mon,6,2.47,12.22,13.9
3331,Gadget_X,431,Premium,M09,17.3,22.9,3,31.3,47.4,Morning,Tue,4,4.26,33.69,32.12
1300,Widget_B,146,Premium,M01,13.2,34.9,4,31.0,60.8,Night,Thu,2,1.11,12.62,13.09
2004,Widget_A,499,Premium,M07,24.4,27.6,3,25.0,78.3,Afternoon,Sun,8,5.98,11.27,10.73
1811,Gadget_Y,381,Standard,M05,1.5,56.5,3,28.9,67.2,Morning,Tue,1,3.18,43.12,50.08
2768,Widget_B,470,STANDARD,M08,14.4,19.5,3,28.5,48.3,Morning,Fri,7,1.84,12.22,12.97
2426,Widget_A,343,Premium,M07,17.8,5.1,1,30.7,74.9,Morning,Fri,7,5.43,5.55,5.81
1906,Widget_B,217,Premium,M06,15.8,13.7,4,19.8,,Afternoon,Sun,5,1.66,14.12,15.21
1812,Widget_A,265,Economy,M08,10.8,55.7,5,22.6,73.4,Afternoon,Sun,4,7.24,9.07,9.16
2221,Gadget_Y,265,Premium,M10,3.4,19.8,2,26.9,50.2,Morning,Sun,4,5.38,16.21,15.0
2421,Widget_C,38,Standard,M04,6.5,5.1,5,29.3,56.3,Night,Fri,7,0.96,2.89,3.21
3452,Gadget_Y,411,Standard,M01,4.9,57.1,5,24.5,69.8,Afternoon,Tue,3,1.51,39.61,40.96
1145,Gadget_Y,57,Standard,M05,24.4,25.6,1,24.8,51.2,Night,Thu,6,1.33,2.63,2.86
1212,Widget_C,199,Economy,M01,23.2,39.6,2,40.6,88.2,Night,Fri,8,5.8,9.62,9.52
2848,Widget_C,361,Premium,M02,3.2,49.6,5,22.8,46.2,Morning,Tue,3,6.35,31.15,29.46
3068,Widget_C,91,Standard,M08,19.1,57.7,4,36.1,64.7,Night,Tue,5,2.54,6.24,6.84
3212,Widget_C,456,Economy,M10,20.6,32.1,2,34.2,68.1,Afternoon,Fri,4,,27.56,33.06
1933,Gadget_X,115,Economy,M07,16.7,22.9,1,18.7,43.5,Night,Sun,7,5.35,9.16,9.72
3403,Widget_C,294,Standard,M01,11.5,18.5,1,18.2,66.4,Afternoon,Sat,6,4.06,15.02,18.05
1053,Gadget_Y,58,Premium,M10,18.5,7.5,5,28.2,46.0,Morning,Mon,8,2.67,1.92,2.25
2695,Widget_B,209,Standard,M05,,54.4,3,29.0,53.2,Night,Wed,8,5.22,8.76,8.76
2179,Widget_B,157,Standard,M05,4.9,22.7,1,26.7,63.4,Morning,Tue,4,8.91,8.08,8.36
2899,Widget_B,67,Standard,M10,,18.2,3,33.6,33.9,Afternoon,Wed,4,2.77,2.46,2.61
1863,Widget_C,153,Premium,M10,18.1,58.1,2,38.2,36.9,Afternoon,Sat,5,7.06,7.96,7.77
2234,Gadget_Y,447,Standard,M01,2.0,23.2,4,23.2,65.9,Afternoon,Thu,4,,38.71,48.38
4289,Widget_B,361,Economy,M06,0.9,55.0,5,35.2,89.0,Afternoon,Sat,6,6.49,22.55,24.79
1908,Gadget_Y,293,Economy,M09,10.7,7.0,3,29.6,40.0,Night,Wed,5,9.9,18.49,18.74
2980,Gadget_X,200,Premium,M07,24.8,13.6,5,32.9,47.7,Afternoon,Tue,1,5.97,43.2,51.95
1416,Widget_C,376,Economy,M04,22.5,56.6,4,28.5,36.8,Morning,Thu,5,1.05,19.67,17.15
1643,Widget_C,282,Standard,M03,16.3,33.2,3,19.1,45.6,Morning,Mon,8,7.65,11.49,14.32
3655,Widget_C,106,premium,M01,6.3,15.9,5,21.4,66.3,Morning,Sat,6,2.85,7.91,7.58
3832,Gadget_X,277,Standard,M04,1.4,11.1,5,27.3,64.6,Afternoon,Sat,8,3.47,22.93,27.14
2836,Widget_A,94,Standard,M02,,32.8,1,36.4,69.9,Morning,Fri,8,3.33,1.13,1.4
1077,Gadget_X,485,Standard,M02,9.9,20.6,1,25.1,24.4,Afternoon,Wed,2,2.55,40.05,35.42
2065,Gadget_Y,305,Standard,M04,18.9,19.8,4,23.4,67.0,Night,Mon,3,3.29,21.02,18.28
4167,Gadget_X,397,Standard,M01,14.4,18.4,3,25.9,75.4,Afternoon,Sat,1,3.29,52.61,52.84
1018,Widget_C,373,Premium,M03,11.0,32.0,3,32.0,61.6,Night,Wed,1,5.34,43.9,51.68
2570,Widget_C,170,Standard,M08,5.9,25.6,2,28.8,66.7,Night,Fri,2,4.92,15.46,15.55
3855,Widget_B,497,Standard,M08,6.3,25.2,1,23.4,,Afternoon,Sun,3,3.55,17.4,15.52
3260,Widget_C,107,Economy,M10,9.6,29.0,3,23.5,,Night,Sat,2,2.42,11.69,13.51
3652,Gadget_Y,433,standard,M04,17.7,17.2,2,21.3,56.8,Morning,Sun,6,0.96,16.01,15.88
1565,Gadget_Y,232,Economy,M01,4.8,9.0,5,22.4,,Night,Sat,6,1.93,16.2,16.35
1316,Gadget_X,450,Premium,M09,3.4,36.5,2,32.3,63.3,Morning,Thu,7,5.3,27.0,28.18
1645,Widget_B,23,Standard,M02,18.4,39.5,4,28.2,77.8,Morning,Mon,2,5.67,1.57,1.56
3638,Widget_C,456,Economy,M10,17.5,35.6,4,27.2,66.2,Afternoon,Sun,1,4.27,49.55,60.14
3378,Widget_C,474,Economy,M09,3.0,38.6,1,36.4,58.6,Morning,Sun,7,3.55,21.41,23.62
3767,Widget_A,496,Standard,M09,5.6,9.8,5,26.6,40.0,Night,Sun,7,0.24,13.5,15.9
1412,Gadget_X,397,Economy,M05,6.2,18.3,3,32.0,41.0,Night,Tue,2,1.54,65.99,59.4
1799,Widget_C,27,Standard,M04,9.5,58.5,3,28.8,68.7,Morning,Tue,3,1.12,2.69,3.21
4123,Gadget_Y,469,Economy,M02,7.2,35.8,2,31.3,23.5,Afternoon,Mon,4,1.63,20.76,25.35
3990,Gadget_Y,455,Premium,M03,20.9,15.7,2,30.2,36.9,Morning,Tue,2,3.6,22.66,21.98
3700,Widget_B,385,Premium,M03,11.7,35.6,1,22.6,,Night,Tue,2,4.79,23.15,24.55
2776,Gadget_Y,496,Standard,M06,17.6,7.2,5,28.8,,Morning,Tue,4,1.81,35.37,33.35
2362,Widget_A,229,Economy,M07,12.3,32.1,1,38.4,43.3,Afternoon,Fri,4,5.18,7.08,6.02
3862,Gadget_Y,164,Standard,M05,18.9,38.5,4,19.2,59.6,Night,Wed,1,3.93,20.14,24.94
2054,Widget_B,190,Premium,M10,6.1,6.9,5,24.0,59.4,Night,Tue,4,0.89,10.56,10.22
1507,Widget_B,27,premium,M07,5.6,27.9,5,32.1,24.9,Morning,Tue,8,,1.5,1.76
3782,Gadget_Y,35,Premium,M08,16.0,55.5,1,24.9,70.5,Morning,Mon,5,4.71,1.64,2.01
2614,Gadget_Y,260,Premium,M08,8.2,18.7,4,29.0,63.6,Afternoon,Tue,6,0.66,12.37,15.09
3643,Widget_B,34,Premium,M07,6.2,34.1,5,25.5,24.6,Morning,Fri,4,3.29,3.34,4.0
3705,Widget_A,274,Standard,M09,24.6,36.5,5,30.9,80.2,Morning,Mon,7,4.39,5.36,6.04
1603,Widget_C,175,Standard,M09,1.5,24.2,2,31.0,79.3,Night,Fri,1,0.31,22.44,26.31
1388,Widget_B,114,Standard,M10,13.0,48.5,2,36.5,38.4,Night,Sun,8,7.23,3.67,4.46
3419,Widget_B,420,Standard,M01,14.3,47.4,3,30.7,75.1,Morning,Sun,8,4.7,14.49,13.29
2375,Gadget_X,326,Economy,M06,21.2,16.8,3,25.9,40.7,Morning,Mon,3,3.07,31.68,30.0
1031,Widget_A,93,Premium,M08,,52.8,2,29.7,54.5,Night,Sat,4,4.98,2.12,2.22
1185,Widget_B,246,Economy,M07,14.9,25.3,3,30.0,43.3,Afternoon,Fri,8,0.98,9.1,10.5
2583,Widget_A,144,Standard,M01,17.6,51.5,3,33.0,59.3,Night,Sat,8,2.27,3.22,3.52
4194,Gadget_Y,418,Standard,M03,11.5,25.3,1,32.3,21.3,Morning,Wed,7,4.84,12.04,13.12
1613,Widget_B,454,Economy,M09,19.5,9.7,3,31.2,60.6,Afternoon,Mon,8,1.98,11.7,12.43
3667,Widget_B,346,Economy,M10,11.1,32.0,2,33.9,25.6,Night,Sun,2,1.54,20.42,20.17
3462,Gadget_Y,449,Premium,M10,11.2,49.8,4,24.0,51.5,Morning,Sun,3,1.28,29.54,33.61
1890,Widget_A,497,Premium,M08,24.5,40.9,1,19.1,66.6,Afternoon,Sun,2,5.46,10.47,12.51
1439,Widget_B,332,Premium,M04,18.2,10.5,4,27.3,36.5,Night,Fri,6,8.18,13.88,16.05
2491,Widget_C,443,Economy,M01,10.2,52.5,3,22.4,58.1,Morning,Thu,4,4.57,31.12,29.2
3510,Gadget_X,311,Standard,M05,2.0,53.2,3,35.0,63.2,Afternoon,Sun,2,,54.6,65.7
4468,Widget_C,413,Standard,M03,6.0,32.4,4,24.0,61.5,Night,Sun,5,2.07,30.81,28.43
1171,Widget_B,290,Standard,M07,18.0,28.9,4,23.8,69.9,Afternoon,Sun,5,8.0,19.53,16.78
1323,Widget_A,116,Standard,M08,1.6,43.7,4,20.4,59.4,Night,Mon,6,1.66,3.07,2.95
1882,Gadget_Y,88,Standard,M08,16.0,7.1,2,27.0,67.7,Afternoon,Fri,8,5.52,2.52,2.25
1747,Widget_C,416,standard,M04,14.0,20.7,3,27.0,73.2,Afternoon,Thu,5,0.31,22.61,20.58
1803,Widget_A,338,Standard,M06,7.0,45.8,1,31.4,66.8,Morning,Thu,4,3.22,8.93,9.28
2462,Gadget_X,390,economy,M08,1.8,21.0,3,24.5,81.7,Morning,Tue,4,6.56,41.11,40.86
2000,Widget_C,104,Premium,M01,21.1,21.8,2,36.5,46.5,Afternoon,Tue,2,2.26,8.97,8.69
4084,Gadget_Y,359,Standard,M01,24.6,36.9,2,28.9,59.2,Afternoon,Tue,7,0.39,12.62,15.39
3611,Gadget_X,179,Economy,M03,4.8,44.8,1,19.1,59.3,Afternoon,Tue,2,3.7,18.21,22.26
1940,Widget_C,157,Economy,M02,2.9,40.3,5,24.9,,Afternoon,Mon,5,2.07,12.28,12.06
2703,Gadget_X,197,Standard,M03,6.6,45.7,3,28.5,89.8,Night,Sat,4,2.85,16.82,18.21
1679,Gadget_X,150,Economy,M06,0.8,44.1,2,32.9,67.6,Morning,Wed,2,0.26,22.02,22.86
4064,Widget_B,318,Premium,M05,14.5,11.1,2,26.0,,Morning,Fri,7,3.74,11.06,13.29
1184,Widget_C,140,Premium,M04,11.0,41.8,3,28.6,40.6,Morning,Thu,6,0.84,7.2,7.15
1034,Gadget_Y,135,economy,M03,22.2,59.9,3,24.7,52.7,Afternoon,Wed,1,3.37,10.87,11.91
1167,Gadget_X,319,Premium,M01,22.4,53.2,1,18.8,65.6,Afternoon,Sun,6,3.3,18.15,17.25
1230,Widget_A,123,Economy,M08,19.7,44.9,1,28.5,,Afternoon,Tue,8,1.16,1.44,1.27
2732,Gadget_X,120,premium,M08,15.9,35.7,4,23.0,91.4,Afternoon,Wed,4,1.38,9.55,9.29
3826,Gadget_Y,93,Standard,M01,21.4,7.7,2,25.9,44.9,Morning,Wed,3,6.1,5.06,5.0
3309,Widget_B,157,Standard,M09,1.1,47.9,3,34.6,57.5,Night,Mon,4,0.35,8.25,9.7
1415,Widget_A,146,Premium,M05,13.3,47.2,3,36.3,68.3,Afternoon,Thu,3,4.28,5.72,4.96
1730,Widget_B,382,economy,M06,20.4,32.8,3,27.8,39.9,Night,Sun,1,3.88,34.95,42.07
2819,Gadget_X,135,Premium,M06,17.8,52.0,4,28.6,63.7,Morning,Wed,4,2.71,15.26,16.27
3622,Gadget_X,293,Standard,M07,20.9,5.6,5,27.3,,Morning,Tue,3,2.35,43.04,49.89
1528,Widget_A,190,Premium,M08,15.5,53.0,3,28.2,,Morning,Sun,4,10.71,4.38,4.19
3532,Gadget_X,248,Premium,M05,3.7,46.9,1,27.5,47.6,Morning,Mon,4,4.4,21.23,21.37
2428,Gadget_X,295,Standard,M03,6.2,13.5,1,28.3,81.9,Night,Tue,1,3.4,36.08,43.76
4294,Widget_B,356,Premium,M10,,48.7,3,30.2,76.5,Afternoon,Wed,5,2.31,11.97,14.41
1271,Gadget_Y,230,Standard,M02,,14.8,4,24.3,51.7,Morning,Thu,2,2.56,15.54,17.45
3270,Widget_A,401,economy,M07,13.2,12.9,4,32.9,66.0,Morning,Mon,1,0.23,19.94,24.82
2692,Widget_B,275,Premium,M04,20.9,8.7,5,33.1,57.0,Afternoon,Sun,8,2.97,9.41,9.2
1694,Widget_A,199,Standard,M06,3.0,52.5,3,29.8,40.0,Morning,Sun,6,6.69,6.26,7.65
2081,Gadget_Y,191,Economy,M06,13.4,32.8,3,27.3,37.9,Morning,Thu,2,2.12,17.07,17.33
1195,Widget_C,327,Premium,M09,11.8,15.5,3,30.9,61.0,Night,Wed,1,1.28,40.91,38.11
2761,Widget_C,75,Premium,M10,9.6,39.1,2,22.5,61.5,Afternoon,Sat,8,2.23,3.46,3.23
1692,Widget_A,229,Standard,M10,16.5,15.0,5,31.7,23.8,Afternoon,Thu,7,8.44,179.58,5.42
2651,Widget_C,472,Economy,M01,14.3,35.2,1,31.9,58.1,Morning,Thu,4,6.71,30.83,27.83
3523,Widget_B,494,Standard,M07,17.7,16.0,4,36.1,32.8,Afternoon,Mon,8,1.85,22.18,19.97
3822,Gadget_X,263,Economy,M02,1.5,22.5,1,23.5,,Night,Tue,7,0.09,14.53,16.69
4201,Widget_A,229,Premium,M08,18.6,16.2,2,21.2,51.7,Night,Fri,8,3.69,3.17,3.8
4134,Widget_C,433,Standard,M06,13.7,14.5,4,26.8,57.0,Afternoon,Mon,5,1.76,36.27,36.38
1444,Gadget_Y,292,Standard,M08,14.9,55.1,2,35.1,71.2,Afternoon,Wed,1,2.21,20.55,23.9
1819,Gadget_X,257,Premium,M07,,9.6,1,27.7,62.8,Morning,Thu,4,6.24,25.94,29.8
2938,Widget_A,416,PREMIUM,M07,16.6,45.0,3,32.0,73.8,Night,Sat,3,3.87,18.45,22.94
4183,Gadget_Y,132,Standard,M09,12.7,48.9,2,25.0,65.4,Morning,Fri,3,2.83,7.21,8.62
1433,Widget_B,291,standard,M03,24.3,45.4,2,27.6,33.6,Morning,Tue,3,0.86,10.53,10.49
2540,Widget_C,246,Standard,M07,15.9,57.6,5,22.5,74.5,Afternoon,Thu,8,2.46,19.6,17.59
3623,Widget_A,218,Economy,M10,2.8,47.0,1,34.7,90.9,Afternoon,Mon,1,3.42,7.9,8.24
2834,Widget_C,291,Standard,M02,11.9,8.3,1,31.4,50.8,Afternoon,Wed,4,,15.46,18.56
4428,Widget_C,67,Standard,M10,20.1,49.8,1,24.7,46.5,Afternoon,Sat,1,3.54,5.26,6.3
1737,Widget_B,182,Standard,M06,4.6,50.7,1,30.3,53.4,Night,Fri,4,6.17,11.58,10.72
4349,Gadget_Y,351,Standard,M01,,49.6,4,26.2,,Afternoon,Tue,5,0.12,21.85,23.57
3603,Widget_A,414,Standard,M07,11.9,39.6,3,27.5,62.5,Morning,Mon,5,6.17,12.5,11.26
1898,Widget_B,262,Standard,M06,10.2,47.3,4,18.2,62.3,Night,Fri,6,3.12,14.2,15.15
4478,Widget_A,207,Standard,M02,23.1,30.5,2,27.9,50.4,Afternoon,Fri,7,4.54,3.12,3.83
2018,Gadget_Y,196,Premium,M05,21.3,13.4,5,32.8,46.0,Night,Tue,8,0.48,11.56,11.03
1280,Widget_C,121,Premium,M07,1.7,7.4,3,33.9,39.5,Night,Fri,6,1.94,10.54,12.56
3175,Gadget_X,246,Standard,M08,11.9,56.7,5,31.1,69.2,Afternoon,Tue,3,1.41,26.8,31.88
3383,Widget_B,295,Standard,M03,,26.6,5,28.6,63.9,Morning,Sun,1,3.1,19.33,16.82
3627,Gadget_Y,139,Standard,M03,18.1,36.2,3,26.7,38.3,Afternoon,Tue,6,4.96,6.3,6.82
1841,Widget_A,414,Standard,M09,1.9,8.6,2,29.6,58.2,Afternoon,Sun,1,9.48,18.13,22.26
2460,Gadget_X,450,Standard,M08,5.8,59.3,1,19.2,54.6,Morning,Sun,5,3.22,23.29,28.3
2457,Gadget_Y,178,Economy,M06,20.3,33.7,4,43.2,,Night,Fri,8,2.34,9.91,10.12
2589,Widget_A,195,Economy,M01,7.3,49.2,5,20.8,40.9,Afternoon,Sat,8,7.84,6.06,5.2
2946,Gadget_Y,412,Standard,M04,19.5,39.1,2,27.4,64.0,Morning,Tue,4,1.9,19.17,16.48
4102,Widget_A,423,Economy,M01,,24.4,5,29.0,48.9,Afternoon,Sat,4,6.06,19.42,16.8
1928,Gadget_Y,440,Standard,M05,16.8,35.8,3,29.5,44.3,Morning,Mon,4,0.21,26.88,23.69
1713,Widget_A,459,Premium,M07,22.9,35.6,3,27.4,54.7,Morning,Wed,8,5.28,9.53,10.75
4277,Widget_B,443,Premium,M02,8.5,29.4,5,24.9,22.8,Afternoon,Wed,2,0.6,25.34,22.31
2002,Gadget_Y,77,Premium,M05,18.0,28.3,4,28.4,,Morning,Sat,2,6.58,7.01,7.55
1081,Widget_A,462,Premium,M03,13.2,15.6,1,21.6,52.9,Morning,Mon,2,0.39,9.72,10.98
3561,Widget_B,387,STANDARD,M03,6.2,41.0,5,16.8,41.4,Morning,Mon,5,2.7,16.96,15.54
3231,Gadget_X,59,Standard,M03,22.6,6.7,3,20.0,67.6,Night,Sun,7,0.89,3.19,3.31
1094,Widget_C,352,Premium,M01,12.7,33.9,3,32.6,58.1,Morning,Wed,1,1.24,39.26,34.39
2643,Widget_B,422,Premium,M09,,27.0,4,20.9,67.5,Afternoon,Thu,4,5.29,24.12,24.1
1539,Widget_C,249,Standard,M04,10.9,59.4,2,26.7,39.0,Night,Thu,6,5.84,13.47,14.83
2770,Gadget_Y,120,Standard,M10,19.3,53.3,3,25.9,,Afternoon,Mon,4,2.8,5.89,5.74
3103,Widget_A,120,Standard,M09,16.6,33.9,2,27.7,66.9,Morning,Tue,3,,2.93,2.68
4115,Gadget_X,395,Premium,M01,12.5,44.8,5,27.1,54.5,Night,Sun,8,4.88,35.5,31.65
4182,Gadget_Y,160,PREMIUM,M04,5.9,22.8,4,13.7,48.6,Morning,Sun,1,1.7,16.91,14.64
2463,Gadget_Y,315,Standard,M06,9.1,8.2,5,29.5,60.6,Morning,Fri,3,0.07,27.95,27.76
4058,Gadget_Y,263,Standard,M03,15.8,30.8,5,30.3,51.9,Morning,Thu,6,2.08,12.49,14.45
1579,Widget_A,110,Standard,M09,3.6,6.9,3,33.4,,Night,Wed,4,,3.54,4.09
4087,Gadget_Y,288,Premium,M07,15.4,27.0,4,34.2,67.9,Night,Tue,8,7.82,16.87,15.58
2961,Widget_A,79,Standard,M03,9.3,32.5,4,31.1,28.4,Morning,Wed,2,5.04,2.8,3.16
4196,Gadget_Y,405,Premium,M04,,45.9,1,22.5,61.0,Morning,Fri,5,2.99,16.44,14.01
2028,Gadget_X,25,Premium,M01,23.3,50.2,1,28.6,11.5,Afternoon,Tue,4,0.82,1.96,1.99
3219,Widget_B,389,Economy,M07,5.7,53.5,3,18.0,76.5,Morning,Sun,2,2.0,32.64,31.9
1479,Gadget_Y,223,Standard,M04,,34.6,4,38.5,81.9,Morning,Sun,8,1.59,10.03,8.91
4409,Widget_A,367,Premium,M09,2.1,56.6,1,32.0,22.7,Afternoon,Tue,8,2.92,6.22,7.15
2968,Widget_B,19,Premium,M08,18.7,38.8,2,26.9,58.3,Night,Tue,7,3.35,0.77,0.76
2072,Widget_A,499,Economy,M05,15.4,27.0,5,28.9,55.1,Morning,Sat,1,4.59,28.08,25.98
1258,Gadget_X,165,Premium,M05,6.4,20.7,3,28.4,41.5,Morning,Sun,4,1.57,18.35,22.1
2378,Widget_A,405,Economy,M02,8.4,39.3,2,24.8,66.5,Night,Thu,4,4.09,9.17,9.05
4007,Gadget_X,391,Standard,M03,22.1,32.3,2,24.7,53.5,Afternoon,Sat,7,0.44,19.67,17.55
2850,Gadget_X,86,premium,M05,7.3,14.5,4,24.2,31.1,Afternoon,Sat,3,6.66,15.92,15.42
1719,Widget_A,499,Premium,M09,10.1,11.3,5,29.3,63.1,Afternoon,Sun,6,4.33,11.93,13.3
2090,Widget_B,453,STANDARD,M05,3.5,18.3,2,28.1,41.6,Afternoon,Sat,7,1.29,18.88,20.37
3495,Widget_A,109,Economy,M09,7.5,38.4,4,31.1,46.9,Night,Tue,4,2.94,3.94,4.53
1239,Gadget_Y,408,Economy,M03,4.3,26.9,1,23.1,50.7,Morning,Mon,3,2.52,22.41,25.15
4364,Gadget_X,255,Premium,M04,21.6,16.0,2,38.4,51.9,Morning,Thu,3,5.06,19.51,18.86
2321,Widget_C,52,Standard,M04,14.5,19.9,4,32.7,53.4,Afternoon,Fri,6,1.94,3.44,3.77
2780,Widget_C,23,Economy,M07,13.0,53.8,1,25.9,45.5,Afternoon,Fri,7,5.2,1.81,1.74
2621,Gadget_X,229,PREMIUM,M08,23.7,13.3,1,25.1,51.7,Morning,Tue,6,5.84,8.63,8.27
2188,Gadget_Y,196,Standard,M04,25.0,25.5,4,30.0,64.5,Morning,Wed,7,4.9,8.15,7.85
1175,Widget_B,495,Premium,M08,19.0,15.6,3,23.6,43.3,Afternoon,Fri,2,0.9,23.0,28.22
2335,Gadget_X,29,Standard,M07,21.8,9.6,5,25.2,,Night,Sun,6,0.28,3.2,2.77
2898,Widget_B,34,STANDARD,M06,5.1,6.2,2,18.2,25.3,Night,Wed,6,2.31,1.76,2.15
3013,Gadget_Y,375,Premium,M08,24.2,57.4,4,24.6,62.3,Morning,Sat,2,0.46,21.47,26.29
3348,Widget_A,68,Standard,M07,17.4,59.8,5,31.4,44.5,Night,Fri,7,3.97,3.03,3.1
2455,Gadget_Y,346,Economy,M04,24.4,59.0,2,24.4,48.4,Morning,Thu,6,4.12,12.92,11.81
2007,Widget_A,393,premium,M10,1.8,5.7,3,25.4,38.1,Night,Fri,3,2.6,13.37,11.39
3896,Widget_A,44,Standard,M03,16.2,27.4,4,27.2,74.2,Morning,Tue,8,2.23,0.87,0.88
1103,Gadget_Y,115,Premium,M01,11.7,54.1,5,21.7,33.3,Night,Sat,1,2.61,16.84,15.3
1394,Gadget_Y,261,Premium,M09,24.0,56.2,1,21.9,38.7,Night,Sun,5,1.39,9.18,10.13
1240,Gadget_Y,470,Standard,M09,22.2,28.3,1,31.1,87.9,Afternoon,Sat,8,10.23,13.63,14.99
1927,Widget_A,237,Economy,M10,19.7,29.0,1,35.6,48.8,Morning,Tue,7,1.86,2.74,2.45
2167,Gadget_X,31,Standard,M05,19.2,13.9,2,25.5,85.1,Afternoon,Wed,2,2.96,3.46,3.76
1352,Widget_C,380,Standard,M10,1.0,55.6,3,24.6,57.6,Morning,Mon,2,2.25,36.79,36.15
4125,Widget_A,136,Premium,M10,1.4,28.4,2,28.9,39.3,Afternoon,Sun,3,2.95,4.17,4.17
1894,Widget_C,263,Premium,M07,23.9,57.8,4,24.7,69.1,Morning,Thu,2,2.36,28.62,24.9
3229,Widget_A,36,Premium,M02,12.8,7.5,5,28.6,39.2,Morning,Mon,4,2.19,0.92,1.04
4190,Widget_B,345,PREMIUM,M07,12.4,17.7,4,26.3,27.7,Morning,Wed,6,4.53,18.31,19.42
1045,Widget_C,401,Premium,M02,5.4,20.5,4,28.1,85.1,Afternoon,Tue,2,2.74,38.87,33.72
3980,Gadget_Y,419,Standard,M01,24.4,25.0,2,23.2,38.6,Morning,Wed,6,0.01,15.13,15.04
3887,Widget_C,337,Standard,M10,12.0,58.8,5,27.8,82.0,Morning,Wed,6,2.36,18.53,21.03
1810,Widget_B,56,Standard,M06,20.7,6.3,3,23.7,59.6,Night,Thu,6,3.55,2.4,2.85
4469,Widget_C,495,Premium,M06,13.4,30.0,2,27.6,89.9,Morning,Mon,4,0.44,32.72,35.46
1322,Gadget_X,330,Standard,M02,9.3,55.6,4,22.8,51.3,Afternoon,Tue,6,1.31,23.24,20.42
4302,Gadget_X,58,Standard,M05,9.2,51.4,3,22.1,52.0,Night,Sat,1,4.58,13.17,11.25
1651,Widget_B,384,Economy,M08,8.8,23.8,1,28.4,53.1,Morning,Sat,4,2.08,10.4,12.95
3425,Gadget_Y,378,Standard,M02,22.3,52.3,2,19.9,68.9,Afternoon,Thu,6,9.77,12.55,13.41
1059,Widget_A,110,Standard,M06,4.6,54.0,3,29.1,,Morning,Tue,7,0.42,3.2,3.09
1403,Gadget_Y,313,Premium,M01,5.3,20.8,5,26.9,86.2,Night,Mon,1,3.94,53.95,56.97
1558,Widget_B,390,Standard,M05,21.4,37.3,3,20.7,61.7,Night,Fri,2,2.49,29.3,26.55
2753,Widget_A,278,Premium,M07,18.5,23.8,3,35.5,51.8,Afternoon,Mon,3,9.03,11.84,10.27
2447,Gadget_X,253,Economy,M04,7.8,38.3,1,21.6,70.9,Morning,Mon,4,1.5,20.64,22.0
3463,Gadget_Y,287,Premium,M07,10.4,51.7,4,28.9,62.1,Afternoon,Sat,5,0.68,22.95,23.45
4166,Widget_A,74,Premium,M04,19.6,24.4,5,29.7,6.9,Morning,Mon,4,0.99,2.1,2.45
3888,Widget_B,158,Premium,M06,11.0,42.1,4,26.4,51.3,Afternoon,Wed,6,,8.12,8.05
3894,Widget_B,481,Premium,M02,11.3,41.6,1,25.3,89.0,Night,Thu,3,3.52,21.5,22.68
1310,Widget_B,297,Economy,M05,2.9,57.8,2,31.7,69.0,Morning,Sun,2,1.84,20.33,19.0
3777,Gadget_Y,163,Premium,M10,11.4,7.0,1,28.4,,Morning,Sun,7,3.49,4.69,4.08
4459,Gadget_Y,228,Economy,M09,23.4,9.9,4,25.5,32.4,Afternoon,Fri,3,1.08,12.63,11.62
2071,Gadget_X,204,Standard,M07,1.7,17.7,4,31.1,81.4,Afternoon,Tue,8,2.9,21.02,20.3
3111,Gadget_Y,51,Standard,M10,21.6,32.0,3,23.5,71.5,Morning,Sat,8,3.04,1.65,1.47
2661,Widget_B,401,Standard,M09,21.0,9.2,2,28.9,54.2,Afternoon,Wed,2,5.51,20.22,24.1
2367,Widget_B,452,Economy,M08,5.3,8.5,1,17.5,38.5,Morning,Fri,2,,17.37,19.63
2056,Gadget_X,208,Premium,M01,14.2,59.4,4,24.5,77.3,Night,Wed,1,2.45,36.64,45.45
2212,Widget_A,319,Standard,M08,13.7,5.7,5,22.6,59.2,Morning,Sun,1,4.02,12.63,12.23
2508,Gadget_Y,269,Economy,M04,13.7,37.8,5,28.2,67.0,Morning,Tue,1,3.12,22.55,22.91
3853,Gadget_Y,382,Standard,M05,5.1,26.7,1,38.3,,Morning,Sun,8,3.88,14.61,12.97
1786,Gadget_Y,377,Economy,M10,16.8,27.8,3,38.5,52.4,Night,Fri,2,4.53,31.01,34.7
1189,Gadget_Y,415,Economy,M08,3.7,6.1,4,36.6,39.4,Afternoon,Mon,5,3.47,31.73,29.25
3965,Widget_B,447,PREMIUM,M09,21.6,44.1,1,26.8,55.4,Night,Mon,1,3.11,20.31,22.23
4439,Widget_C,493,Standard,M03,,32.6,4,24.6,43.8,Morning,Mon,1,4.13,57.65,61.84
3678,Widget_B,411,Standard,M08,1.0,23.2,4,19.0,46.5,Morning,Fri,2,5.8,28.4,28.0
2236,Widget_C,480,Premium,M08,4.7,57.0,3,33.9,32.0,Morning,Fri,5,4.42,27.04,33.08
2374,Widget_B,368,Economy,M04,5.8,36.7,4,30.0,38.2,Morning,Fri,3,2.01,19.52,19.09
3939,Widget_B,316,Standard,M03,4.0,19.6,5,23.9,80.5,Morning,Fri,2,0.87,21.33,19.05
1241,Widget_B,282,standard,M04,7.2,55.9,2,34.3,54.3,Night,Tue,2,,18.68,22.79
2813,Widget_C,136,Economy,M05,16.4,39.5,1,25.7,67.5,Night,Thu,6,5.36,7.01,7.07
4230,Widget_C,114,Economy,M10,18.7,46.4,1,21.7,67.9,Morning,Fri,6,3.68,3.92,3.64
4325,Gadget_Y,57,Premium,M04,,25.9,5,28.4,,Afternoon,Tue,7,8.42,3.38,3.42
2222,Widget_A,388,Standard,M04,16.5,10.4,4,26.5,,Morning,Wed,8,0.38,6.37,7.07
2965,Widget_B,48,Standard,M07,3.3,12.5,2,25.1,37.4,Night,Sat,4,6.85,3.85,3.56
2124,Widget_A,235,Standard,M09,18.4,39.8,3,33.2,66.7,Afternoon,Fri,7,1.05,4.14,4.53
4124,Widget_C,267,Standard,M10,17.1,59.6,2,5.6,54.2,Night,Sun,7,6.38,13.96,12.24
3554,Widget_A,201,Economy,M07,,8.3,5,31.6,56.3,Afternoon,Thu,6,5.29,8.5,7.26
2456,Widget_A,219,Economy,M09,21.6,40.9,5,28.5,37.2,Morning,Thu,6,3.01,5.42,5.35
1153,Widget_C,233,Premium,M09,10.9,23.9,5,28.6,57.4,Morning,Thu,4,,21.82,23.64
3098,Gadget_Y,39,Premium,M08,3.8,5.9,1,19.2,50.2,Night,Mon,5,4.92,2.05,1.91
3359,Widget_B,473,Standard,M02,,49.5,2,25.3,67.8,Afternoon,Fri,1,5.2,32.68,29.13
2042,Widget_C,376,Economy,M02,4.6,18.7,4,25.8,53.0,Morning,Tue,2,3.65,35.88,39.59
2814,Gadget_X,492,Premium,M06,0.6,48.2,2,34.3,54.5,Afternoon,Mon,8,2.74,39.33,37.91
1257,Gadget_X,238,Economy,M10,20.0,35.4,2,33.4,31.5,Morning,Sat,6,1.18,12.26,13.81
1347,Widget_A,319,Premium,M01,10.3,15.5,3,12.2,61.7,Morning,Tue,4,0.07,8.52,9.84
2503,Gadget_Y,364,Economy,M05,11.8,44.4,5,23.8,46.9,Afternoon,Thu,6,4.2,31.1,27.9
2733,Gadget_X,146,Standard,M08,14.9,8.9,1,30.8,50.1,Morning,Wed,4,5.73,8.23,8.53
4339,Widget_B,36,Economy,M06,,58.5,1,26.4,39.3,Morning,Wed,3,0.04,2.32,2.01
1512,Widget_B,369,PREMIUM,M03,18.5,19.9,3,26.9,78.2,Morning,Wed,1,5.17,19.67,22.24
4412,Widget_C,137,Standard,M06,19.3,12.5,5,28.7,37.6,Morning,Tue,8,3.91,9.38,10.25
2607,Gadget_Y,392,Standard,M09,10.3,9.1,4,32.8,66.7,Afternoon,Wed,3,3.83,27.56,25.56
3670,Widget_C,315,Premium,M07,20.2,12.7,1,24.4,31.8,Night,Sat,5,0.26,19.1,18.17
2235,Gadget_X,199,economy,M02,14.1,25.8,1,38.5,60.8,Night,Tue,4,0.65,13.44,16.1
2205,Gadget_X,208,Premium,M07,22.4,39.2,3,29.4,44.9,Morning,Sun,5,1.07,18.43,18.16
2398,Gadget_Y,125,Economy,M02,6.9,36.8,3,25.7,85.9,Afternoon,Tue,4,3.74,6.9,7.91
1179,Widget_C,229,Standard,M05,5.9,45.6,2,34.9,47.8,Afternoon,Sun,4,2.08,22.69,22.14
4499,Gadget_Y,445,Standard,M09,16.7,46.1,5,25.2,61.1,Afternoon,Mon,2,3.7,38.07,44.09
4396,Gadget_Y,203,Standard,M07,18.3,27.2,5,27.1,53.2,Morning,Tue,4,5.52,18.21,16.9
4089,Widget_A,319,Premium,M05,17.6,42.4,3,30.5,45.2,Morning,Sat,1,1.05,14.84,18.34
4002,Widget_B,414,Standard,M03,6.5,59.1,2,33.8,62.1,Morning,Thu,4,2.1,17.78,20.51
1600,Gadget_X,99,Standard,M06,15.7,7.1,2,28.6,67.5,Morning,Sat,8,2.24,6.41,5.98
2158,Widget_C,171,Premium,M02,5.3,54.7,1,23.9,62.0,Afternoon,Sun,8,2.99,6.39,6.77
2672,Gadget_Y,352,Premium,M03,1.0,35.3,5,35.0,85.3,Afternoon,Fri,7,4.33,22.62,28.21
3371,Gadget_Y,470,Premium,M04,18.3,31.4,1,25.4,74.0,Morning,Mon,5,1.75,16.64,16.3
2256,Widget_A,256,Standard,M09,18.0,31.1,2,32.0,60.0,Night,Wed,6,,4.74,5.26
4106,Gadget_Y,294,Standard,M09,23.2,47.7,4,30.9,48.5,Morning,Tue,6,0.72,11.42,10.05
4005,Widget_C,350,Economy,M05,7.1,11.3,1,32.0,53.5,Afternoon,Thu,6,0.66,20.51,25.33
1015,Widget_C,107,Standard,M04,12.8,40.6,1,30.2,62.9,Afternoon,Wed,1,3.57,9.94,11.82
4374,Widget_B,154,Premium,M04,15.3,32.5,4,28.0,32.2,Afternoon,Sat,5,3.28,7.28,6.81
1174,Gadget_Y,196,Standard,M09,7.9,34.8,5,30.8,26.6,Morning,Tue,4,7.15,14.32,14.88
2612,Widget_A,94,Standard,M04,7.2,53.2,5,30.5,66.8,Morning,Mon,6,5.73,2.78,3.27
1332,Widget_C,3000,Premium,M01,11.4,55.0,5,30.7,,Night,Wed,4,3.36,26.99,24.92
2404,Widget_A,16,STANDARD,M02,13.8,28.3,1,30.8,60.3,Afternoon,Fri,4,1.93,0.49,0.54
2578,Widget_B,382,Standard,M09,12.4,56.0,1,28.5,,Night,Wed,3,6.28,20.89,20.21
1597,Widget_A,184,Premium,M03,2.2,31.1,5,26.8,65.8,Morning,Mon,5,6.87,5.2,6.32
4221,Widget_C,87,PREMIUM,M01,10.7,10.5,3,21.3,37.5,Afternoon,Mon,3,3.29,7.2,7.02
2993,Gadget_Y,78,Standard,M07,10.7,51.9,5,29.6,70.1,Morning,Mon,2,,10.92,12.29
3758,Widget_A,58,PREMIUM,M04,3.1,36.5,2,41.6,44.9,Afternoon,Tue,2,7.96,2.87,3.14
2386,Gadget_Y,430,Standard,M04,14.2,20.1,2,34.8,35.3,Afternoon,Mon,4,4.89,22.57,20.77
1722,Gadget_Y,473,Standard,M10,,23.0,2,30.3,59.6,Afternoon,Mon,1,5.5,40.04,36.03
4370,Gadget_X,25,Economy,M10,6.8,59.0,2,29.2,,Afternoon,Thu,6,4.36,2.3,2.46
4410,Widget_A,484,Standard,M03,12.0,41.6,3,26.9,85.1,Afternoon,Mon,4,5.64,11.11,10.88
3747,Widget_C,127,Standard,M09,,11.5,2,27.4,34.9,Afternoon,Thu,7,10.11,7.9,7.39
3757,Widget_C,1500,Standard,M06,19.2,56.8,4,23.9,58.4,Night,Sat,2,0.04,18.76,16.45
1325,Widget_A,51,Premium,M03,3.9,25.7,3,33.2,56.8,Afternoon,Tue,2,1.75,2.22,2.17
2875,Widget_A,356,STANDARD,M07,5.3,10.3,3,31.6,42.7,Morning,Mon,1,7.23,20.88,24.75
2164,Widget_B,45,standard,M02,11.1,43.6,2,43.3,72.2,Night,Mon,8,0.37,1.65,1.96
3995,Widget_C,251,Standard,M01,,45.2,1,25.5,65.0,Night,Sat,5,5.26,13.79,13.98
1064,Gadget_Y,347,Standard,M04,12.0,5.5,5,32.3,69.3,Afternoon,Tue,4,5.98,27.46,25.66
1267,Gadget_X,295,Premium,M08,10.3,40.9,5,21.1,39.2,Afternoon,Wed,5,0.47,23.75,23.64
3269,Widget_C,23,Premium,M02,13.3,8.6,4,31.3,62.3,Afternoon,Sun,2,1.07,1.97,1.95
3900,Widget_B,275,Standard,M05,6.1,52.3,2,34.6,40.6,Afternoon,Fri,4,4.89,16.18,14.45
1158,Widget_A,346,Economy,M07,11.5,18.3,1,29.2,58.8,Afternoon,Mon,4,3.39,8.95,8.3
1922,Gadget_Y,390,Standard,M06,7.7,24.8,1,20.4,17.2,Afternoon,Mon,3,6.95,29.38,32.65
1062,Widget_A,13,Premium,M04,24.3,38.3,4,17.5,55.1,Afternoon,Sat,4,3.17,0.64,0.79
1568,Gadget_Y,193,Premium,M08,,56.6,4,23.6,43.8,Morning,Mon,8,8.97,6.47,7.16
1782,Widget_C,31,Premium,M03,17.4,39.1,2,28.8,77.1,Afternoon,Mon,4,0.75,1.79,2.05
1255,Gadget_Y,278,Standard,M03,11.4,22.6,1,29.7,43.0,Morning,Sat,2,2.61,13.83,12.17
3391,Widget_B,155,Standard,M08,11.9,57.5,1,24.4,51.5,Night,Tue,4,1.01,137.32,4.62
1606,Gadget_Y,438,Standard,M05,17.0,43.8,1,27.2,81.3,Night,Wed,3,,27.07,27.42
4032,Gadget_Y,235,economy,M07,21.5,37.4,5,32.6,82.2,Night,Thu,4,5.12,23.46,20.93
2748,Widget_C,289,premium,M03,9.3,20.0,3,24.4,43.5,Afternoon,Fri,6,4.68,15.11,17.7
1125,Gadget_Y,41,Standard,M06,20.5,41.0,5,29.5,62.6,Morning,Tue,3,7.8,4.16,4.35
4449,Gadget_X,301,Standard,M05,,19.7,1,23.3,59.4,Morning,Wed,8,5.08,16.13,18.71
4022,Widget_B,83,Premium,M09,12.4,43.6,1,31.4,63.3,Afternoon,Thu,5,6.65,3.43,3.76
1264,Gadget_Y,255,premium,M07,16.7,11.4,2,16.4,61.6,Morning,Thu,8,5.35,9.72,9.41
1622,Gadget_Y,69,Premium,M03,7.8,53.9,3,20.1,61.3,Morning,Thu,6,3.93,3.39,4.06
1555,Widget_B,456,Premium,M05,6.8,19.8,4,28.5,60.7,Morning,Mon,4,2.8,32.51,37.7
2675,Widget_A,204,Premium,M01,18.8,50.8,5,24.9,62.3,Morning,Wed,4,3.42,5.22,5.77
2445,Widget_A,73,STANDARD,M07,21.5,5.4,2,33.2,66.0,Morning,Mon,5,7.96,1.76,1.79
2862,Widget_A,475,Standard,M01,23.2,16.7,2,24.7,87.0,Afternoon,Thu,3,0.39,11.25,11.14
4242,Widget_A,230,Standard,M09,18.4,33.5,5,20.9,73.2,Night,Sat,7,2.91,5.47,6.64
2671,Widget_B,145,Economy,M02,11.9,14.6,3,29.1,58.0,Afternoon,Wed,8,5.23,4.48,4.33
3341,Widget_C,225,Economy,M03,1.5,37.5,3,19.3,61.8,Afternoon,Tue,1,1.47,26.02,27.45
3487,Widget_C,388,Economy,M02,3.8,16.0,5,34.3,37.2,Night,Fri,4,4.14,38.22,43.29
1089,Widget_A,364,Standard,M08,5.2,15.8,3,30.4,44.4,Afternoon,Sat,3,2.38,10.58,11.72
2085,Widget_A,293,Standard,M08,4.7,36.6,1,40.6,36.9,Morning,Tue,2,2.73,7.05,8.15
3904,Gadget_Y,128,Premium,M05,16.5,48.7,5,27.0,62.1,Night,Mon,7,6.28,8.75,9.3
3649,Widget_A,50,Standard,M03,13.7,44.9,3,21.2,59.9,Morning,Thu,5,2.14,1.43,1.63
3514,Widget_B,25,Premium,M08,,20.5,1,28.7,57.4,Afternoon,Thu,3,2.49,1.37,1.57
2024,Widget_A,481,Economy,M08,18.1,40.6,2,24.5,,Morning,Thu,1,1.29,12.3,15.35
2229,Gadget_Y,364,Standard,M04,10.3,25.8,3,23.9,52.6,Afternoon,Thu,7,3.89,16.67,20.59
1464,Gadget_Y,185,Premium,M01,3.4,49.2,2,27.1,68.4,Morning,Sun,4,2.22,10.84,9.26
3750,Widget_A,311,Standard,M07,23.0,55.3,5,33.3,51.3,Morning,Tue,1,0.49,17.05,15.19
2721,Widget_B,293,Economy,M02,19.9,44.0,3,27.3,49.4,Afternoon,Thu,1,0.38,15.24,17.6
2118,Widget_B,82,Premium,M06,19.9,43.1,4,27.8,72.5,Morning,Thu,8,5.09,2.93,2.78
4027,Widget_B,243,Standard,M08,12.5,42.2,4,28.4,63.2,Night,Sat,1,2.85,17.85,21.88
4170,Gadget_X,35,Standard,M02,15.6,53.9,2,25.4,34.7,Afternoon,Thu,2,0.46,2.7,2.89
1431,Widget_A,499,Economy,M09,14.3,57.5,5,30.8,69.4,Night,Sat,6,8.76,15.29,16.8
1451,Widget_A,190,premium,M08,11.3,9.2,2,19.9,43.4,Afternoon,Sun,7,2.53,2.54,2.73
1121,Widget_B,328,Standard,M02,2.6,56.5,1,20.3,66.8,Afternoon,Fri,3,4.97,15.04,17.55
3686,Widget_C,51,Premium,M04,9.6,35.3,3,30.5,55.2,Afternoon,Sun,6,0.87,2.93,2.9
2840,Widget_C,143,Economy,M09,22.0,32.2,2,22.0,64.0,Morning,Wed,2,3.45,8.99,10.11
1949,Widget_A,155,Economy,M08,16.0,12.9,1,35.5,,Night,Sun,1,1.5,4.43,5.09
2584,Widget_A,180,Standard,M03,6.4,24.6,5,32.6,74.9,Night,Thu,7,2.77,5.03,6.0
3349,Widget_C,41,Economy,M09,17.2,24.6,5,30.5,35.4,Afternoon,Sat,3,3.04,3.83,3.88
4466,Gadget_Y,480,Premium,M03,4.5,43.7,4,19.5,38.9,Morning,Sat,5,0.55,23.27,28.6
3998,Widget_A,60,Standard,M03,13.1,13.2,1,37.9,56.7,Night,Tue,4,6.18,1.13,0.97
2564,Gadget_Y,402,Economy,M04,,16.3,3,30.0,,Afternoon,Sat,6,0.27,15.26,16.14
1284,Widget_B,476,Economy,M09,17.3,48.5,4,36.8,,Night,Mon,2,5.42,36.94,31.64
1817,Widget_B,491,Premium,M05,19.9,16.2,2,28.5,70.5,Afternoon,Sun,5,0.47,15.23,16.21
1275,Widget_C,278,Economy,M03,18.2,7.7,2,25.4,77.8,Afternoon,Tue,4,2.48,12.84,11.78
4298,Widget_A,179,Premium,M07,16.5,10.5,5,25.7,59.8,Morning,Wed,8,2.31,3.86,3.31
3054,Widget_C,192,Standard,M01,11.5,8.8,1,28.9,59.1,Morning,Wed,4,2.53,10.27,10.48
2296,Gadget_Y,373,Premium,M09,14.1,30.0,3,29.3,59.2,Night,Sat,6,3.55,18.35,18.45
1110,Widget_C,98,Standard,M07,22.4,49.5,5,17.6,66.9,Morning,Tue,4,5.86,11.29,11.74
2174,Gadget_Y,226,Economy,M09,15.5,52.4,4,31.8,72.5,Morning,Fri,4,4.49,11.25,13.25
1788,Widget_C,276,Premium,M08,14.5,21.3,1,21.0,66.6,Afternoon,Sun,2,,15.67,13.6
1150,Gadget_X,205,Standard,M09,18.6,27.1,1,34.5,,Night,Mon,7,,11.62,14.01
1215,Widget_B,136,Standard,M01,13.5,41.8,3,27.7,52.1,Night,Thu,4,9.07,7.84,8.2
1970,Widget_C,240,Standard,M04,15.2,51.7,4,28.0,92.8,Morning,Sun,4,0.2,15.88,14.8
3756,Gadget_Y,327,Premium,M06,0.8,34.2,5,31.2,77.5,Afternoon,Sat,7,2.35,25.19,25.47
3953,Widget_B,19,Premium,M05,21.3,49.3,5,31.0,43.9,Morning,Sun,2,1.61,1.82,2.1
3872,Gadget_Y,201,Standard,M06,24.8,26.9,5,25.8,57.9,Afternoon,Tue,1,3.93,23.21,26.63
1424,Widget_A,246,Standard,M09,5.7,21.8,5,24.0,,Morning,Tue,8,1.01,4.78,4.35
2238,Widget_A,433,Standard,M01,13.4,26.0,3,24.6,60.1,Night,Fri,2,8.18,20.04,23.92
1369,Gadget_Y,37,Standard,M10,3.6,40.6,3,26.8,33.4,Morning,Tue,7,4.22,1.69,1.67
2843,Gadget_Y,73,Standard,M01,19.9,52.4,1,33.6,75.9,Night,Sat,2,6.66,5.39,4.9
3324,Gadget_X,351,standard,M02,9.3,32.6,2,27.1,62.6,Morning,Wed,8,1.48,15.97,17.07
3958,Widget_C,301,Premium,M05,16.6,59.1,1,23.5,35.5,Morning,Thu,1,,27.99,27.45
3280,Widget_A,102,Standard,M10,8.7,29.6,4,29.1,67.0,Morning,Sun,5,0.75,2.54,2.51
2657,Widget_A,86,Standard,M09,2.0,10.2,4,25.6,29.3,Morning,Sat,4,1.98,2.42,2.24
1926,Widget_B,408,Premium,M07,17.0,58.1,2,26.4,69.9,Night,Thu,6,0.98,17.3,20.24
2420,Gadget_Y,63,Premium,M03,9.9,27.2,3,20.2,78.2,Morning,Fri,5,2.02,3.44,3.92
2610,Gadget_X,34,Economy,M09,16.0,5.2,1,29.9,64.7,Night,Wed,5,1.09,2.22,2.13
4413,Gadget_X,188,Premium,M06,11.6,15.5,4,33.2,72.2,Night,Sun,2,7.44,35.1,34.29
3072,Widget_A,201,Standard,M02,12.6,29.7,5,33.4,41.3,Morning,Sat,7,,3.75,4.12
1046,Gadget_Y,102,Standard,M03,18.8,33.7,3,33.3,56.2,Night,Fri,8,1.21,4.28,5.01
2841,Widget_B,160,Standard,M01,14.5,24.1,5,30.9,76.5,Afternoon,Sat,7,7.53,7.9,7.86
4176,Widget_C,246,Premium,M06,2.0,11.0,1,28.5,,Night,Wed,3,,21.41,26.46
3834,Gadget_Y,331,Standard,M05,16.9,7.0,5,29.3,59.5,Night,Fri,6,1.32,24.29,26.13
1443,Widget_B,451,Standard,M06,1.3,18.9,1,27.8,81.1,Morning,Tue,5,6.18,24.63,28.72
2135,Widget_B,420,Premium,M03,15.5,36.2,5,23.0,57.6,Afternoon,Mon,4,0.62,18.71,18.58
1219,Gadget_Y,222,Standard,M03,10.5,34.3,2,34.7,51.9,Night,Sat,5,6.17,10.82,12.01
2984,Widget_A,146,Economy,M07,4.0,46.3,1,35.7,52.6,Night,Fri,8,0.25,3.7,4.1
2994,Widget_A,256,Standard,M02,14.2,26.2,3,25.7,45.8,Night,Thu,2,4.59,8.84,9.19
2740,Widget_A,311,Standard,M01,4.9,13.6,1,28.6,,Afternoon,Thu,6,0.25,5.35,5.05
3005,Widget_C,118,Standard,M10,11.6,11.2,1,22.6,110.7,Night,Fri,7,9.08,6.36,6.96
3829,Gadget_X,55,Economy,M03,21.4,9.3,4,24.7,,Morning,Sat,4,9.22,5.23,5.06
4358,Widget_B,205,Standard,M08,24.9,33.9,1,31.2,86.7,Morning,Thu,4,1.72,4.88,5.32
1333,Widget_A,490,Premium,M01,6.5,48.5,1,44.9,45.3,Morning,Sun,4,3.8,9.94,9.45
1252,Gadget_Y,483,Premium,M02,16.3,25.5,5,32.6,47.9,Night,Wed,2,0.48,35.98,41.01
1355,Gadget_Y,314,Premium,M04,21.0,24.7,3,20.4,50.4,Afternoon,Wed,4,2.02,16.91,20.55
4126,Widget_C,494,Standard,M08,14.4,14.7,1,28.4,62.8,Afternoon,Wed,5,9.96,25.71,31.49
1950,Gadget_X,462,Premium,M05,17.3,31.5,3,43.7,52.1,Afternoon,Sat,1,1.56,73.18,88.25
3703,Widget_B,116,Premium,M04,22.5,35.0,3,22.8,87.9,Afternoon,Sun,4,3.74,4.7,4.27
3043,Widget_A,166,Standard,M01,12.3,31.4,3,26.8,,Morning,Wed,1,2.67,7.15,6.09
3064,Gadget_Y,79,Standard,M05,2.3,16.5,1,29.8,,Morning,Mon,2,3.37,6.68,8.08
1681,Widget_B,323,Economy,M09,,55.1,5,21.2,63.7,Afternoon,Wed,8,2.48,11.93,11.06
1743,Widget_C,131,Standard,M02,0.9,53.7,4,35.1,44.9,Morning,Tue,2,2.71,12.73,15.69
3060,Widget_B,368,Standard,M01,20.3,20.6,4,20.9,64.0,Morning,Sat,5,4.37,15.08,15.14
1791,Gadget_X,499,Standard,M03,13.2,7.3,5,31.8,74.5,Night,Sun,8,1.41,38.29,41.12
1680,Widget_A,463,Economy,M07,10.3,26.0,4,34.8,30.1,Afternoon,Sun,7,2.91,15.01,18.12
4329,Widget_C,448,Standard,M10,12.8,55.6,5,16.0,35.3,Night,Thu,2,7.49,62.5,75.69
1677,Widget_C,297,Premium,M09,9.7,54.5,2,23.7,61.3,Afternoon,Tue,4,4.77,23.35,21.89
2877,Widget_A,254,Standard,M10,5.6,33.2,2,22.6,45.4,Morning,Wed,6,5.21,5.4,5.16
2511,Widget_A,48,Standard,M06,9.6,14.7,3,33.8,44.8,Morning,Sat,5,3.81,1.58,1.37
3956,Gadget_X,121,Standard,M02,22.0,51.5,2,34.0,73.4,Morning,Fri,1,3.3,10.27,12.38
2718,Gadget_Y,150,Standard,M06,3.7,28.2,1,32.6,,Afternoon,Thu,2,5.86,14.47,16.65
1409,Gadget_X,481,Economy,M05,18.4,56.9,1,33.9,43.3,Afternoon,Wed,5,7.48,35.94,43.89
3644,Widget_A,110,Standard,M02,23.8,41.7,1,33.2,60.0,Morning,Sat,8,3.0,1.02,0.9
3541,Widget_B,32,Economy,M09,20.8,16.8,4,32.1,52.8,Night,Mon,7,3.85,1.31,1.44
3247,Widget_C,265,economy,M05,19.8,13.0,5,27.6,33.4,Morning,Thu,4,1.28,22.65,23.89
3564,Widget_C,96,Economy,M03,4.1,33.4,5,21.5,39.3,Night,Thu,5,5.93,10.05,10.75
1001,Widget_A,285,Standard,M06,19.3,22.4,5,24.5,68.8,Morning,Tue,8,2.13,7.07,7.71
3874,Widget_A,1500,Standard,M08,21.2,39.6,4,31.6,70.5,Night,Tue,8,3.34,7.24,8.59
4385,Gadget_Y,477,Premium,M04,4.9,30.3,1,34.2,60.6,Afternoon,Sat,4,3.3,21.44,21.65
1818,Widget_B,246,Economy,M06,14.2,57.0,1,25.3,32.4,Night,Sat,8,3.97,9.15,11.4
3819,Widget_B,214,premium,M05,10.6,22.6,1,25.9,51.6,Morning,Wed,5,5.02,9.05,9.75
1806,Widget_C,92,Economy,M07,,11.1,3,26.7,52.7,Night,Sat,8,2.58,7.54,8.89
1248,Gadget_X,183,Standard,M01,21.3,54.6,5,31.0,66.3,Night,Sat,2,5.29,29.71,30.46
3562,Gadget_Y,106,Standard,M06,13.8,30.6,5,36.9,50.0,Morning,Thu,5,0.66,7.39,6.99
1813,Widget_B,224,Premium,M05,11.8,7.8,5,25.7,67.3,Afternoon,Wed,5,2.51,14.25,15.9
3108,Widget_C,229,Standard,M08,16.1,45.7,2,17.8,74.0,Afternoon,Sat,4,3.36,13.16,12.66
2423,Widget_C,362,Standard,M04,10.7,15.6,4,25.9,70.7,Morning,Sat,4,2.79,27.87,25.26
3432,Widget_C,328,Premium,M04,6.5,42.4,5,30.8,46.8,Afternoon,Tue,4,1.21,30.78,33.89
1176,Gadget_X,200,premium,M10,11.1,34.6,3,18.7,48.1,Morning,Thu,1,5.02,25.85,25.01
1279,Widget_B,158,Standard,M08,3.3,24.1,5,36.2,71.2,Morning,Wed,6,3.46,6.74,7.43
1760,Gadget_Y,15,Premium,M10,18.6,11.8,5,25.8,23.8,Morning,Mon,4,4.58,0.89,0.84
2978,Widget_C,24,Standard,M02,13.6,44.6,5,27.8,44.8,Afternoon,Fri,8,6.07,1.56,1.54
2095,Gadget_Y,370,economy,M09,14.2,38.5,4,21.0,45.7,Night,Thu,3,5.89,31.45,36.95
3526,Gadget_Y,159,Standard,M02,17.2,52.1,5,28.8,52.9,Night,Tue,8,5.85,7.47,7.17
3239,Widget_C,470,Standard,M10,5.4,23.8,5,31.7,68.0,Morning,Sun,4,5.15,40.75,37.35
1417,Widget_B,409,Economy,M03,18.3,28.5,2,18.4,53.0,Night,Tue,6,2.71,12.48,11.12
1998,Gadget_Y,146,Standard,M08,4.5,11.1,4,18.8,71.1,Morning,Tue,2,3.89,11.86,14.19
1218,Widget_B,263,Standard,M10,19.9,58.9,2,27.7,54.7,Morning,Wed,6,,6.72,7.76
3790,Widget_A,262,Premium,M06,8.9,40.6,5,39.5,42.0,Morning,Tue,2,0.08,11.4,10.42
1965,Widget_A,189,Standard,M03,14.6,11.4,5,30.7,47.4,Night,Thu,8,6.37,5.82,5.32
1552,Widget_A,214,Economy,M02,1.9,38.8,5,23.4,55.2,Afternoon,Sat,3,5.87,7.67,6.88
3634,Widget_C,98,Standard,M07,10.0,10.6,1,24.6,47.3,Morning,Thu,2,3.13,9.36,9.79
1979,Widget_A,18,Standard,M05,13.3,25.8,3,30.1,57.3,Afternoon,Fri,6,0.52,0.67,0.63
2136,Gadget_Y,395,Standard,M10,20.6,56.3,2,32.0,44.9,Afternoon,Mon,6,3.64,13.46,12.19
2012,Widget_B,424,Economy,M05,21.5,34.5,3,24.1,67.0,Afternoon,Thu,6,4.73,17.26,18.25
1450,Widget_A,114,Standard,M04,2.2,30.1,3,31.2,41.6,Morning,Sun,3,3.24,3.29,3.25
2117,Widget_A,433,Standard,M08,18.3,24.9,4,27.5,48.6,Afternoon,Thu,6,5.6,9.78,11.25
3568,Widget_C,343,Economy,M06,9.2,23.8,2,35.4,50.9,Night,Thu,1,1.2,44.65,49.76
3753,Widget_C,417,Premium,M07,19.5,9.8,1,27.1,80.0,Night,Thu,1,1.95,51.96,44.5
1434,Widget_B,413,Premium,M05,2.2,9.0,5,31.4,54.4,Morning,Sun,3,7.22,40.73,36.34
3453,Widget_C,256,Economy,M10,1.5,53.0,5,24.8,68.2,Night,Thu,5,0.28,23.89,24.37
1372,Gadget_X,128,Standard,M05,19.9,48.3,3,20.2,44.0,Night,Thu,7,6.74,11.53,12.14
3890,Widget_A,276,Standard,M01,14.8,50.9,5,31.3,52.6,Afternoon,Fri,6,1.25,8.44,9.52
3113,Gadget_Y,200,Standard,M06,8.5,17.8,5,25.7,35.7,Night,Sat,5,4.48,18.0,15.54
1595,Widget_A,17,Premium,M01,4.8,24.8,5,33.3,34.4,Afternoon,Mon,4,6.88,1.08,0.99
2666,Widget_B,397,Economy,M07,22.1,40.8,2,31.6,,Morning,Wed,6,8.87,16.61,19.35
2284,Gadget_X,349,Premium,M05,16.3,57.2,5,29.1,55.4,Night,Fri,7,1.91,35.59,35.02
3223,Gadget_Y,347,Premium,M05,20.5,7.4,4,28.8,45.5,Morning,Sun,3,3.52,28.54,35.17
2048,Widget_B,468,Economy,M03,9.7,42.7,1,26.7,61.3,Afternoon,Wed,1,3.66,22.84,21.68
3867,Widget_C,144,Premium,M09,7.4,56.3,4,32.5,42.8,Night,Wed,7,1.07,10.13,10.22
2160,Widget_B,323,Standard,M05,7.2,18.9,2,22.9,62.7,Afternoon,Fri,1,4.69,28.46,33.54
1247,Gadget_Y,288,Economy,M10,3.4,37.1,4,31.8,72.7,Afternoon,Thu,5,4.29,20.11,21.27
1506,Widget_A,100,Standard,M08,19.5,16.2,4,29.8,54.0,Morning,Fri,6,,2.0,1.96
2430,Gadget_X,282,Standard,M03,2.6,55.6,4,21.8,35.0,Morning,Thu,2,1.6,35.21,33.06
3465,Widget_C,2000,Economy,M02,20.8,43.8,2,28.2,51.0,Morning,Sat,4,1.29,2.79,2.82
3315,Gadget_Y,497,Premium,M01,2.6,34.1,1,34.1,62.7,Morning,Sun,8,10.66,20.88,20.59
4034,Widget_B,189,Premium,M06,22.0,8.7,2,31.3,82.8,Afternoon,Sat,3,3.67,8.67,9.68
3109,Widget_A,89,Premium,M09,9.4,19.0,1,29.6,65.3,Morning,Mon,1,2.07,2.63,3.2
1795,Widget_B,85,Premium,M07,2.0,32.2,2,32.3,27.8,Morning,Mon,3,1.82,5.2,6.34
1574,Widget_B,85,Premium,M07,7.0,17.8,2,41.3,28.6,Night,Thu,3,0.53,6.27,7.38
3130,Gadget_Y,448,Standard,M01,12.5,8.6,2,25.9,61.6,Morning,Sun,5,5.23,22.32,26.14
2908,Widget_C,151,Standard,M03,,43.2,3,25.8,29.3,Morning,Tue,7,,6.07,6.61
1953,Widget_A,39,Standard,M02,6.2,57.3,2,29.1,68.3,Morning,Mon,4,4.34,1.4,1.23
2035,Gadget_Y,138,Standard,M06,14.2,19.7,5,33.7,49.4,Night,Sat,5,2.03,12.33,11.42
3869,Widget_C,78,Standard,M10,22.7,58.2,1,30.2,46.0,Afternoon,Sun,8,0.01,2.24,2.18
2026,Gadget_X,361,Standard,M01,11.2,13.9,4,24.7,,Morning,Tue,7,2.41,27.72,31.39
4031,Widget_A,288,premium,M04,23.0,25.8,4,27.3,78.2,Night,Sat,8,2.07,4.51,4.5
3405,Widget_C,483,economy,M10,14.0,12.2,5,27.5,66.8,Afternoon,Mon,2,10.06,64.56,69.6
1486,Widget_B,152,Premium,M03,4.3,32.0,3,32.1,62.1,Morning,Sat,2,2.69,8.74,9.41
3092,Widget_C,279,Standard,M09,16.0,54.7,1,43.7,25.9,Night,Sat,6,7.82,14.4,17.2
2802,Gadget_X,412,Standard,M06,19.3,39.4,2,26.9,65.4,Morning,Wed,6,7.1,29.06,34.46
1259,Widget_B,3000,Standard,M04,,17.8,5,32.5,54.0,Afternoon,Fri,6,4.88,24.45,22.19
2809,Widget_C,46,Economy,M09,15.8,39.0,2,23.1,53.5,Night,Thu,2,3.37,4.32,4.17
2107,Widget_A,372,Standard,M04,9.5,48.2,4,18.9,80.6,Afternoon,Wed,8,3.39,8.54,7.59
2314,Widget_A,95,Standard,M02,1.3,26.1,1,21.2,84.0,Morning,Fri,5,3.77,1.62,1.49
2963,Widget_B,370,Standard,M02,16.2,12.6,5,31.1,84.8,Afternoon,Sat,7,4.94,13.34,14.71
3544,Gadget_Y,400,Premium,M10,15.3,31.0,1,33.4,44.0,Morning,Sat,6,2.46,11.84,13.57
4237,Widget_C,386,Standard,M01,22.2,31.0,1,29.4,50.0,Morning,Sat,7,5.19,16.34,15.15
4472,Widget_C,165,Economy,M09,14.2,37.3,5,32.7,54.3,Night,Mon,1,2.3,21.36,26.3
4178,Widget_B,228,Standard,M10,10.0,47.0,4,25.6,,Night,Fri,6,2.74,9.59,9.64
3404,Widget_A,414,Premium,M01,11.1,38.1,5,32.3,25.8,Afternoon,Fri,4,2.24,15.64,18.23
3282,Widget_B,94,Standard,M10,23.4,24.3,1,26.2,,Afternoon,Tue,1,2.09,4.43,4.0
3380,Gadget_X,155,Standard,M03,14.6,29.3,2,29.5,55.5,Afternoon,Sat,5,3.19,11.46,13.68
3417,Widget_A,29,Standard,M03,5.4,29.8,3,26.2,53.6,Afternoon,Mon,4,2.35,0.84,1.0
2534,Widget_B,266,Standard,M06,,39.2,2,29.0,39.1,Afternoon,Tue,6,0.37,9.79,10.2
2092,Gadget_Y,305,Standard,M04,8.5,56.6,4,23.4,80.6,Morning,Thu,7,,14.91,17.56
1297,Widget_C,426,Premium,M06,11.3,52.7,1,29.8,75.9,Night,Thu,2,4.18,43.56,41.12
2884,Widget_A,121,Premium,M08,23.7,41.1,3,31.6,31.9,Afternoon,Fri,8,6.21,1.67,1.62
1508,Gadget_Y,158,Premium,M03,11.6,34.7,5,27.7,59.4,Afternoon,Wed,2,1.75,11.91,14.02
1008,Widget_C,282,Standard,M01,1.1,42.9,4,29.1,67.1,Morning,Fri,1,3.99,40.94,44.72
3981,Widget_A,431,Standard,M02,2.1,52.2,1,25.7,61.9,Morning,Wed,3,0.26,9.74,11.02
4440,Widget_A,315,Standard,M02,4.9,37.3,1,35.5,,Afternoon,Tue,2,,8.26,8.01
2593,Widget_A,104,Premium,M08,21.3,25.8,3,33.8,50.3,Morning,Sun,3,0.32,1.95,2.23
2668,Widget_B,94,Premium,M08,,34.5,1,26.7,29.5,Morning,Thu,6,0.91,2.42,2.4
2399,Widget_C,127,Standard,M08,,6.0,1,28.2,68.1,Afternoon,Sun,5,3.11,5.32,5.06
4181,Widget_B,470,Premium,M08,19.0,46.7,5,24.2,58.1,Night,Wed,3,2.19,28.64,35.05
4392,Widget_A,437,economy,M10,6.2,5.3,4,24.7,60.4,Night,Fri,1,0.34,17.52,18.54
3467,Widget_A,412,Standard,M06,8.9,48.2,5,26.9,49.7,Morning,Mon,6,0.18,12.49,12.61
3032,Widget_C,139,Economy,M05,18.7,47.6,5,30.7,42.1,Morning,Tue,7,4.68,9.02,11.14
2175,Widget_A,105,Premium,M02,3.0,51.5,3,23.0,46.6,Night,Sat,5,0.49,2.88,3.49
2075,Gadget_Y,191,Standard,M08,16.2,18.5,2,27.2,,Afternoon,Sun,1,0.13,10.55,12.54
1097,Widget_B,256,Premium,M03,22.7,59.9,1,28.6,40.7,Night,Wed,1,7.45,13.34,11.49
3288,Widget_A,281,Standard,M07,10.7,22.5,4,26.3,45.3,Afternoon,Mon,2,1.31,14.31,12.25
2214,Gadget_Y,107,economy,M08,,41.6,2,24.9,53.0,Morning,Wed,7,0.19,3.17,3.61
4161,Gadget_X,152,Standard,M06,10.1,5.8,3,38.3,58.5,Morning,Wed,1,4.15,24.89,26.28
2152,Widget_A,119,Standard,M04,17.4,43.9,4,24.4,49.1,Night,Sat,2,6.08,4.74,4.45
1026,Gadget_Y,403,Economy,M06,22.9,23.2,5,25.9,63.0,Night,Fri,4,5.08,38.33,36.88
2262,Gadget_Y,84,Economy,M09,8.7,27.6,2,25.9,76.1,Afternoon,Fri,6,2.52,3.42,4.07
3595,Widget_A,15,Economy,M07,,9.1,1,30.6,55.2,Night,Sat,4,2.42,0.56,0.52
3390,Widget_C,257,economy,M08,4.5,45.2,2,26.8,24.6,Morning,Mon,7,7.01,11.67,14.22
2053,Gadget_X,485,Standard,M01,18.1,24.1,3,37.0,66.0,Night,Sun,4,0.14,48.65,45.57
2510,Gadget_Y,26,Standard,M10,4.4,16.9,4,26.0,64.7,Afternoon,Thu,2,3.91,2.5,2.32
3099,Widget_B,476,Standard,M07,10.9,14.3,1,27.4,69.2,Morning,Sat,6,1.03,16.92,16.27
3333,Widget_A,375,Standard,M10,1.2,16.3,3,27.8,,Night,Fri,2,4.91,16.36,15.62
1068,Widget_A,353,Economy,M04,8.7,13.7,4,31.6,68.7,Night,Sat,7,5.59,8.48,8.34
2704,Widget_C,163,Economy,M08,9.9,6.4,3,30.5,48.1,Morning,Sat,2,5.93,12.68,15.68
1875,Gadget_X,496,Standard,M04,7.1,42.0,3,27.2,38.6,Morning,Wed,1,1.61,62.98,69.83
3187,Widget_C,132,Premium,M01,5.7,47.4,4,19.9,55.6,Night,Sat,8,7.87,11.56,12.45
2863,Widget_C,97,Economy,M09,17.7,-11.1,5,28.2,59.5,Afternoon,Wed,4,5.24,9.24,10.07
4159,Gadget_X,364,Economy,M08,6.0,9.5,1,27.2,75.1,Morning,Mon,5,2.27,17.92,17.91
1032,Widget_C,396,Premium,M07,2.4,26.3,2,26.0,65.0,Afternoon,Wed,3,1.16,40.18,47.29
2379,Gadget_Y,163,Standard,M09,19.2,19.3,2,30.8,64.8,Afternoon,Tue,8,3.21,5.78,6.64
4420,Widget_C,87,Standard,M10,11.6,19.6,2,26.3,68.1,Morning,Sun,2,3.0,7.16,7.0
1611,Widget_A,248,Standard,M08,15.6,28.4,2,32.0,32.0,Morning,Thu,6,6.45,3.7,4.42
4240,Widget_C,408,Standard,M05,10.6,17.1,4,31.5,65.1,Night,Wed,6,4.2,39.14,34.77
4259,Widget_C,110,Economy,M01,8.6,19.3,2,30.0,,Night,Wed,6,7.21,7.81,8.43
1344,Widget_A,111,Standard,M08,4.2,9.9,5,33.7,44.0,Night,Thu,8,0.42,2.45,2.22
4304,Widget_A,303,Economy,M04,5.9,47.1,3,26.1,39.1,Morning,Sat,1,1.17,12.92,13.65
2492,Widget_C,253,economy,M03,23.2,21.1,5,25.1,59.6,Morning,Wed,5,5.54,14.33,14.09
2504,Widget_A,56,Standard,M07,12.1,54.7,3,27.6,51.1,Morning,Thu,4,4.09,2.3,2.77
3883,Gadget_X,463,Standard,M10,0.8,21.8,5,34.7,42.4,Afternoon,Sun,4,0.06,48.24,55.01
3207,Gadget_Y,184,Standard,M04,1.1,42.8,2,28.6,56.2,Morning,Sat,7,6.83,8.93,9.57
1865,Widget_A,450,Standard,M08,8.0,17.4,1,26.6,50.0,Afternoon,Mon,7,5.86,5.66,6.03
2273,Widget_C,55,Premium,M05,8.5,13.3,5,30.4,39.4,Morning,Sun,6,3.01,4.65,5.15
4353,Gadget_X,314,Standard,M02,14.8,42.4,2,33.3,72.0,Night,Mon,5,0.52,20.8,21.18
4377,Widget_A,412,Standard,M07,2.0,49.3,2,26.0,52.4,Morning,Fri,3,1.69,15.5,18.54
3275,Widget_A,366,Standard,M04,,25.8,2,22.6,57.2,Night,Sun,1,0.97,15.26,15.05
2271,Widget_C,108,Standard,M07,14.8,19.6,5,23.5,75.5,Night,Sat,8,0.86,9.91,11.54
1577,Widget_A,287,Standard,M06,21.6,37.8,4,27.3,57.2,Night,Fri,5,3.96,8.59,8.17
3633,Gadget_X,280,Premium,M08,1.2,19.2,5,29.0,74.9,Night,Wed,2,3.72,52.66,53.64
2264,Widget_A,63,Standard,M10,5.3,43.6,4,27.7,53.7,Morning,Sun,3,6.44,2.44,2.17
2377,Gadget_X,418,Premium,M02,1.4,30.3,5,31.8,44.7,Afternoon,Fri,3,1.33,45.47,47.02
3228,Widget_A,79,Economy,M04,8.6,9.1,2,27.0,48.2,Afternoon,Sun,2,6.82,2.91,3.23
1529,Widget_C,320,Standard,M05,9.7,33.4,1,26.9,42.6,Night,Sun,3,5.75,31.31,37.99
1177,Gadget_Y,431,Standard,M03,14.2,20.3,5,32.3,68.9,Morning,Sat,5,2.02,20.66,23.14
3766,Widget_B,166,STANDARD,M09,15.0,53.5,4,17.2,,Night,Thu,6,2.57,8.31,7.29
1423,Widget_C,151,Economy,M01,14.6,16.2,3,23.3,45.4,Night,Mon,2,3.55,18.67,22.65
3684,Widget_C,410,Premium,M04,20.3,33.2,4,26.0,65.9,Morning,Sat,5,6.35,25.17,26.09
3177,Gadget_Y,16,Premium,M05,21.3,27.7,4,23.9,66.1,Morning,Tue,5,8.33,1.1,1.2
2913,Widget_C,364,Standard,M10,9.0,40.6,5,23.2,46.6,Afternoon,Wed,5,2.4,26.85,32.09
4137,Gadget_Y,338,Standard,M10,17.2,17.0,4,38.7,,Afternoon,Mon,4,0.03,17.75,18.66
3828,Widget_A,196,Premium,M09,20.5,30.8,3,28.9,,Morning,Sat,4,2.31,4.56,4.33
3012,Widget_C,200,Standard,M08,17.0,7.0,2,33.3,,Morning,Wed,8,5.46,7.47,9.24
1289,Widget_C,211,Standard,M03,11.5,14.0,2,20.1,73.8,Afternoon,Fri,5,9.61,12.12,13.42
3763,Gadget_Y,153,Premium,M09,16.3,37.3,3,30.0,64.3,Morning,Sat,6,0.78,6.2,6.95
3335,Gadget_Y,27,standard,M02,8.8,22.2,1,30.7,57.2,Morning,Mon,3,3.93,1.38,1.45
3861,Gadget_Y,93,Standard,M03,16.1,15.4,4,37.6,55.0,Morning,Sat,7,5.03,3.79,4.42
2533,Widget_C,262,Premium,M04,14.3,42.4,3,27.9,48.3,Afternoon,Thu,4,0.68,16.92,17.36
1178,Widget_C,129,Standard,M02,20.5,20.9,4,24.2,53.6,Night,Sun,5,6.69,9.07,8.82
1843,Widget_A,182,economy,M02,20.0,51.7,2,25.4,48.8,Morning,Mon,2,4.33,4.33,4.52
2068,Gadget_X,340,premium,M01,19.9,14.7,1,35.5,59.6,Morning,Sat,7,3.65,16.59,14.81
2357,Gadget_X,439,Premium,M01,23.1,36.9,5,29.7,85.0,Afternoon,Thu,4,8.02,43.49,52.03
3668,Widget_A,282,Standard,M02,12.7,41.0,5,26.0,29.7,Night,Sun,6,5.63,7.6,8.92
1371,Widget_A,47,standard,M10,13.4,35.7,2,27.9,38.3,Afternoon,Wed,4,3.68,1.47,1.63
2433,Gadget_X,247,Premium,M03,7.1,59.8,1,31.1,53.6,Morning,Mon,3,0.7,17.89,21.87
1599,Widget_C,26,Standard,M02,15.3,36.4,3,36.0,67.7,Afternoon,Fri,3,8.54,2.46,2.45
3464,Gadget_X,460,Standard,M07,9.6,14.3,1,34.2,62.2,Morning,Tue,2,10.08,59.06,50.22
1830,Widget_C,34,Standard,M02,9.0,19.6,5,32.2,51.0,Night,Sat,6,4.68,2.85,3.43
3412,Widget_A,444,Standard,M05,17.0,23.4,5,14.3,54.1,Afternoon,Thu,7,6.04,14.26,15.33
2076,Widget_C,459,Standard,M06,11.2,54.0,2,25.4,73.3,Morning,Fri,1,3.34,54.65,47.41
3088,Widget_C,226,Premium,M06,13.0,35.9,3,31.8,49.5,Night,Mon,4,0.25,19.16,23.66
2553,Gadget_X,39,Economy,M01,11.1,40.9,2,26.6,30.5,Morning,Wed,4,7.9,3.62,3.08
2766,Widget_B,328,Standard,M05,17.3,20.6,5,24.3,52.7,Morning,Fri,5,1.81,16.31,14.79
1142,Widget_A,336,Premium,M02,9.9,14.8,1,34.1,54.8,Morning,Tue,7,5.1,4.06,3.54
3749,Gadget_X,55,Standard,M06,23.2,23.3,5,17.7,,Night,Thu,8,5.31,4.91,4.26
1666,Gadget_Y,53,Premium,M04,7.6,14.8,2,36.5,22.1,Afternoon,Fri,4,1.43,2.76,2.98
1745,Widget_A,13,Standard,M04,2.7,26.0,4,31.8,38.6,Night,Wed,3,2.66,0.86,0.81
2827,Widget_A,182,Standard,M06,8.4,17.3,2,25.7,43.2,Morning,Mon,6,4.76,3.44,3.73
1655,Widget_A,248,Premium,M02,15.8,20.7,3,30.6,58.2,Morning,Tue,5,3.8,4.11,3.69
1472,Gadget_X,396,STANDARD,M08,24.2,31.2,1,27.7,64.5,Night,Mon,1,0.81,27.38,33.78
2038,Widget_A,350,Economy,M08,16.7,37.0,1,28.3,71.6,Afternoon,Tue,3,2.29,6.2,5.53
3536,Widget_C,411,Standard,M03,19.6,40.7,1,30.2,71.2,Afternoon,Wed,2,3.26,26.31,27.4
3716,Widget_B,35,Standard,M10,2.8,49.5,4,28.1,68.3,Night,Sun,4,1.89,2.75,2.8
1765,Gadget_X,332,Standard,M04,16.1,25.3,2,26.4,48.6,Night,Thu,6,4.66,25.07,24.23
3612,Gadget_Y,316,Standard,M02,13.1,19.9,4,16.5,56.3,Night,Thu,1,0.62,25.58,27.57
4081,Widget_C,412,economy,M04,23.9,6.3,4,33.1,51.5,Morning,Wed,3,0.39,30.58,29.03
2114,Gadget_Y,98,Premium,M05,20.4,26.4,1,25.5,59.6,Afternoon,Wed,8,0.71,3.66,4.19
3011,Gadget_Y,76,Premium,M02,12.7,6.7,2,32.8,30.0,Night,Wed,5,1.57,3.51,4.05
1196,Widget_A,194,Standard,M02,25.0,-3.9,1,23.9,,Morning,Mon,1,1.83,4.33,5.28
1533,Widget_A,246,Premium,M08,3.1,56.5,3,29.7,66.3,Afternoon,Fri,5,2.04,6.47,7.26
2346,Gadget_Y,276,Standard,M05,,21.6,3,28.8,55.3,Night,Thu,2,5.73,31.15,38.03
3154,Gadget_Y,324,Premium,M07,,38.8,4,33.3,76.6,Night,Sun,1,0.24,38.14,35.72
2778,Widget_C,35,Standard,M01,2.3,7.7,3,28.8,57.6,Afternoon,Sat,4,4.81,3.41,4.23
2495,Widget_B,292,Standard,M08,14.6,24.9,2,33.9,41.2,Morning,Sat,1,1.02,13.9,14.91
2652,Widget_C,44,Economy,M04,18.8,52.2,3,19.3,52.4,Afternoon,Tue,3,2.98,3.62,3.97
1228,Widget_A,136,premium,M02,24.7,50.4,5,25.4,35.0,Afternoon,Fri,2,4.28,4.42,4.39
1556,Widget_C,457,Economy,M06,1.8,40.9,1,24.0,56.9,Night,Mon,3,4.55,44.93,42.47
2043,Gadget_Y,315,Standard,M07,6.0,14.9,1,24.4,46.7,Afternoon,Sat,1,1.21,33.8,37.26
3663,Gadget_X,327,Standard,M03,1.6,35.4,3,30.6,63.3,Afternoon,Sat,1,9.84,60.25,66.49
3717,Widget_A,226,Economy,M03,1.9,55.8,5,31.2,,Night,Tue,1,0.59,12.81,15.4
2259,Widget_C,437,Standard,M09,10.9,58.1,1,33.7,67.4,Morning,Thu,4,3.41,24.55,29.73
1757,Gadget_X,238,Premium,M01,3.6,45.6,4,25.0,70.0,Afternoon,Mon,8,2.79,19.6,21.63
1632,Widget_B,312,Premium,M08,16.4,30.0,4,24.7,47.3,Afternoon,Sat,1,0.13,19.16,19.09
3982,Gadget_Y,303,Premium,M10,22.5,50.4,5,30.6,66.3,Morning,Sat,2,9.84,23.2,24.25
2744,Widget_A,419,Standard,M05,13.5,59.3,4,37.6,,Morning,Tue,4,6.85,17.34,17.54
1163,Widget_C,197,Standard,M04,19.6,50.8,5,34.3,53.1,Afternoon,Tue,4,1.34,13.24,14.99
3677,Widget_A,158,Premium,M01,18.2,27.5,4,28.6,77.5,Morning,Wed,7,2.07,3.54,3.61
2201,Widget_B,346,Economy,M04,24.0,47.1,5,24.2,55.5,Afternoon,Sun,1,6.03,27.2,29.49
4082,Gadget_Y,219,Standard,M09,19.9,24.0,4,32.0,41.6,Morning,Wed,2,1.02,12.93,11.63
3274,Widget_A,218,Premium,M05,14.8,34.1,4,25.2,40.9,Morning,Mon,6,1.64,5.59,5.38
3158,Widget_A,121,Economy,M01,15.5,35.7,4,26.6,,Morning,Wed,5,4.16,3.41,4.0
1548,Widget_A,117,PREMIUM,M04,20.7,30.5,2,26.8,38.6,Afternoon,Thu,1,2.34,4.09,4.6
3015,Widget_B,18,Standard,M09,21.9,21.9,3,31.2,77.5,Morning,Mon,8,6.47,0.55,0.57
3901,Widget_A,149,Premium,M04,16.3,32.1,1,28.6,36.7,Morning,Wed,7,5.97,2.45,2.78
4199,Widget_B,265,STANDARD,M07,13.1,21.4,1,19.2,26.0,Morning,Sat,2,2.96,15.0,17.69
1569,Widget_C,171,Premium,M05,21.6,10.9,4,22.5,57.0,Morning,Thu,8,2.97,8.68,8.85
2476,Widget_B,436,Standard,M09,2.7,36.8,5,19.4,,Morning,Wed,5,,23.3,21.28
2654,Widget_C,405,Standard,M02,23.7,42.6,2,29.4,62.7,Night,Fri,5,2.88,17.27,14.68
3115,Gadget_Y,470,Premium,M04,17.1,10.3,3,35.1,30.6,Night,Wed,7,0.76,19.07,23.52
3289,Widget_A,315,standard,M10,24.1,32.8,1,19.7,30.2,Afternoon,Sat,5,4.34,4.95,5.4
1612,Widget_A,81,Economy,M09,0.7,17.2,3,27.8,74.7,Afternoon,Sun,4,4.11,2.64,2.78
3155,Widget_C,337,Standard,M04,23.5,18.2,4,27.1,,Morning,Thu,6,2.21,14.43,14.85
4226,Widget_A,190,Premium,M10,4.2,55.2,4,35.8,32.1,Morning,Sun,7,2.63,4.34,4.99
2625,Gadget_Y,274,Premium,M02,5.3,41.4,3,27.3,35.7,Night,Mon,1,2.74,24.54,24.44
1941,Widget_C,290,Standard,M04,14.5,27.8,2,25.2,62.3,Night,Thu,1,7.42,32.72,40.71
3323,Widget_C,109,Premium,M10,12.9,40.3,4,34.1,40.6,Night,Mon,5,1.77,7.59,7.24
4275,Widget_C,264,Premium,M04,7.6,9.6,3,43.6,37.3,Morning,Wed,5,6.13,18.2,18.84
1582,Widget_C,330,Standard,M08,14.0,56.2,5,31.9,41.9,Night,Fri,8,6.36,19.92,23.9
2955,Widget_C,354,Premium,M08,24.3,28.3,4,18.3,52.4,Night,Fri,3,1.51,26.49,23.86
3714,Widget_C,355,Standard,M09,19.4,17.5,2,23.1,75.4,Night,Sat,7,0.78,16.65,15.04
3481,Widget_B,188,Standard,M05,11.9,17.2,5,28.6,49.7,Afternoon,Thu,4,0.74,12.9,13.12
1074,Widget_A,40,Economy,M05,0.9,56.4,3,20.5,45.2,Afternoon,Sun,2,1.71,3.12,3.3
1049,Widget_A,69,Standard,M07,3.4,9.8,3,23.8,41.3,Morning,Sun,4,1.14,2.55,2.86
2808,Gadget_X,186,Standard,M04,19.1,47.2,4,37.3,,Morning,Mon,6,0.95,13.44,14.14
3100,Gadget_Y,314,Standard,M09,3.8,11.5,2,24.5,54.5,Night,Sun,1,0.42,28.73,29.49
1868,Gadget_X,248,Standard,M03,23.5,16.8,5,28.1,45.6,Morning,Tue,7,1.87,14.18,17.55
4136,Widget_B,197,economy,M01,10.5,47.5,5,23.5,91.0,Night,Thu,2,3.98,19.67,18.48
2964,Widget_C,57,Economy,M02,14.5,7.1,1,27.6,34.1,Morning,Wed,5,10.56,2.59,2.99
2030,Widget_B,432,economy,M03,21.6,17.6,1,27.7,68.3,Morning,Thu,2,5.58,15.84,15.8
2289,Widget_C,444,Standard,M02,10.3,18.6,1,25.8,61.2,Morning,Tue,8,,14.65,14.35
4395,Gadget_X,43,STANDARD,M08,17.1,13.0,3,36.3,57.8,Morning,Thu,5,3.51,2.44,2.56
2948,Widget_B,427,Premium,M10,9.3,42.2,4,26.9,66.6,Morning,Wed,7,4.35,15.36,15.56
2749,Widget_A,441,Standard,M02,21.9,20.6,1,32.0,38.7,Night,Sun,6,2.4,5.55,5.81
3234,Gadget_Y,273,Economy,M10,14.4,25.3,2,31.5,,Afternoon,Wed,2,0.54,14.29,14.12
2518,Widget_B,141,Standard,M07,3.0,38.9,4,30.5,65.4,Night,Thu,2,0.7,14.8,15.75
2475,Widget_B,141,Premium,M02,8.9,27.8,4,37.8,,Morning,Mon,8,4.13,4.21,4.4
1573,Widget_C,354,economy,M01,18.1,56.6,4,32.2,,Afternoon,Wed,3,,32.96,37.63
1808,Widget_B,184,Economy,M02,4.3,16.6,1,32.7,55.2,Morning,Sat,1,0.07,9.04,8.98
3814,Widget_A,75,Standard,M08,,38.1,4,35.4,50.9,Morning,Thu,5,3.87,1.78,1.87
4447,Widget_C,52,Premium,M08,23.2,7.8,5,24.8,52.3,Afternoon,Mon,7,7.2,2.48,2.93
1858,Widget_A,252,economy,M02,,10.9,1,29.8,45.4,Afternoon,Wed,7,5.47,2.96,2.54
3150,Gadget_X,63,Standard,M07,19.7,28.8,3,33.0,56.0,Night,Sat,3,4.11,7.34,7.52
3243,Gadget_X,497,Standard,M06,10.6,12.7,3,30.2,77.0,Night,Wed,4,2.27,63.72,70.8
1966,Widget_B,445,Standard,M03,9.9,36.3,1,31.3,31.7,Morning,Thu,4,7.73,13.96,16.12
3469,Widget_A,437,Standard,M02,0.9,45.6,4,28.3,59.5,Night,Sun,5,2.09,12.32,11.47
2351,Gadget_Y,303,Economy,M10,3.4,32.8,5,27.4,72.2,Morning,Fri,4,3.5,19.48,21.15
4152,Widget_A,371,Economy,M03,13.7,17.2,3,24.8,21.8,Afternoon,Tue,6,1.59,7.22,8.73
2033,Widget_B,116,Standard,M03,5.9,34.6,3,36.4,50.9,Afternoon,Fri,7,0.95,3.4,3.13
3160,Widget_B,223,Standard,M04,6.9,7.0,5,27.1,79.7,Night,Mon,8,5.74,10.25,10.41
2609,Widget_C,435,Economy,M04,11.2,29.1,4,38.9,67.4,Morning,Fri,8,3.3,21.51,20.81
4246,Widget_A,19,STANDARD,M09,2.3,41.2,2,24.9,54.7,Morning,Mon,6,,0.66,0.57
1260,Widget_B,198,Premium,M10,12.3,26.9,5,24.9,81.8,Morning,Wed,3,5.18,12.54,14.68
4239,Gadget_Y,175,Standard,M04,20.6,56.2,4,23.9,,Afternoon,Tue,7,5.83,7.23,6.66
3543,Gadget_Y,470,Premium,M01,24.9,57.8,4,43.1,43.1,Afternoon,Wed,2,4.06,38.84,46.61
4173,Widget_B,160,Standard,M01,17.1,21.4,3,26.1,58.2,Morning,Fri,1,,13.42,15.08
4096,Widget_B,401,Economy,M01,14.5,6.4,4,25.5,30.2,Morning,Fri,7,5.84,12.51,11.75
3310,Widget_B,457,Standard,M09,24.0,42.7,3,32.6,50.0,Night,Thu,5,4.05,17.02,16.42
1777,Widget_C,398,Standard,M01,10.3,37.1,4,27.2,43.6,Afternoon,Tue,7,4.9,26.76,25.31
3731,Widget_B,282,premium,M05,19.5,40.2,3,21.7,47.6,Afternoon,Fri,4,0.2,13.68,13.73
2892,Widget_A,126,Standard,M08,8.3,14.9,5,24.2,62.6,Afternoon,Fri,5,6.81,3.57,4.22
4479,Widget_A,66,Standard,M07,,45.3,1,32.4,78.2,Morning,Sun,2,3.99,2.84,2.81
4193,Widget_A,371,STANDARD,M10,23.3,41.2,5,32.6,57.9,Morning,Sat,3,2.69,10.79,10.43
2323,Widget_A,465,Standard,M03,11.6,13.2,4,26.1,42.5,Night,Tue,4,1.27,14.08,16.5
3593,Gadget_X,189,Economy,M09,8.4,13.7,5,31.4,44.1,Morning,Wed,1,1.05,28.65,29.62
2917,Widget_C,155,Standard,M05,22.5,32.0,4,34.0,77.4,Morning,Thu,1,,20.68,23.51
2546,Widget_A,95,Standard,M08,21.8,44.5,5,19.6,27.5,Morning,Thu,6,8.44,2.54,2.81
2823,Widget_C,25,Standard,M03,15.1,32.4,3,36.0,32.6,Afternoon,Fri,2,0.59,2.37,2.3
2422,Widget_C,476,Standard,M08,14.6,33.1,5,28.1,51.8,Afternoon,Thu,1,,54.59,66.17
3770,Widget_A,409,Economy,M06,3.5,55.0,4,28.9,,Morning,Wed,6,,14.1,17.3
3044,Gadget_Y,215,Standard,M07,17.6,15.8,4,33.0,53.9,Afternoon,Wed,3,5.75,23.22,23.78
3094,Gadget_X,476,Standard,M05,23.2,49.6,2,27.2,75.4,Night,Mon,1,7.41,76.99,88.47
3024,Gadget_Y,385,Premium,M09,5.9,28.5,3,24.7,62.6,Morning,Sun,2,1.59,26.9,23.47
2466,Gadget_X,317,Standard,M05,19.3,17.8,3,23.3,45.6,Afternoon,Sun,7,2.5,22.05,26.92
2785,Widget_A,242,Economy,M03,18.4,53.9,5,23.9,63.8,Morning,Fri,1,2.41,10.89,11.22
2408,Widget_A,357,Economy,M02,22.8,25.2,1,27.8,28.9,Morning,Fri,1,6.77,8.04,8.98
4309,Gadget_Y,68,STANDARD,M04,23.0,-3.7,2,28.0,58.9,Morning,Fri,3,0.15,3.62,3.6
3891,Widget_A,431,Standard,M05,11.9,36.8,1,26.0,63.2,Morning,Fri,3,6.89,14.22,15.35
1109,Gadget_Y,406,Standard,M04,4.5,8.6,1,29.5,71.1,Morning,Mon,2,7.85,27.11,24.44
4357,Widget_B,321,Standard,M10,13.9,16.2,5,23.0,43.5,Morning,Thu,6,,10.96,13.0
3360,Gadget_X,299,Economy,M10,14.1,37.3,3,34.2,40.6,Morning,Sun,1,3.27,31.56,36.97
2425,Widget_A,279,Economy,M06,4.3,10.7,1,21.3,43.3,Afternoon,Sat,1,4.45,14.07,13.88
1319,Widget_B,164,Premium,M07,8.6,17.7,2,26.8,75.2,Morning,Sat,4,3.29,8.92,8.91
1060,Gadget_Y,291,Premium,M06,,36.0,3,28.8,48.3,Morning,Sat,6,0.15,16.62,14.34
4332,Widget_C,389,Standard,M10,21.1,12.5,5,35.7,76.5,Afternoon,Mon,2,4.16,38.84,43.19
2361,Gadget_Y,435,Premium,M07,24.8,14.8,5,26.7,52.3,Night,Thu,5,2.9,37.6,32.38
2079,Gadget_Y,395,Standard,M08,19.6,38.1,4,28.8,47.1,Afternoon,Mon,2,0.27,27.21,30.44
3596,Widget_C,112,economy,M04,8.2,46.6,1,25.7,34.4,Afternoon,Wed,5,3.42,5.75,5.88
4431,Widget_B,488,Premium,M04,12.4,27.0,4,28.7,51.8,Morning,Tue,3,6.9,27.33,29.53
4139,Gadget_X,280,Standard,M04,20.8,35.0,1,19.0,40.4,Morning,Fri,7,1.08,11.83,11.06
1766,Widget_A,115,Economy,M10,7.9,39.4,5,25.8,74.0,Afternoon,Thu,3,2.15,4.42,3.92
4349,Gadget_Y,351,Standard,M01,,49.6,4,26.2,,Afternoon,Tue,5,0.12,21.85,23.57
2290,Gadget_X,170,Standard,M09,0.8,8.5,1,26.7,55.1,Morning,Fri,5,8.34,12.32,13.74
1840,Widget_C,94,Premium,M05,11.1,22.8,4,35.8,57.4,Night,Tue,1,4.29,16.04,14.94
4253,Widget_B,301,Standard,M06,7.4,22.2,3,37.5,48.4,Afternoon,Mon,5,0.06,14.79,15.4
4021,Widget_A,292,Economy,M01,13.2,53.4,3,32.1,,Night,Wed,1,7.11,17.71,15.57
1728,Gadget_Y,379,Economy,M09,12.7,15.0,5,40.2,,Afternoon,Tue,8,3.65,16.37,16.6
1880,Widget_A,420,Standard,M10,2.2,50.8,5,24.7,68.3,Morning,Fri,2,2.93,20.61,23.57
3488,Gadget_Y,70,Premium,M03,24.5,19.5,5,24.0,37.3,Morning,Tue,2,4.7,4.72,5.01
1221,Gadget_X,93,Economy,M03,19.9,39.4,5,26.9,53.5,Morning,Sat,3,0.97,9.74,11.76
4324,Widget_A,177,Standard,M01,13.6,52.3,3,32.7,82.5,Afternoon,Wed,4,4.2,5.7,5.15
1583,Widget_A,258,Premium,M05,8.6,42.7,4,30.4,57.4,Night,Sat,3,8.26,13.75,14.62
4423,Gadget_X,222,Economy,M08,0.8,54.8,4,13.1,57.0,Night,Sat,2,0.82,31.52,30.84
4351,Gadget_X,251,Standard,M04,22.3,12.0,2,32.6,79.8,Night,Sun,6,2.37,13.31,15.14
2207,Widget_A,297,Standard,M10,,22.3,4,26.8,68.9,Morning,Tue,1,5.05,11.55,14.42
1057,Widget_A,489,Premium,M10,22.2,50.3,3,29.5,34.4,Afternoon,Wed,3,7.21,13.59,14.45
1188,Gadget_Y,217,Premium,M01,20.2,59.0,1,20.5,69.2,Afternoon,Thu,1,3.48,15.11,18.22
3079,Gadget_Y,391,Standard,M03,8.3,5.1,3,20.6,66.1,Night,Thu,2,0.03,25.87,30.72
3197,Widget_B,196,Premium,M04,17.0,17.0,5,26.8,73.4,Night,Sat,1,2.32,16.18,19.39
3376,Widget_C,198,economy,M07,17.5,19.4,5,24.1,33.5,Afternoon,Tue,6,,17.05,15.24
4234,Gadget_X,316,Premium,M02,13.4,36.8,3,25.9,67.0,Morning,Sun,7,7.54,16.74,18.44
2172,Widget_B,365,Standard,M10,12.1,29.2,4,20.7,53.2,Morning,Sun,4,0.85,15.03,15.41
1469,Gadget_Y,98,Standard,M03,7.6,43.8,3,35.3,40.3,Afternoon,Tue,8,5.28,4.65,5.62
4462,Gadget_X,136,Premium,M09,21.2,20.3,2,30.5,32.6,Morning,Tue,5,0.66,7.46,7.53
2310,Widget_A,150,Premium,M04,17.5,29.6,4,23.8,,Night,Thu,7,3.81,2.86,3.23
3195,Gadget_X,174,Premium,M07,13.2,24.2,5,31.5,54.5,Morning,Sun,2,6.98,33.74,33.81
1227,Widget_B,54,STANDARD,M09,14.8,59.3,3,25.5,31.1,Night,Tue,2,1.3,3.98,4.03
1536,Widget_B,206,Standard,M04,15.6,40.8,1,35.6,78.6,Afternoon,Sun,2,5.8,9.84,9.64
1848,Widget_C,73,Standard,M01,1.1,36.2,2,35.3,63.0,Night,Wed,1,8.87,12.66,11.41
1839,Widget_C,20,Standard,M02,10.3,21.1,2,24.0,65.4,Afternoon,Mon,7,3.1,1.06,0.92
3575,Widget_C,422,Standard,M04,1.6,18.4,4,27.2,46.9,Morning,Tue,6,5.32,29.57,29.72
2023,Widget_A,325,Economy,M09,10.3,35.5,2,27.3,55.8,Afternoon,Tue,2,0.43,9.32,10.21
3468,Gadget_X,66,Standard,M03,18.3,18.5,4,29.9,62.9,Morning,Thu,3,1.12,5.88,5.75
3004,Widget_A,435,Standard,M07,3.1,54.8,5,30.1,47.0,Morning,Thu,7,7.74,15.87,17.0
2045,Gadget_Y,104,Premium,M04,11.3,6.9,5,30.0,63.2,Night,Thu,7,9.39,6.52,7.82
1211,Gadget_X,334,Economy,M01,24.3,58.6,3,22.6,59.0,Afternoon,Sun,3,2.39,32.56,34.4
3811,Gadget_Y,313,Premium,M09,24.9,59.5,4,23.9,56.0,Morning,Tue,5,6.87,15.21,16.66
1070,Widget_A,385,Economy,M09,15.1,59.7,1,27.4,,Afternoon,Sat,5,5.33,7.53,8.8
1735,Widget_A,180,Standard,M06,23.8,30.2,4,16.1,26.1,Night,Tue,4,3.22,5.82,6.06
2624,Gadget_X,442,Standard,M04,10.7,46.2,1,29.7,55.7,Night,Tue,6,5.68,26.07,24.18
4195,Gadget_X,309,Standard,M07,16.9,35.2,1,30.5,72.1,Afternoon,Mon,5,2.0,20.58,18.18
4078,Widget_A,98,PREMIUM,M08,24.7,14.2,5,20.2,40.7,Morning,Sun,4,0.33,1.86,1.71
1377,Widget_B,223,STANDARD,M06,21.9,6.9,1,32.6,76.3,Afternoon,Thu,3,2.98,9.76,12.07
1437,Gadget_Y,19,Standard,M09,12.2,41.3,5,29.3,41.0,Afternoon,Tue,7,1.84,1.2,1.38
3365,Gadget_X,65,Standard,M10,7.1,51.7,4,28.4,55.3,Afternoon,Sat,7,0.94,4.58,5.09
2243,Widget_A,142,Standard,M04,7.8,28.6,5,24.2,76.4,Morning,Sat,1,7.19,7.3,8.33
2594,Widget_B,387,Standard,M02,15.3,43.3,2,30.4,66.0,Morning,Sun,5,3.81,10.18,11.21
1209,Widget_C,358,Standard,M09,15.8,6.2,3,32.6,,Night,Sun,3,7.21,36.2,34.75
2197,Gadget_X,215,Standard,M08,,10.6,2,28.8,50.8,Afternoon,Wed,8,6.97,10.83,12.65
1566,Gadget_Y,195,Standard,M05,16.6,56.6,4,30.1,69.9,Morning,Thu,4,4.29,14.43,12.5
1314,Widget_B,246,Standard,M08,,59.7,1,32.1,80.4,Afternoon,Wed,1,0.59,11.11,11.06
1602,Gadget_X,154,Economy,M01,19.2,57.2,1,24.8,51.7,Morning,Tue,1,0.09,14.6,16.54
1234,Widget_B,346,Standard,M02,11.6,31.0,1,29.2,56.4,Afternoon,Fri,8,,6.73,7.0
1930,Widget_C,445,Economy,M08,7.5,56.4,1,37.1,61.3,Afternoon,Tue,6,1.28,20.39,23.57
3845,Widget_A,365,Standard,M03,,41.1,4,28.7,58.2,Afternoon,Sun,1,3.24,19.08,20.45
2069,Widget_A,204,Premium,M08,18.7,38.6,2,29.1,62.3,Afternoon,Sun,4,0.7,3.34,3.86
1013,Widget_B,412,PREMIUM,M09,6.7,9.3,3,37.6,46.9,Morning,Wed,7,0.38,14.1,12.94
1112,Gadget_Y,27,Economy,M06,22.2,24.9,3,33.2,72.7,Morning,Sun,4,2.01,1.97,1.79
2585,Gadget_X,219,Standard,M07,3.4,17.8,4,24.0,99.9,Afternoon,Fri,1,3.02,52.94,57.0
2911,Gadget_X,268,Standard,M01,23.5,18.8,5,32.3,,Afternoon,Fri,6,4.85,22.68,24.58
3285,Widget_A,31,Standard,M05,8.9,8.6,4,24.5,52.7,Morning,Mon,4,2.75,1.3,1.45
3087,Widget_C,24,Standard,M03,4.6,14.4,5,27.0,41.4,Afternoon,Tue,1,1.19,3.93,4.1
2106,Widget_C,251,Standard,M06,19.2,41.5,3,27.7,53.1,Afternoon,Mon,6,0.72,17.25,17.63
2341,Gadget_Y,277,Standard,M10,1.8,54.0,3,35.8,,Afternoon,Wed,3,4.26,20.16,18.99
1473,Widget_C,387,Standard,M06,23.9,59.3,4,24.0,,Morning,Sat,8,5.2,21.61,25.16
1491,Gadget_X,311,premium,M10,14.7,39.4,5,31.4,72.5,Afternoon,Thu,2,7.15,44.18,51.26
3553,Widget_A,64,Standard,M01,0.9,11.8,5,24.2,76.7,Night,Wed,1,0.53,4.74,4.27
2736,Widget_C,477,Standard,M02,14.1,49.4,1,20.9,42.1,Morning,Sun,4,3.97,21.45,22.66
1832,Gadget_X,364,Standard,M06,,38.0,1,26.8,,Morning,Sun,4,4.47,26.34,23.24
3300,Widget_B,432,Premium,M07,15.7,46.3,1,41.2,61.2,Morning,Sat,1,1.49,25.95,30.01
2115,Gadget_X,331,Economy,M09,20.8,27.1,5,24.1,43.8,Morning,Tue,8,3.66,18.08,21.93
4188,Gadget_Y,77,Economy,M10,5.7,45.5,4,33.8,61.6,Night,Tue,6,7.92,5.29,5.64
3457,Widget_B,407,Standard,M01,3.6,37.7,3,21.0,42.1,Morning,Thu,8,2.91,14.49,15.11
3789,Gadget_Y,77,Standard,M06,0.7,22.1,5,22.8,36.8,Afternoon,Tue,7,8.08,7.71,8.53
2801,Gadget_X,298,Premium,M01,7.7,29.6,5,31.6,47.6,Morning,Wed,3,0.81,36.01,37.02
4059,Widget_B,97,STANDARD,M06,7.1,39.8,4,31.7,41.8,Afternoon,Sat,4,4.41,7.66,6.85
3944,Widget_C,149,Premium,M10,5.5,20.6,2,33.1,48.5,Morning,Wed,8,1.88,6.05,7.06
2337,Widget_B,220,economy,M06,,14.3,2,30.1,56.9,Morning,Wed,7,1.49,6.51,6.18
1656,Widget_A,428,Economy,M04,22.3,56.4,3,29.7,46.2,Morning,Wed,1,2.27,11.88,14.53
2622,Widget_B,188,Standard,M07,3.7,44.9,5,30.8,35.0,Afternoon,Wed,2,9.97,24.97,24.08
1362,Widget_A,368,Premium,M10,2.2,28.4,3,28.8,62.6,Morning,Mon,8,6.46,7.07,6.89
1136,Widget_A,456,Economy,M08,4.2,55.4,1,22.7,69.1,Night,Fri,5,0.89,7.46,7.33
4091,Widget_A,330,Standard,M10,3.1,13.1,1,19.3,52.4,Morning,Mon,4,2.63,6.54,7.06
3548,Widget_B,291,Standard,M02,18.9,57.5,1,25.8,57.7,Morning,Tue,6,2.14,6.03,6.56
2412,Widget_C,438,Economy,M07,16.6,22.8,2,31.3,23.6,Morning,Sun,3,4.77,33.21,31.21
3651,Widget_C,353,STANDARD,M09,24.5,14.6,3,26.8,59.9,Morning,Thu,8,3.6,12.1,13.72
1367,Gadget_Y,193,Economy,M02,2.6,53.7,4,27.8,73.1,Afternoon,Wed,7,0.23,153.34,10.45
3673,Widget_A,177,Premium,M07,17.1,49.5,2,30.2,23.7,Afternoon,Tue,8,0.66,3.6,3.65
3085,Widget_B,370,Standard,M01,21.6,15.7,1,24.1,54.5,Afternoon,Tue,4,5.08,13.52,15.29
1030,Widget_B,494,Standard,M08,17.5,25.8,4,25.3,39.8,Afternoon,Wed,6,6.05,16.86,16.78
3924,Widget_C,94,Economy,M10,21.3,18.5,4,28.8,,Morning,Wed,3,5.26,6.89,8.0
1023,Widget_A,59,Premium,M10,9.8,42.5,4,20.1,59.2,Afternoon,Tue,1,1.53,3.07,2.61
2451,Widget_B,226,Premium,M09,19.1,51.9,5,31.4,72.4,Morning,Mon,6,0.07,6.48,7.31
2232,Gadget_X,92,Premium,M10,,14.9,2,36.4,65.2,Night,Sun,2,1.85,9.26,7.96
3081,Gadget_X,327,Standard,M02,22.7,29.4,2,26.5,,Morning,Tue,5,5.64,18.82,16.72
2237,Widget_A,297,Standard,M07,24.2,16.3,3,31.2,33.4,Morning,Tue,6,2.13,6.19,6.81
1696,Gadget_Y,438,Standard,M05,2.7,18.5,5,26.6,43.7,Afternoon,Fri,3,7.23,53.74,60.33
2566,Widget_A,414,Standard,M02,8.0,33.3,3,28.4,51.1,Night,Sat,1,0.24,16.96,14.92
1701,Gadget_X,203,Premium,M09,17.5,31.6,5,32.3,63.8,Morning,Fri,2,4.2,21.46,22.33
1421,Widget_A,481,Standard,M08,6.0,45.7,4,29.4,48.5,Afternoon,Tue,1,,22.95,26.35
1683,Widget_C,407,Standard,M01,22.4,16.3,2,24.3,38.0,Afternoon,Mon,5,3.22,21.66,25.8
3511,Gadget_X,461,Standard,M04,24.3,5.7,4,27.5,64.9,Morning,Mon,5,4.95,34.23,30.31
1461,Widget_A,480,Economy,M05,22.5,36.3,4,31.2,60.8,Afternoon,Tue,2,4.65,17.78,18.92
1044,Gadget_Y,201,PREMIUM,M07,22.2,14.1,2,30.4,59.8,Afternoon,Mon,3,2.88,12.82,11.31
1088,Widget_B,417,Standard,M07,24.4,58.3,1,24.8,69.9,Night,Mon,3,2.77,24.63,28.76
2396,Widget_C,63,Standard,M06,,49.4,5,27.4,46.9,Night,Mon,1,0.35,11.66,11.22
4235,Gadget_X,83,Economy,M07,6.6,40.0,1,30.1,55.0,Morning,Wed,7,6.16,6.43,7.24
3485,Widget_C,446,Standard,M02,11.6,56.3,1,30.2,55.6,Night,Thu,5,0.04,17.41,20.53
1562,Gadget_X,103,Standard,M04,23.1,5.7,1,16.2,63.9,Afternoon,Sat,5,5.5,5.62,5.64
1283,Gadget_Y,433,Standard,M06,18.5,24.2,2,27.1,61.9,Afternoon,Mon,4,1.06,24.23,29.15
4331,Gadget_Y,186,Standard,M01,17.0,20.7,5,26.8,32.1,Morning,Mon,3,,11.72,12.76
2488,Widget_C,417,Premium,M08,9.4,37.9,3,27.4,52.8,Morning,Fri,5,0.67,20.37,18.64
2098,Gadget_X,312,Premium,M05,23.3,21.0,1,27.2,38.6,Afternoon,Sun,7,0.05,16.94,20.97
4340,Widget_A,461,Standard,M07,,25.0,5,26.8,47.3,Afternoon,Fri,8,2.69,12.55,12.89
4404,Widget_B,240,Economy,M05,7.9,54.7,3,29.0,,Night,Thu,3,6.11,18.49,22.96
1466,Gadget_Y,377,Economy,M03,3.3,9.7,5,28.3,64.6,Morning,Mon,2,0.6,30.99,32.64
2930,Widget_A,442,Standard,M10,6.1,57.9,3,28.0,68.1,Morning,Mon,8,5.58,8.01,8.11
2539,Widget_A,99,premium,M02,,32.3,2,24.2,46.7,Morning,Fri,6,5.02,1.9,1.9
1860,Gadget_Y,492,standard,M07,15.9,36.3,1,35.2,58.7,Morning,Mon,8,3.25,19.55,18.53
1534,Gadget_X,367,standard,M09,2.3,26.6,2,34.3,47.9,Afternoon,Sun,2,0.72,39.72,34.92
2165,Widget_C,182,PREMIUM,M08,12.1,26.3,5,31.9,49.8,Afternoon,Mon,1,5.75,26.63,25.34
3868,Widget_A,452,Standard,M01,17.4,23.4,3,21.9,50.7,Night,Sun,6,6.16,12.77,11.79
2252,Gadget_X,334,Standard,M05,4.0,40.1,3,21.5,48.9,Afternoon,Tue,2,1.43,53.7,49.33
2109,Widget_B,50,Standard,M05,13.2,25.6,4,33.5,67.7,Afternoon,Wed,2,3.04,4.25,4.1
3759,Widget_C,34,premium,M06,3.4,55.8,4,27.0,45.6,Afternoon,Wed,1,3.06,7.04,7.69
4154,Widget_C,136,Premium,M01,11.6,35.4,1,26.3,71.7,Afternoon,Wed,3,3.17,10.07,12.52
2432,Widget_A,217,Standard,M09,12.9,26.8,4,32.7,44.9,Morning,Sun,4,6.28,6.26,6.28
4149,Gadget_Y,375,Standard,M04,23.6,27.2,5,21.3,46.4,Morning,Wed,6,0.14,15.9,17.52
4270,Gadget_X,114,Premium,M07,13.9,21.9,3,25.6,87.7,Morning,Thu,4,,14.8,16.93
4467,Gadget_Y,381,Standard,M05,20.4,26.3,4,28.0,43.0,Morning,Sun,7,,19.51,16.92
3664,Widget_A,481,Standard,M05,11.0,14.7,5,29.6,57.3,Morning,Thu,8,4.33,13.14,14.47
3017,Gadget_X,126,Premium,M09,15.0,44.3,5,23.0,51.8,Afternoon,Fri,1,5.81,22.02,24.36
3639,Widget_B,483,Economy,M04,12.9,49.4,1,19.9,44.8,Night,Sun,8,1.43,11.95,12.85
1904,Widget_B,334,Economy,M10,16.8,13.3,4,18.6,59.9,Afternoon,Sat,7,5.66,11.5,10.98
1638,Gadget_X,68,Economy,M09,2.4,24.1,3,30.4,,Morning,Fri,6,6.41,4.87,4.68
4164,Widget_A,350,Economy,M05,5.1,49.7,3,19.0,46.1,Night,Wed,7,7.56,11.42,14.0
2074,Gadget_Y,378,Economy,M04,,35.0,5,21.8,49.2,Afternoon,Tue,3,3.33,36.28,35.62
2162,Gadget_Y,159,Standard,M03,9.7,42.1,2,20.6,42.7,Morning,Wed,3,2.03,8.93,10.01
2617,Widget_A,407,Economy,M08,21.8,31.9,2,33.8,52.1,Morning,Mon,1,6.56,9.79,9.47
1943,Widget_A,328,Premium,M04,4.4,25.0,5,30.5,41.1,Morning,Fri,5,3.93,10.52,11.03
3577,Widget_A,106,PREMIUM,M02,22.4,30.9,5,29.7,47.6,Night,Sun,2,2.89,4.29,4.68
4383,Gadget_Y,429,STANDARD,M10,,45.8,4,23.0,93.6,Night,Thu,8,4.56,19.47,22.32
2714,Widget_A,436,Standard,M05,11.5,21.0,1,23.6,62.7,Night,Fri,3,2.6,13.6,12.24
2868,Widget_C,179,Economy,M08,14.1,6.9,3,20.6,78.4,Night,Wed,5,2.53,12.71,11.68
4052,Widget_A,300,Economy,M07,19.8,29.1,4,31.6,65.3,Afternoon,Sat,5,6.62,9.71,9.29
1222,Widget_C,496,Premium,M07,7.2,33.2,5,18.7,34.0,Afternoon,Tue,4,0.38,52.15,49.2
1544,Widget_C,316,Standard,M09,21.2,16.1,3,23.6,61.9,Morning,Mon,3,2.23,19.22,22.89
2678,Widget_C,343,Standard,M08,2.9,40.6,3,27.3,68.7,Afternoon,Sat,2,0.28,31.98,31.39
4399,Widget_A,275,Standard,M04,6.2,51.4,5,28.1,37.4,Morning,Tue,1,5.26,14.06,15.3
1888,Gadget_Y,439,Standard,M10,22.9,40.9,2,35.2,46.3,Night,Tue,6,7.08,16.95,20.28
3520,Gadget_Y,443,economy,M06,20.9,9.0,2,28.7,66.5,Afternoon,Mon,8,3.15,17.71,16.12
1686,Widget_C,472,Premium,M07,0.7,52.4,1,31.2,50.1,Night,Sat,8,2.1,28.77,27.55
3690,Gadget_X,91,Economy,M10,21.2,54.8,1,29.0,55.4,Night,Thu,2,3.87,8.06,7.65
4114,Widget_C,85,Premium,M03,10.5,57.6,4,31.6,55.0,Afternoon,Sun,2,7.19,8.83,9.84
3180,Gadget_X,228,Economy,M06,3.5,37.2,5,27.7,67.4,Afternoon,Sat,2,1.11,45.14,42.99
4453,Widget_C,104,Premium,M10,15.3,30.7,2,20.1,71.2,Afternoon,Tue,2,2.17,8.28,8.3
4254,Widget_A,290,Standard,M03,14.3,55.7,3,30.8,,Night,Sat,2,1.63,8.77,8.86
1790,Gadget_Y,260,Standard,M09,14.1,59.1,3,22.1,48.7,Afternoon,Tue,3,4.02,17.52,17.35
4101,Widget_C,419,Standard,M02,5.1,53.5,4,36.2,,Morning,Tue,6,3.45,24.52,21.47
3489,Gadget_Y,63,Standard,M04,6.8,43.5,2,27.3,71.2,Morning,Tue,7,6.62,2.54,2.86
2794,Widget_B,347,Standard,M05,5.5,14.0,4,26.4,70.3,Night,Mon,8,1.68,17.58,17.82
3148,Widget_B,185,Standard,M06,11.0,31.8,3,28.1,39.9,Morning,Fri,1,1.48,13.93,14.62
3145,Widget_A,87,Premium,M05,6.8,11.0,1,34.7,57.6,Night,Fri,6,0.26,1.95,2.24
2698,Widget_A,482,Standard,M03,,16.8,3,33.8,61.3,Morning,Sun,4,1.29,8.22,8.3
3925,Gadget_X,223,Standard,M10,19.1,15.6,3,32.2,57.7,Night,Wed,1,0.77,25.33,30.86
2147,Widget_A,134,Premium,M02,0.9,37.3,5,19.6,70.7,Night,Fri,2,3.19,6.52,6.9
3657,Widget_A,225,Premium,M10,5.0,12.0,3,34.2,,Night,Sat,4,7.79,8.05,7.26
2743,Widget_A,332,Premium,M05,8.7,56.6,5,33.4,85.2,Afternoon,Sun,7,5.54,11.62,11.54
1273,Widget_B,103,Standard,M07,10.7,24.6,3,33.4,36.2,Morning,Thu,5,5.59,4.93,4.97
2407,Widget_A,20,Standard,M10,5.6,59.2,4,22.5,75.9,Morning,Thu,8,3.38,0.8,0.78
1522,Gadget_Y,212,Economy,M03,21.0,24.8,3,25.9,53.3,Morning,Tue,8,0.01,5.71,5.1
1523,Gadget_Y,70,Standard,M05,14.8,31.5,4,29.2,32.9,Morning,Sat,2,3.15,7.35,8.87
3580,Gadget_X,160,Standard,M03,14.3,47.6,4,23.4,31.8,Morning,Sat,4,1.13,14.39,13.93
2502,Gadget_X,25,Economy,M03,6.3,52.3,5,20.5,37.8,Night,Wed,1,8.22,6.33,5.5
2111,Gadget_Y,171,Premium,M03,8.4,51.9,5,42.0,,Night,Sun,5,3.44,11.94,13.34
2499,Widget_C,155,Economy,M04,17.1,48.4,2,20.0,19.2,Afternoon,Tue,7,3.19,6.65,7.79
3190,Widget_B,382,Premium,M10,4.0,41.5,1,21.4,34.7,Afternoon,Tue,1,1.2,20.74,22.49
1351,Widget_B,236,Economy,M10,10.6,34.6,3,25.2,62.9,Afternoon,Tue,5,1.68,9.52,9.88
2269,Widget_A,227,Premium,M02,22.5,34.1,4,33.4,55.3,Night,Thu,6,4.57,4.84,4.94
3259,Widget_A,358,Standard,M09,1.7,12.8,2,24.2,64.5,Night,Fri,2,7.94,14.25,13.46
4231,Widget_B,209,Premium,M01,8.2,44.4,1,35.5,50.2,Morning,Mon,3,2.32,9.48,10.96
4480,Widget_B,102,Standard,M08,21.7,10.2,5,25.4,60.3,Night,Mon,2,0.87,6.56,7.84
2211,Gadget_Y,178,Economy,M04,12.2,14.8,3,36.7,84.7,Night,Tue,3,0.82,12.79,12.87
3713,Gadget_X,28,Standard,M03,17.6,39.6,1,22.5,56.4,Afternoon,Sat,6,0.24,1.57,1.95
4311,Widget_C,333,Standard,M05,15.9,22.4,4,32.1,62.4,Night,Wed,5,10.13,35.47,42.01
1652,Gadget_Y,408,Standard,M08,9.8,19.1,3,23.4,62.8,Night,Wed,2,1.06,30.41,29.82
3921,Widget_C,406,Standard,M07,3.3,35.7,1,24.5,53.0,Morning,Tue,8,11.2,25.04,21.91
2316,Widget_B,61,Economy,M04,8.1,32.6,5,25.9,57.9,Afternoon,Mon,3,10.51,4.72,4.43
3003,Gadget_Y,269,Standard,M08,,50.7,3,34.9,84.0,Afternoon,Sat,1,0.09,17.56,20.67
4033,Widget_A,66,Premium,M05,5.4,12.8,2,27.5,65.0,Morning,Sun,8,5.11,1.52,1.69
4260,Gadget_X,460,Standard,M08,10.2,22.0,3,27.2,53.0,Morning,Mon,5,0.59,36.43,38.93
3267,Gadget_X,418,Economy,M02,17.7,34.7,4,33.6,77.6,Morning,Thu,1,4.79,53.7,47.11
2537,Gadget_Y,355,Premium,M07,19.9,33.2,3,29.4,38.8,Afternoon,Sat,3,1.63,27.24,23.25
2339,Gadget_Y,48,Standard,M03,4.4,51.4,3,31.4,77.7,Afternoon,Sun,5,0.16,2.84,3.11
3255,Widget_C,88,Standard,M01,,7.1,5,31.6,47.8,Afternoon,Sun,7,4.91,5.82,5.43
1169,Gadget_Y,48,Premium,M04,13.4,35.1,1,21.6,67.7,Afternoon,Mon,7,,2.1,2.05
3928,Widget_C,347,Premium,M09,5.1,44.4,4,23.0,47.2,Morning,Thu,6,2.27,21.3,18.16
3257,Wiget_A,343,Premium,M01,22.4,13.2,3,27.0,74.2,Afternoon,Fri,5,3.32,18.7,19.08
4265,Gadget_Y,436,Premium,M08,9.0,14.0,1,18.3,70.4,Afternoon,Thu,6,1.27,13.92,14.92
2139,Gadget_Y,87,Premium,M09,5.4,9.6,4,30.9,58.4,Night,Wed,6,2.38,5.35,5.18
1804,Gadget_Y,288,Standard,M05,3.7,42.8,4,24.4,78.7,Afternoon,Sat,5,1.72,21.34,20.71
4299,Widget_B,255,Premium,M06,22.9,25.0,2,28.8,56.7,Afternoon,Thu,1,0.27,15.6,17.65
1963,Gadget_X,365,STANDARD,M09,16.4,37.7,2,28.7,55.4,Afternoon,Fri,1,3.91,41.76,38.14
1946,Widget_B,415,Standard,M10,21.1,54.0,1,28.0,44.8,Morning,Sun,2,3.02,12.93,16.11
1463,Widget_A,96,Premium,M09,9.1,30.4,2,24.6,48.8,Morning,Mon,5,3.29,2.26,2.3
2424,Gadget_X,173,Standard,M07,4.6,52.7,1,26.3,52.7,Morning,Sun,3,3.97,21.17,19.43
1329,Widget_C,112,Standard,M06,13.9,58.4,5,31.3,43.6,Afternoon,Mon,6,6.07,11.25,12.34
2299,Widget_B,118,Standard,M08,9.5,56.7,4,24.8,63.2,Afternoon,Sun,5,4.5,4.59,4.55
2942,Widget_A,191,Standard,M05,10.3,21.7,3,24.9,53.9,Morning,Wed,8,0.2,4.12,4.2
4069,Widget_A,148,Standard,M01,10.0,50.0,4,25.2,,Night,Wed,8,5.75,4.24,3.79
2279,Widget_A,120,Economy,M04,,40.8,3,26.6,58.2,Morning,Thu,7,1.4,2.04,2.53
4107,Gadget_X,268,Premium,M02,6.6,56.0,3,32.9,37.2,Night,Mon,5,0.21,21.3,24.28
3621,Widget_C,164,Premium,M03,7.3,39.5,2,17.9,13.5,Night,Mon,3,1.03,11.39,12.69
1220,Widget_C,259,Standard,M03,14.3,16.8,4,31.8,62.3,Morning,Sat,2,3.69,23.15,25.6
1368,Widget_A,495,Standard,M08,3.1,25.1,2,32.3,24.1,Morning,Sun,3,2.14,12.6,10.83
4049,Widget_A,238,Premium,M08,8.0,33.2,2,22.3,56.0,Morning,Tue,7,5.14,3.76,3.59
4406,Widget_C,387,STANDARD,M08,0.7,35.1,5,22.0,54.6,Afternoon,Fri,2,0.5,44.16,49.51
1550,Widget_C,432,Premium,M10,,13.8,5,36.2,66.6,Morning,Thu,4,2.26,34.57,40.51
3671,Widget_B,377,Standard,M10,16.1,13.9,4,24.7,25.4,Afternoon,Sat,6,3.35,13.29,11.59
2815,Widget_C,177,Premium,M07,6.7,53.3,3,25.2,74.3,Night,Tue,3,5.41,25.31,23.53
3846,Widget_C,287,Premium,M10,1.7,12.5,4,29.7,16.3,Morning,Wed,7,4.35,17.17,19.86
1773,Widget_B,461,Standard,M07,3.5,57.6,1,37.8,66.4,Night,Sat,2,3.98,35.13,41.97
3246,Widget_C,425,Premium,M05,16.8,37.7,2,29.0,44.4,Night,Wed,2,6.47,45.41,48.47
4150,Widget_B,187,Standard,M06,22.3,50.1,2,29.6,,Afternoon,Sat,3,4.77,9.25,10.37
3773,Gadget_Y,80,Economy,M02,10.5,11.6,4,21.7,56.3,Night,Sun,6,6.18,4.46,4.87
1499,Gadget_Y,122,Economy,M03,6.1,18.9,5,27.7,56.4,Afternoon,Wed,5,1.83,6.7,7.59
2833,Widget_B,94,Premium,M10,13.4,58.4,3,32.6,32.2,Morning,Fri,6,0.43,3.07,3.69
1436,Gadget_Y,369,STANDARD,M01,6.5,29.4,5,28.0,,Morning,Tue,5,1.6,185.87,28.33
1366,Widget_B,156,Standard,M02,18.1,37.4,5,22.7,70.0,Morning,Mon,7,7.77,5.42,4.76
2062,Widget_A,28,Premium,M03,7.5,24.2,5,30.7,54.1,Afternoon,Thu,5,2.32,0.92,0.99
1277,Widget_C,478,Standard,M05,15.6,6.1,1,23.8,78.8,Night,Fri,3,7.18,41.59,48.5
3340,Widget_A,10,Premium,M05,15.4,22.1,3,28.5,45.9,Morning,Wed,8,6.6,0.36,0.41
2722,Widget_C,155,Standard,M07,15.0,24.2,3,27.9,57.3,Morning,Sun,8,9.09,9.65,9.12
1408,Widget_B,465,Standard,M01,15.5,25.4,4,25.3,22.1,Morning,Tue,4,3.56,22.19,19.6
4328,Gadget_X,107,Economy,M06,4.4,22.4,5,22.0,44.0,Afternoon,Fri,1,7.21,27.81,30.15
3478,Gadget_Y,207,Standard,M06,1.6,38.5,5,22.7,48.2,Afternoon,Mon,4,1.09,19.7,18.21
1845,Widget_A,218,Premium,M10,9.9,18.2,4,31.5,66.5,Night,Wed,2,4.45,9.83,10.01
2500,Gadget_X,165,Standard,M09,9.2,12.8,4,30.7,57.1,Afternoon,Tue,3,6.28,20.16,24.67
2133,Gadget_X,173,Economy,M04,20.7,50.4,3,27.8,39.3,Afternoon,Sun,3,2.72,16.11,19.03
2746,Gadget_Y,15,premium,M03,2.4,36.6,2,29.1,60.5,Afternoon,Fri,4,0.5,1.09,1.0
2514,Widget_A,483,Standard,M01,,56.8,1,27.5,47.9,Afternoon,Tue,4,5.52,10.84,13.31
3556,Widget_B,194,Standard,M10,11.8,53.3,3,26.0,85.6,Afternoon,Tue,8,0.02,5.32,6.36
3460,Widget_C,216,Standard,M05,17.7,25.0,5,18.7,45.5,Afternoon,Thu,6,1.94,18.0,21.32
2557,Gadget_X,467,Standard,M09,20.6,23.8,2,20.6,62.6,Afternoon,Tue,1,3.29,52.7,63.89
2937,Widget_B,412,Standard,M05,16.5,51.0,3,32.8,54.6,Morning,Thu,6,2.18,15.38,18.15
2272,Gadget_X,29,Economy,M06,16.9,37.5,2,26.2,75.4,Morning,Mon,4,3.15,2.8,3.2
2881,Widget_A,30,Standard,M04,24.2,46.1,1,29.8,66.8,Morning,Mon,8,2.88,0.49,0.48
1945,Widget_B,395,Standard,M07,9.8,12.9,4,35.2,55.2,Night,Tue,3,3.34,31.49,39.31
1200,Widget_A,108,Standard,M09,16.0,5.9,4,36.1,66.6,Night,Mon,6,1.01,2.36,2.44
2345,Widget_C,471,Premium,M02,2.1,44.8,5,26.0,50.8,Morning,Mon,4,6.56,38.19,47.36
4342,Widget_B,457,Standard,M04,4.1,30.8,2,32.2,42.6,Afternoon,Mon,8,5.63,13.34,13.45
1802,Gadget_Y,242,Standard,M05,7.9,43.7,1,20.7,32.4,Afternoon,Mon,3,3.68,15.77,19.3
3122,Widget_A,15,Premium,M06,,26.0,3,27.1,52.7,Morning,Tue,3,4.99,0.89,1.05
2642,Widget_B,464,Standard,M09,22.6,58.0,5,26.3,53.7,Afternoon,Wed,8,2.78,15.66,19.08
2567,Widget_A,341,Standard,M04,,16.5,3,28.5,56.5,Morning,Sun,4,2.5,8.69,7.5
1232,Gadget_Y,285,Standard,M07,17.7,48.0,4,18.5,94.6,Night,Fri,2,3.31,28.68,28.58
2979,Widget_B,13,Economy,M10,20.8,18.8,5,27.6,39.3,Afternoon,Sun,8,2.42,0.49,0.58
2573,Widget_C,126,Standard,M06,2.6,15.8,3,27.2,62.8,Morning,Mon,5,1.23,10.96,9.6
2886,Gadget_X,86,Premium,M08,23.6,15.5,5,24.6,65.2,Morning,Thu,1,2.4,9.23,8.32
2923,Widget_C,246,Standard,M02,10.2,6.9,1,29.0,30.9,Morning,Wed,1,5.32,16.23,18.61
2498,Widget_C,386,Standard,M03,17.9,27.9,3,26.3,,Morning,Fri,8,1.01,13.7,16.79
3615,Widget_B,65,Premium,M02,11.0,52.1,1,33.0,67.5,Night,Mon,5,1.22,2.25,1.98
4359,Widget_A,360,Standard,M08,,8.6,4,38.7,54.7,Night,Thu,7,1.38,7.04,7.21
3502,Gadget_Y,32,Economy,M05,4.2,52.1,5,29.7,43.8,Afternoon,Sat,7,2.16,2.55,3.01
2910,Widget_B,177,PREMIUM,M01,3.7,10.0,2,38.9,60.9,Afternoon,Fri,8,2.91,5.8,6.69
1105,Widget_C,193,Standard,M07,15.0,48.2,5,31.9,37.4,Night,Thu,8,0.96,15.67,16.26
3878,Widget_B,302,Standard,M06,21.5,18.9,2,34.6,,Morning,Mon,7,1.53,8.76,10.03
3128,Gadget_X,135,economy,M06,7.4,49.2,1,24.2,63.0,Night,Fri,1,4.97,21.56,22.56
3442,Gadget_Y,221,Standard,M04,15.9,58.3,2,21.7,40.8,Afternoon,Thu,3,0.19,11.65,9.98
3788,Widget_C,445,Premium,M01,5.0,22.8,5,37.6,,Morning,Thu,7,5.87,34.02,38.45
2729,Widget_B,65,Economy,M10,16.5,33.0,2,29.1,39.5,Afternoon,Sat,6,1.11,2.12,2.0
2954,Widget_B,43,Premium,M08,20.6,57.6,2,27.5,66.8,Afternoon,Sat,6,0.99,1.71,1.83
2193,Widget_A,252,premium,M03,3.0,6.3,1,31.8,48.6,Night,Fri,7,0.65,4.1,4.12
4327,Gadget_Y,308,Standard,M06,15.4,19.6,4,31.5,29.7,Morning,Tue,6,2.15,18.49,21.81
3124,Widget_C,411,Economy,M06,19.5,51.0,2,23.8,60.2,Night,Sun,2,5.1,44.83,48.79
2227,Gadget_Y,254,Premium,M06,3.9,46.2,3,32.9,33.2,Morning,Mon,6,0.81,15.29,14.61
3857,Widget_C,489,economy,M05,15.6,45.8,1,25.2,69.5,Night,Fri,2,0.51,45.25,40.74
3508,Widget_C,344,Economy,M07,13.3,12.9,4,36.0,44.7,Night,Sun,3,0.22,42.48,50.84
4141,Widget_C,406,premium,M08,18.5,18.4,2,19.9,49.3,Morning,Tue,5,2.58,16.49,18.64
4435,Gadget_Y,175,Premium,M10,2.4,39.5,3,29.6,13.2,Morning,Fri,6,5.28,9.39,10.61
2781,Widget_A,383,Standard,M01,17.7,47.1,5,28.5,78.1,Afternoon,Wed,1,0.19,19.14,19.97
2619,Widget_A,421,Premium,M10,21.0,18.4,3,40.8,50.7,Afternoon,Sat,3,4.73,9.55,9.37
3959,Gadget_Y,486,Economy,M01,5.7,28.9,3,31.4,77.6,Afternoon,Fri,6,6.62,37.37,35.95
1995,Gadget_Y,299,Economy,M02,14.3,21.0,2,35.6,43.6,Morning,Thu,5,0.13,9.06,11.01
1465,Widget_C,192,Standard,M03,1.2,11.2,3,29.8,55.0,Morning,Sat,6,6.22,11.93,13.3
2799,Widget_A,453,Standard,M10,10.0,25.3,1,33.2,68.9,Morning,Sat,4,2.39,7.83,7.64
2150,Widget_A,414,Standard,M06,17.5,58.9,3,30.2,60.5,Afternoon,Sat,3,5.18,15.32,15.47
3830,Widget_B,396,Standard,M03,15.8,19.4,1,22.2,62.8,Afternoon,Wed,6,1.36,8.29,8.08
3989,Widget_B,384,Standard,M08,1.9,33.5,5,26.1,61.1,Night,Tue,8,0.9,15.8,19.49
3674,Widget_B,451,Standard,M01,20.6,54.9,1,31.9,39.6,Afternoon,Thu,5,1.28,13.76,12.91
3213,Widget_A,377,PREMIUM,M02,23.1,40.3,3,27.2,49.9,Morning,Sun,6,2.8,5.58,5.31
1213,Widget_A,317,Premium,M06,23.4,29.8,2,23.7,65.5,Afternoon,Fri,4,7.28,7.45,8.27
2037,Widget_A,384,Premium,M04,21.7,50.3,5,19.0,,Morning,Sat,6,0.45,7.56,9.32
4407,Widget_B,403,Standard,M05,5.1,43.9,2,26.8,48.8,Afternoon,Wed,8,,14.77,16.26
1901,Widget_C,301,Premium,M01,21.3,26.3,3,31.8,,Morning,Wed,5,1.69,17.38,17.05
4128,Gadget_X,291,Standard,M04,,17.9,2,25.8,,Afternoon,Wed,7,3.42,13.53,15.9
3293,Widget_C,436,Premium,M06,1.1,46.6,2,31.1,66.1,Afternoon,Sat,7,1.9,29.43,29.54
1742,Gadget_Y,449,Standard,M10,15.8,39.6,5,25.9,,Morning,Mon,5,4.29,26.33,32.05
1839,Widget_C,20,Standard,M02,10.3,21.1,2,24.0,65.4,Afternoon,Mon,7,3.1,1.06,0.92
3733,Widget_A,85,Economy,M04,23.8,42.1,2,23.2,46.9,Morning,Sun,5,3.25,1.7,2.08
2784,Gadget_X,225,Economy,M04,7.5,48.7,5,24.5,48.6,Afternoon,Sat,7,3.88,19.71,17.09
1510,Widget_A,236,Standard,M04,24.0,38.1,5,28.7,70.9,Afternoon,Wed,6,1.09,5.21,5.04
1598,Widget_B,282,Economy,M07,1.3,38.0,4,28.3,77.6,Morning,Mon,5,2.03,18.42,16.07
2627,Widget_B,438,Premium,M09,7.6,24.5,1,22.7,46.0,Night,Sun,1,3.66,24.44,30.09
1982,Gadget_X,59,Standard,M10,21.9,22.4,2,18.4,57.9,Morning,Fri,2,8.88,5.87,5.01
3963,Gadget_X,23,Premium,M06,3.0,32.1,1,27.2,11.2,Afternoon,Fri,3,7.91,3.53,3.17
4097,Gadget_X,27,Standard,M04,4.2,43.0,3,26.0,54.4,Night,Sun,4,2.83,3.79,3.58
1519,Widget_A,354,standard,M10,8.4,7.3,1,22.0,75.9,Morning,Fri,4,3.28,7.07,8.21
3132,Widget_C,183,Standard,M03,17.8,59.4,2,27.8,15.0,Afternoon,Tue,2,1.72,12.86,14.97
1768,Gadget_X,308,Economy,M01,5.1,12.9,1,33.8,34.0,Morning,Tue,6,4.74,18.91,20.92
3338,Widget_B,392,standard,M01,16.4,12.5,3,25.1,81.0,Night,Wed,4,5.36,23.01,28.45
2974,Widget_C,253,standard,M04,,5.3,1,33.8,23.3,Afternoon,Thu,1,2.27,19.88,17.56
1124,Widget_B,346,PREMIUM,M03,2.3,32.4,3,34.4,57.3,Afternoon,Sat,8,2.9,11.25,13.12
3737,Widget_C,140,Standard,M07,20.6,5.4,1,35.4,61.7,Night,Sun,8,9.49,7.23,7.09
3516,Widget_B,105,Standard,M10,3.0,13.0,3,29.8,38.3,Morning,Thu,5,0.99,4.07,3.49
1820,Widget_C,377,Premium,M02,2.6,16.6,5,34.0,56.7,Morning,Thu,5,0.29,24.78,22.26
1101,Widget_B,322,Premium,M09,20.9,48.6,5,33.2,40.6,Night,Wed,2,1.79,22.71,19.38
4094,Widget_B,43,Standard,M02,3.1,48.8,5,28.1,52.7,Afternoon,Thu,5,2.14,2.28,2.57
4251,Widget_A,345,Economy,M06,7.3,20.2,4,26.3,59.4,Afternoon,Mon,4,4.87,14.01,13.6
3688,Widget_B,110,Economy,M09,21.7,48.8,4,34.4,39.6,Afternoon,Wed,4,5.62,5.1,5.82
4075,Gadget_X,440,Standard,M04,19.7,41.8,3,27.4,63.2,Morning,Tue,7,2.0,21.75,21.57
2104,Widget_C,194,Premium,M09,1.2,52.1,1,28.7,26.8,Night,Mon,3,2.17,15.74,19.36
4247,Gadget_X,405,Standard,M01,23.6,36.1,3,26.5,47.3,Afternoon,Sun,1,3.41,58.48,65.65
3602,Widget_A,237,Standard,M09,22.1,49.1,1,29.4,47.1,Morning,Fri,6,5.35,3.32,2.94
4363,Widget_B,352,Premium,M10,4.3,28.4,2,27.8,36.2,Afternoon,Fri,7,0.9,12.23,13.16
2554,Widget_B,258,Economy,M08,8.0,36.7,1,25.7,58.1,Night,Thu,8,,6.11,7.54
3863,Gadget_Y,62,Standard,M03,18.9,37.7,2,27.9,40.2,Morning,Fri,8,4.98,2.04,2.03
3776,Widget_A,308,Standard,M02,15.4,18.3,4,21.5,72.3,Morning,Thu,7,0.85,4.92,4.79
1983,Widget_B,347,Standard,M03,18.2,58.0,4,32.8,34.4,Night,Mon,4,4.66,17.45,18.95
1457,Widget_B,360,Economy,M06,18.6,38.8,5,34.0,49.6,Afternoon,Thu,5,4.98,23.22,25.91
3625,Gadget_X,196,Premium,M06,22.6,50.7,4,28.7,58.3,Afternoon,Mon,7,0.57,14.3,14.65
3506,Gadget_Y,336,Premium,M02,6.0,19.4,3,23.8,72.7,Morning,Mon,5,6.53,14.65,17.32
1382,Widget_B,67,Economy,M02,22.9,21.0,3,23.1,,Afternoon,Sun,1,6.8,3.95,3.66
4280,Widget_A,179,Economy,M07,16.9,6.6,5,18.5,90.6,Afternoon,Sat,4,3.99,7.58,7.25
2478,Gadget_X,269,Standard,M06,18.4,24.4,2,31.7,56.8,Night,Sat,6,6.39,21.5,21.12
3574,Widget_B,352,Economy,M08,23.9,59.4,3,33.9,77.5,Night,Sat,6,0.71,10.51,10.01
2011,Gadget_X,198,Premium,M10,6.5,13.7,1,25.8,48.2,Afternoon,Sun,2,3.39,18.96,22.84
3472,Gadget_Y,123,Standard,M10,5.1,36.9,2,31.9,46.7,Afternoon,Sat,5,3.24,5.63,6.49
3954,Gadget_Y,478,Economy,M02,15.0,59.0,1,30.4,,Night,Sat,8,9.29,14.06,13.59
1663,Widget_A,425,Standard,M07,5.5,40.7,2,28.5,50.9,Afternoon,Sat,5,,10.81,11.3
2616,Gadget_X,360,Standard,M08,11.1,46.0,4,31.8,64.4,Afternoon,Sun,3,2.24,38.99,37.34
4187,Gadget_Y,264,Standard,M05,20.7,16.0,3,33.8,67.9,Night,Sun,4,0.6,18.29,15.93
4212,Widget_A,491,economy,M09,15.0,42.0,4,21.4,75.6,Morning,Fri,6,6.8,11.43,10.66
2962,Gadget_Y,361,Standard,M01,1.9,39.7,4,33.9,65.4,Afternoon,Wed,6,3.12,23.17,23.09
3761,Widget_A,127,Premium,M04,24.6,39.8,2,35.9,50.4,Afternoon,Sat,8,6.22,2.37,2.67
3683,Widget_A,374,Premium,M04,9.8,19.7,4,23.2,,Night,Wed,4,2.19,13.29,13.09
2847,Gadget_X,416,Standard,M08,,39.4,5,26.3,77.3,Morning,Wed,4,3.44,37.18,44.36
1846,Widget_A,457,Standard,M04,0.9,57.6,3,32.1,54.6,Afternoon,Sat,1,5.6,23.5,28.22
1543,Widget_C,197,PREMIUM,M05,14.1,5.2,4,26.2,47.1,Morning,Mon,4,1.65,16.03,14.77
2747,Gadget_Y,473,Premium,M06,12.6,46.6,3,30.9,40.0,Afternoon,Mon,2,0.35,35.33,34.85
4444,Widget_B,106,Standard,M08,14.5,51.7,1,22.3,31.8,Night,Tue,4,2.29,3.56,3.58
3149,Widget_C,3000,Standard,M03,20.6,30.4,1,30.1,54.7,Night,Mon,6,0.59,1.26,1.39
2103,Widget_A,31,Premium,M08,,57.9,3,22.0,40.0,Night,Sun,1,3.55,2.32,2.73
3370,Gadget_X,191,Premium,M01,23.8,34.0,4,24.7,57.6,Night,Tue,5,4.1,16.7,15.9
3501,Widget_A,196,Standard,M03,6.8,7.7,1,32.3,56.4,Morning,Tue,4,0.41,3.91,4.47
2726,Gadget_Y,450,Standard,M01,,58.9,1,29.5,60.1,Morning,Mon,8,1.76,12.45,10.71
4347,Gadget_X,223,Premium,M07,,48.7,5,30.9,44.1,Morning,Sun,4,9.03,31.05,30.16
3196,Gadget_Y,498,Premium,M06,,44.5,5,29.5,59.0,Afternoon,Fri,3,2.34,48.68,48.53
2392,Widget_A,278,Standard,M04,3.3,55.7,2,33.1,61.4,Night,Sat,1,0.49,14.24,12.6
2049,Widget_C,357,PREMIUM,M10,21.2,19.7,2,27.7,31.2,Afternoon,Sun,1,0.15,27.19,31.32
3507,Widget_A,117,Standard,M09,13.0,24.9,1,26.2,67.4,Afternoon,Sat,4,2.01,2.59,2.98
2331,Widget_B,308,Standard,M06,24.3,33.8,2,20.8,56.6,Night,Mon,7,2.26,10.56,12.61
3743,Widget_B,209,premium,M05,5.1,48.0,4,28.7,46.5,Afternoon,Tue,7,2.21,12.24,15.25
3806,Gadget_X,107,Economy,M02,21.0,10.4,5,23.4,,Afternoon,Mon,7,,7.55,8.0
1238,Gadget_Y,394,Economy,M06,6.4,40.4,5,30.8,73.2,Morning,Fri,5,4.75,28.86,24.84
2816,Widget_C,89,Standard,M04,12.6,44.3,3,26.7,55.0,Morning,Sun,5,5.31,5.83,5.11
2393,Widget_A,98,Premium,M03,17.2,53.6,2,29.0,42.0,Afternoon,Wed,5,3.71,2.08,2.05
2134,Widget_C,417,Standard,M06,14.9,24.1,2,22.9,,Night,Wed,2,7.22,48.53,51.14
3303,Widget_C,399,Premium,M03,19.6,31.8,2,35.1,47.4,Afternoon,Sat,1,1.03,30.01,32.61
3413,Gadget_X,193,Standard,M05,17.2,25.3,2,36.6,40.0,Morning,Thu,7,0.36,10.48,12.92
1164,Widget_A,355,Standard,M01,7.6,22.5,1,28.7,43.9,Morning,Tue,1,3.19,11.31,12.45
2443,Gadget_Y,56,Standard,M05,9.2,19.8,3,33.1,58.8,Afternoon,Thu,5,4.28,3.98,4.31
1253,Widget_A,120,Standard,M02,15.2,39.8,4,31.7,48.9,Morning,Sat,4,1.01,2.64,3.22
3851,Gadget_Y,255,Standard,M04,3.1,22.6,4,27.6,43.1,Morning,Mon,8,2.86,11.11,12.48
3105,Gadget_X,188,Standard,M01,14.0,13.5,5,32.8,90.3,Afternoon,Mon,3,6.36,28.55,29.02
1931,Widget_B,284,Standard,M09,22.6,19.1,1,32.9,40.6,Morning,Tue,6,1.71,6.32,5.68
4278,Gadget_Y,216,economy,M01,19.7,47.1,5,21.0,16.6,Afternoon,Fri,6,4.32,13.11,11.57
4310,Gadget_X,466,STANDARD,M10,13.0,32.8,5,28.4,58.6,Night,Thu,3,4.27,64.57,73.53
4108,Widget_A,99,Standard,M02,21.5,49.9,2,22.2,29.7,Morning,Fri,5,6.33,1.91,2.17
2996,Gadget_X,285,Premium,M05,23.4,25.6,5,31.5,35.3,Night,Sat,1,7.36,59.93,71.36
3418,Gadget_Y,481,Premium,M07,1.0,5.7,5,35.5,58.9,Morning,Mon,5,6.07,45.16,40.02
3000,Widget_C,267,Economy,M02,17.8,7.8,1,17.9,46.2,Afternoon,Mon,2,4.9,15.23,15.38
2887,Widget_C,186,Economy,M02,16.9,23.3,2,25.6,30.1,Afternoon,Sun,1,0.38,12.36,11.88
2091,Widget_A,307,Standard,M03,5.9,30.9,1,28.6,73.3,Morning,Thu,7,2.19,4.37,4.5
4090,Widget_B,217,Standard,M08,4.2,25.0,1,25.0,,Morning,Sun,4,3.18,6.25,7.19
2182,Widget_C,204,Premium,M01,5.4,5.7,5,24.3,44.1,Night,Sat,5,3.27,19.41,19.11
1594,Widget_A,217,Premium,M06,6.1,15.1,2,19.5,55.5,Morning,Tue,7,1.19,4.66,4.31
1678,Widget_B,173,Standard,M08,,45.0,1,33.9,55.7,Afternoon,Sat,3,3.79,7.47,7.01
1042,Gadget_X,404,STANDARD,M08,9.4,35.9,5,22.1,33.1,Morning,Mon,3,3.92,49.59,54.55
2633,Widget_C,51,Standard,M05,11.1,25.3,5,30.3,60.3,Night,Sun,2,0.32,8.35,9.42
2413,Widget_A,288,Standard,M04,4.2,33.8,3,36.1,36.3,Morning,Sat,2,0.97,9.38,8.65
4047,Widget_C,184,Premium,M04,14.2,59.4,1,23.8,62.0,Morning,Fri,8,1.89,5.68,6.8
1244,Widget_B,337,Standard,M06,17.6,43.9,1,21.8,49.7,Morning,Fri,6,1.08,10.26,11.88
2125,Gadget_X,185,Premium,M07,7.8,42.9,5,21.7,59.3,Afternoon,Tue,7,1.53,20.06,20.06
2667,Widget_A,188,Standard,M10,6.2,31.9,5,22.5,,Night,Sat,6,1.77,5.75,5.53
2437,Gadget_X,88,Economy,M01,3.0,17.2,5,29.4,56.4,Afternoon,Thu,4,0.5,11.4,12.96
3996,Gadget_Y,303,Economy,M07,14.6,18.1,5,26.7,54.7,Night,Wed,3,3.51,35.49,36.82
1262,Gadget_Y,384,Economy,M08,,31.8,1,25.9,,Afternoon,Fri,2,0.85,16.89,15.38
2927,Widget_B,493,Premium,M02,12.4,55.8,3,29.2,41.9,Morning,Thu,3,5.69,18.0,17.25
3355,Widget_C,237,Premium,M08,5.4,12.7,2,25.3,59.9,Morning,Fri,4,2.23,14.25,14.31
1835,Widget_A,235,Standard,M07,5.4,26.3,3,32.3,,Morning,Sat,2,2.21,10.18,11.19
3715,Widget_B,445,Premium,M01,19.9,30.8,2,26.1,54.1,Morning,Sun,7,3.57,13.56,15.54
3250,Widget_B,250,Standard,M09,11.7,48.9,1,28.6,27.8,Afternoon,Thu,8,0.72,6.3,5.87
2967,Widget_B,499,Standard,M02,5.4,18.9,2,34.5,61.9,Morning,Thu,1,4.27,27.27,31.18
2928,Gadget_Y,162,Standard,M01,20.4,5.6,3,25.8,67.3,Afternoon,Tue,3,4.33,9.29,11.55
1341,Widget_C,399,Premium,M01,17.5,26.3,2,28.1,34.9,Night,Sun,2,0.54,37.48,36.32
2469,Gadget_X,245,Standard,M10,21.0,39.7,3,26.8,65.1,Morning,Wed,3,0.94,17.76,20.62
1749,Gadget_Y,297,Standard,M08,0.9,32.1,3,30.2,71.0,Night,Fri,2,3.06,25.78,25.38
2484,Widget_A,198,STANDARD,M03,4.1,47.9,2,27.8,47.7,Afternoon,Sun,7,5.52,3.72,4.01
1481,Widget_C,455,Economy,M03,10.9,30.4,3,17.0,36.6,Morning,Thu,5,3.99,27.03,30.66
3248,Widget_B,231,Premium,M02,17.9,46.6,1,27.0,60.0,Night,Sun,8,9.27,5.29,4.69
2874,Gadget_X,143,Standard,M04,21.4,28.4,5,23.6,66.0,Morning,Sat,5,3.62,12.83,14.6
2579,Widget_B,181,Standard,M03,,30.0,1,32.9,63.6,Afternoon,Mon,5,3.49,6.35,5.68
1784,Widget_C,477,Premium,M09,17.7,7.1,4,33.9,39.5,Night,Sun,5,3.13,35.15,35.74
4015,Widget_A,322,Economy,M05,,54.9,5,23.9,91.0,Night,Wed,8,0.68,11.98,14.12
4402,Widget_A,306,Standard,M05,,20.5,5,24.2,59.0,Afternoon,Sat,8,0.99,8.12,8.12
4048,Widget_A,426,Standard,M06,,38.0,4,28.2,28.4,Morning,Sat,4,0.16,11.42,13.43
3823,Widget_A,313,Premium,M03,25.0,6.7,5,27.2,50.1,Morning,Fri,4,5.06,7.46,7.37
4099,Widget_C,121,Standard,M01,20.1,8.7,1,25.2,71.1,Afternoon,Tue,7,9.47,5.49,6.35
3346,Widget_A,292,Economy,M08,21.0,32.6,2,31.0,55.3,Afternoon,Thu,8,1.72,3.74,3.5
2353,Widget_C,436,Premium,M02,19.6,9.1,1,26.3,36.8,Morning,Fri,6,0.13,13.23,14.49
4471,Widget_A,34,Standard,M05,12.1,26.8,5,25.6,39.7,Morning,Sat,3,,1.96,1.79
4287,Widget_C,10,Standard,M07,6.6,18.6,3,28.1,46.4,Afternoon,Mon,2,,1.53,1.86
3496,Widget_A,83,Standard,M04,6.6,23.2,2,23.9,66.4,Morning,Sat,3,5.09,2.6,3.07
4312,Widget_A,208,Standard,M07,10.8,54.3,1,35.1,61.1,Night,Sun,4,0.64,7.02,6.68
4151,Widget_B,152,premium,M03,13.3,36.7,5,37.4,41.3,Morning,Mon,5,10.37,7.25,8.61
2128,Widget_C,69,STANDARD,M04,7.3,27.7,4,23.1,49.8,Night,Mon,6,2.33,5.22,6.26
1627,Widget_C,314,Premium,M10,18.6,43.4,2,26.3,,Afternoon,Tue,3,,20.54,20.85
1348,Widget_C,209,Standard,M07,11.0,5.4,3,30.5,25.3,Night,Wed,5,1.58,22.62,23.39
3251,Gadget_X,278,Standard,M09,1.4,15.4,1,22.7,20.6,Morning,Sat,8,0.56,13.13,13.96
3440,Widget_B,31,Premium,M10,8.3,10.4,4,21.3,49.9,Night,Wed,1,0.72,2.78,2.98
1980,Gadget_Y,297,Premium,M03,20.7,56.1,1,31.0,38.6,Morning,Mon,7,3.12,8.5,7.52
4028,Gadget_Y,291,Standard,M01,10.4,40.2,2,23.8,71.3,Night,Tue,2,6.43,28.74,29.11
3555,Widget_B,228,Standard,M02,12.7,6.0,5,36.2,56.6,Night,Tue,6,6.59,10.0,10.04
1912,Widget_C,85,Premium,M06,1.0,45.1,2,35.4,52.4,Night,Sat,1,6.76,13.97,13.22
4131,Widget_B,213,Standard,M03,18.0,57.2,4,27.9,38.1,Afternoon,Sun,7,0.34,6.52,6.4
1633,Widget_A,14,Standard,M10,14.5,9.6,2,35.8,69.7,Morning,Fri,1,0.8,0.55,0.67
2371,Widget_A,385,Standard,M04,15.6,36.5,1,34.3,67.7,Afternoon,Sun,2,1.89,11.56,14.41
1446,Widget_C,122,Standard,M03,9.0,39.9,3,28.1,78.5,Afternoon,Thu,6,5.28,8.13,7.78
1618,Gadget_X,250,Economy,M01,17.5,13.4,3,17.5,69.6,Afternoon,Tue,8,4.37,14.3,13.8
4227,Widget_A,42,Premium,M05,7.6,38.5,4,32.5,64.4,Night,Tue,2,1.28,2.72,3.19
2489,Widget_B,476,economy,M06,4.7,12.8,1,27.7,57.7,Afternoon,Sat,6,4.88,18.13,22.22
2790,Widget_A,223,Standard,M10,4.0,58.8,2,33.3,49.0,Afternoon,Thu,1,3.13,9.71,11.66
2958,Widget_B,143,Economy,M06,3.1,49.1,1,20.2,29.1,Afternoon,Tue,6,2.79,6.21,7.17
3987,Widget_A,53,Economy,M07,,58.9,1,22.7,67.2,Morning,Tue,7,4.2,1.47,1.74
2581,Gadget_X,283,Standard,M02,23.5,27.5,3,29.3,55.1,Night,Sat,6,3.58,14.59,14.04
2737,Widget_A,229,Standard,M09,21.5,35.8,2,23.9,59.7,Night,Sun,8,6.92,4.16,4.0
1354,Widget_C,353,Premium,M07,17.3,43.8,4,28.5,42.0,Afternoon,Fri,8,0.04,20.43,18.63
2233,Gadget_X,119,Standard,M09,10.9,5.2,5,24.3,46.9,Night,Sat,1,4.26,23.59,24.58
1614,Widget_C,152,Standard,M08,16.4,27.9,5,36.5,71.2,Morning,Mon,4,3.29,10.0,10.84
3120,Widget_B,45,Standard,M05,2.4,17.0,4,31.6,44.1,Morning,Tue,1,4.51,4.65,5.57
2352,Widget_A,107,economy,M03,8.1,16.7,1,31.9,55.0,Morning,Wed,6,4.7,1.84,2.08
3067,Widget_A,108,Premium,M10,14.7,39.7,1,35.1,35.9,Morning,Fri,2,5.57,3.06,2.9
2860,Gadget_X,310,Standard,M10,19.7,57.7,1,26.5,31.7,Afternoon,Wed,4,0.05,19.16,16.85
3233,Widget_C,256,STANDARD,M07,8.4,18.7,5,25.9,62.5,Afternoon,Fri,8,7.57,23.17,26.04
1058,Gadget_Y,45,Economy,M08,1.6,48.2,5,29.4,65.6,Morning,Sun,7,2.56,2.58,2.9
2986,Gadget_X,397,Premium,M03,14.9,59.7,4,26.3,33.2,Night,Sat,2,1.56,50.64,44.11
2036,Widget_C,404,Standard,M05,9.8,17.0,1,33.9,71.6,Morning,Tue,2,3.81,35.21,33.14
3578,Gadget_X,178,PREMIUM,M10,13.3,28.9,3,26.6,78.5,Morning,Sat,1,1.35,18.82,20.2
2254,Widget_C,98,Standard,M05,14.3,12.5,3,21.9,68.2,Night,Wed,5,2.38,9.28,9.34
3933,Widget_B,90,PREMIUM,M07,10.0,58.8,5,26.7,41.7,Morning,Thu,7,5.22,4.96,5.73
3214,Widget_A,262,Standard,M09,19.9,15.0,2,22.2,65.5,Afternoon,Wed,2,2.08,5.85,6.72
3058,Widget_B,22,Standard,M09,12.1,11.5,2,32.9,32.2,Morning,Wed,1,6.45,1.34,1.26
4336,Gadget_X,376,Standard,M07,18.4,39.9,5,30.6,83.2,Morning,Mon,1,4.68,69.65,69.49
3345,Gadget_X,91,Premium,M01,3.0,53.1,4,32.7,37.3,Morning,Sat,7,5.26,9.04,11.02
1753,Widget_A,433,STANDARD,M10,13.8,23.9,1,25.0,72.5,Night,Mon,1,5.38,15.79,17.82
4316,Gadget_X,481,Standard,M10,17.0,48.8,2,28.2,68.8,Night,Sun,6,4.7,32.86,27.98
1561,Widget_C,387,Standard,M03,12.2,35.2,2,33.0,56.6,Afternoon,Sat,2,2.44,33.97,40.04
1708,Gadget_Y,180,PREMIUM,M07,2.1,21.4,4,32.4,41.8,Morning,Wed,1,1.04,28.74,29.18
2293,Widget_A,172,Economy,M06,14.3,27.4,4,22.9,83.3,Morning,Thu,8,3.98,4.09,4.05
1425,Widget_A,34,Premium,M09,5.6,32.2,4,26.2,52.8,Morning,Wed,7,5.45,0.95,0.86
2094,Gadget_Y,342,Standard,M04,10.1,58.0,1,28.3,56.9,Morning,Sat,8,1.56,10.35,12.42
1648,Widget_B,400,Premium,M07,5.7,44.7,3,27.3,,Night,Mon,8,0.95,17.62,20.11
1073,Widget_B,139,Standard,M07,5.3,11.6,4,33.8,61.7,Afternoon,Fri,7,2.76,6.78,7.65
2653,Gadget_Y,15,Economy,M01,11.4,33.3,4,27.3,55.5,Night,Wed,8,1.77,1.05,1.15
2481,Widget_A,487,Standard,M02,16.5,43.4,5,24.6,70.9,Afternoon,Sun,5,0.8,10.22,9.65
3669,Widget_A,126,Premium,M06,22.4,36.9,5,25.9,55.6,Afternoon,Sun,3,1.83,5.14,5.96
2006,Gadget_Y,168,Standard,M08,4.4,29.4,4,28.1,54.8,Morning,Sun,7,6.57,7.88,9.69
1621,Gadget_X,172,Premium,M06,23.9,30.0,4,28.2,37.0,Morning,Wed,4,0.98,16.78,14.27
2826,Gadget_X,453,Standard,M01,,29.7,1,23.3,77.8,Night,Sun,1,6.09,51.28,62.15
3528,Widget_A,370,economy,M09,8.6,52.4,3,37.8,53.0,Morning,Wed,5,5.13,8.42,9.18
1554,Widget_A,465,Standard,M01,,48.1,4,31.6,77.7,Night,Fri,8,2.67,12.62,15.59
2453,Widget_A,16,Premium,M01,,40.2,4,23.5,19.8,Morning,Wed,3,4.46,1.08,0.99
3168,Widget_C,209,economy,M04,10.0,21.2,4,22.3,38.1,Afternoon,Thu,2,1.23,23.14,24.75
4122,Gadget_Y,479,Standard,M02,12.7,44.6,1,29.5,54.3,Morning,Tue,6,4.09,12.66,13.89
2939,Widget_B,220,Standard,M05,15.0,24.4,5,25.5,71.4,Morning,Sat,5,1.76,12.19,13.18
1999,Widget_A,115,Standard,M03,4.8,42.7,1,36.0,61.8,Night,Fri,7,1.6,2.26,2.24
3298,Widget_C,141,Premium,M01,21.9,19.0,1,20.8,29.8,Morning,Thu,6,3.5,5.67,6.34
3937,Widget_C,401,Premium,M08,8.9,54.5,5,27.6,44.3,Morning,Fri,7,2.17,18.01,16.8
3497,Gadget_Y,201,Premium,M09,19.1,33.1,1,32.1,58.4,Afternoon,Tue,4,1.76,9.34,9.64
4219,Widget_A,377,Economy,M09,16.3,40.5,2,28.5,70.2,Night,Fri,4,6.26,9.84,10.94
4500,Widget_A,181,Standard,M06,10.4,46.1,5,28.5,67.8,Morning,Fri,6,4.98,6.49,6.34
4388,Gadget_Y,374,Standard,M05,13.8,49.7,3,24.4,60.5,Afternoon,Thu,3,3.02,32.06,32.74
3429,Widget_C,464,Premium,M05,7.8,53.3,1,33.5,71.4,Morning,Sat,3,11.16,36.4,37.56
1441,Gadget_X,14,Standard,M10,11.3,7.7,4,37.6,,Morning,Thu,8,5.61,0.94,0.89
1509,Gadget_Y,485,Standard,M10,4.3,36.8,5,27.6,,Morning,Fri,6,0.72,23.52,25.77
2101,Gadget_Y,217,Economy,M10,23.8,40.1,5,20.0,40.7,Morning,Tue,4,4.07,11.14,10.43
1590,Widget_A,218,Economy,M02,11.9,46.6,3,20.4,76.2,Night,Thu,4,0.29,4.4,4.87
2611,Widget_C,194,Premium,M04,3.5,53.1,4,38.4,57.8,Morning,Sun,6,0.15,11.57,13.59
1650,Widget_C,53,standard,M10,19.6,48.4,2,15.9,46.8,Morning,Thu,6,5.77,2.85,3.05
4206,Widget_A,253,Economy,M05,6.5,23.9,2,32.9,42.1,Morning,Sun,1,3.96,11.93,10.42
3046,Gadget_X,188,Standard,M02,13.6,17.2,5,19.2,61.4,Morning,Wed,8,3.06,11.79,12.17
4394,Widget_B,77,Premium,M07,10.4,58.9,4,33.9,45.8,Night,Mon,5,5.69,5.95,7.07
2645,Widget_A,376,Premium,M04,9.7,43.7,3,30.7,56.2,Afternoon,Thu,4,0.91,10.39,11.61
4378,Widget_C,423,Premium,M10,,28.4,4,31.9,50.6,Afternoon,Mon,8,3.44,24.37,26.44
1661,Widget_A,109,Standard,M07,11.1,43.3,1,24.8,83.5,Morning,Sun,8,3.5,1.91,1.91
1631,Widget_A,35,Standard,M06,19.9,46.0,1,32.3,81.9,Morning,Fri,1,5.77,1.71,1.52
2745,Gadget_Y,401,Premium,M08,16.6,47.0,4,34.3,63.0,Afternoon,Wed,2,3.6,21.96,21.87
3284,Widget_C,254,PREMIUM,M01,3.0,12.6,4,29.0,,Night,Tue,3,2.25,33.89,42.2
4323,Widget_A,376,Standard,M01,6.4,43.2,4,23.7,43.7,Morning,Tue,1,2.72,18.39,16.42
1483,Widget_B,381,Standard,M09,22.0,34.2,4,27.8,87.5,Morning,Tue,6,6.41,13.49,12.54
2555,Gadget_Y,435,Standard,M07,9.5,11.9,4,19.5,74.7,Morning,Wed,1,4.83,58.8,54.08
4001,Widget_C,209,Economy,M02,8.2,56.8,3,26.1,47.4,Afternoon,Wed,4,3.43,13.5,12.02
4398,Gadget_Y,64,Standard,M09,22.6,15.7,5,27.3,53.5,Night,Wed,2,1.36,5.91,6.01
3454,Widget_C,131,Standard,M06,20.3,18.8,3,17.0,54.1,Night,Wed,7,2.91,7.9,8.94
4344,Widget_C,423,Standard,M07,11.7,43.7,5,23.6,67.0,Afternoon,Fri,2,4.7,70.71,69.96
3097,Gadget_Y,16,Premium,M05,5.6,10.1,2,29.3,66.3,Morning,Fri,8,1.55,0.78,0.75
1857,Widget_A,250,Standard,M07,15.7,57.1,1,21.5,48.0,Night,Mon,4,4.64,7.66,9.1
2226,Widget_B,362,Standard,M05,19.6,24.7,3,28.0,63.4,Afternoon,Mon,2,9.27,28.76,24.89
2191,Gadget_X,158,Premium,M09,19.9,52.5,5,24.3,66.2,Morning,Sun,4,1.53,13.88,16.58
2821,Gadget_Y,319,Economy,M02,13.4,39.1,4,17.6,,Morning,Mon,1,1.49,26.76,32.81
1531,Gadget_Y,65,Standard,M07,11.4,39.2,4,22.4,48.2,Night,Tue,6,1.78,5.42,6.14
3358,Widget_C,327,Economy,M04,9.2,25.9,4,38.1,66.0,Morning,Sun,5,2.6,23.16,21.98
1050,Widget_B,147,Premium,M10,19.0,13.6,5,34.6,36.0,Night,Tue,1,1.93,11.7,13.46
3271,Widget_B,356,Premium,M10,17.4,53.6,4,28.4,63.6,Night,Sun,2,6.78,20.83,19.51
1859,Gadget_Y,27,Premium,M05,7.8,39.7,4,32.2,63.9,Night,Tue,4,8.63,3.24,3.51
2415,Gadget_Y,244,Premium,M03,14.3,12.2,5,30.7,41.0,Afternoon,Thu,8,0.18,10.42,12.84
2073,Widget_B,292,Standard,M04,10.5,37.6,2,28.8,35.1,Night,Mon,7,3.76,9.88,11.61
1720,Widget_A,134,Economy,M05,12.3,21.5,3,26.7,35.4,Morning,Sat,4,,4.17,5.18
2638,Gadget_Y,260,Standard,M05,,58.8,3,31.3,56.3,Morning,Sat,8,8.92,11.25,11.33
3249,Widget_B,381,Premium,M04,4.1,17.0,4,30.9,80.6,Afternoon,Sat,1,3.52,30.48,30.85
4397,Gadget_Y,334,Standard,M07,,56.4,5,28.0,51.6,Morning,Sun,3,1.88,31.48,36.03
2804,Widget_A,388,economy,M10,18.4,58.5,2,18.0,62.9,Night,Sun,3,1.41,10.44,12.96
3030,Widget_B,317,Standard,M09,6.7,36.3,1,34.7,51.8,Afternoon,Sun,2,5.0,14.86,17.9
3504,Widget_C,437,Standard,M05,18.4,36.6,2,25.2,53.7,Morning,Sat,2,,44.16,46.67
2792,Gadget_X,449,Economy,M05,17.3,14.3,4,18.9,74.8,Afternoon,Wed,6,3.68,45.76,48.99
3620,Widget_B,71,Standard,M02,20.1,25.4,3,35.8,,Night,Sat,7,1.74,2.11,2.22
2468,Gadget_X,10,Premium,M10,14.4,16.8,3,29.2,50.3,Morning,Thu,8,3.07,0.59,0.67
4218,Widget_B,374,Standard,M08,12.8,42.8,1,30.7,61.7,Night,Sun,6,1.61,10.87,12.27
4169,Gadget_Y,117,Standard,M04,1.4,34.4,5,24.0,55.7,Morning,Thu,2,5.11,11.88,12.47
3423,Gadget_Y,191,Standard,M06,21.1,34.0,2,29.8,67.2,Night,Mon,7,0.87,8.89,8.82
2724,Widget_B,453,Standard,M05,12.2,26.3,5,34.7,47.9,Morning,Tue,8,0.67,19.08,20.18
3336,Gadget_X,336,Premium,M03,18.7,53.7,2,31.7,34.2,Morning,Tue,8,5.29,16.87,15.16
2400,Gadget_Y,269,Standard,M06,9.5,58.6,1,40.5,62.4,Night,Fri,6,,13.61,13.2
3518,Gadget_Y,11,Standard,M03,8.3,36.5,5,21.1,38.6,Afternoon,Sun,4,2.29,1.1,1.0
2196,Gadget_X,488,Economy,M09,15.8,55.9,5,22.5,79.6,Morning,Sat,6,5.94,45.15,56.17
2676,Gadget_Y,18,Standard,M07,,46.6,4,25.3,,Morning,Fri,5,3.09,1.94,1.99
4080,Widget_B,51,Economy,M03,2.1,17.5,2,18.1,57.6,Morning,Thu,7,6.08,1.94,2.32
3517,Widget_A,156,Standard,M01,19.4,18.1,2,26.7,68.7,Afternoon,Sun,6,0.66,3.08,3.36
1298,Widget_B,322,Standard,M02,9.8,26.6,4,38.3,52.8,Afternoon,Tue,7,1.32,9.67,10.62
2656,Gadget_Y,303,Standard,M06,16.1,29.7,5,25.3,57.4,Afternoon,Fri,4,4.01,24.71,28.04
2265,Widget_C,353,Standard,M05,21.6,5.5,3,38.7,24.3,Morning,Thu,8,5.98,18.3,16.58
4274,Gadget_Y,434,Standard,M08,23.6,37.6,2,24.1,62.2,Night,Wed,1,3.82,26.66,33.29
1959,Widget_C,436,economy,M08,7.2,29.1,3,25.0,72.4,Night,Fri,4,9.16,35.23,42.6
4191,Widget_C,168,Standard,M04,22.3,9.7,2,24.7,62.2,Afternoon,Fri,8,0.61,5.6,6.42
2682,Widget_C,336,Standard,M03,18.4,44.0,1,32.5,65.8,Afternoon,Mon,2,1.59,20.37,20.24
4498,Widget_C,477,Standard,M01,16.5,22.1,1,21.3,58.2,Morning,Thu,4,5.15,23.46,24.35
3127,Widget_A,294,Standard,M04,9.7,41.1,3,23.9,55.6,Morning,Thu,1,4.58,11.94,11.29
2287,Widget_A,38,Premium,M08,6.6,9.3,1,24.7,44.9,Morning,Fri,7,2.88,0.46,0.53
1350,Widget_C,442,PREMIUM,M06,18.2,23.2,5,20.2,84.8,Morning,Sat,5,4.69,31.89,35.19
2730,Widget_B,164,Premium,M03,18.6,44.4,4,30.3,32.2,Night,Sat,2,1.56,9.67,8.75
1644,Gadget_X,258,Economy,M02,5.8,11.2,2,24.3,58.1,Afternoon,Fri,4,7.6,22.78,26.06
3179,Gadget_X,10,Economy,M08,20.5,34.9,3,28.7,45.4,Afternoon,Sat,5,4.32,0.86,0.73
2603,Widget_C,481,STANDARD,M09,23.5,28.6,3,25.2,66.5,Morning,Wed,7,4.95,18.62,18.53
1670,Gadget_Y,390,PREMIUM,M10,8.5,57.8,5,29.4,39.9,Morning,Sat,2,3.49,36.86,34.9
3430,Widget_A,92,Standard,M03,5.0,7.2,5,31.1,26.5,Morning,Fri,6,4.36,2.54,2.18
3879,Gadget_Y,18,Standard,M04,5.9,22.1,5,25.5,28.2,Afternoon,Fri,6,1.19,1.26,1.21
4228,Gadget_Y,80,Economy,M03,6.2,7.2,3,17.1,,Night,Thu,6,8.96,4.58,5.58
2180,Gadget_X,27,Premium,M08,24.6,7.3,4,32.7,76.4,Afternoon,Sun,6,0.77,1.63,1.94
4197,Gadget_Y,99,premium,M08,10.6,27.5,5,26.3,64.3,Night,Fri,7,3.7,5.35,5.41
3167,Widget_B,200,Standard,M09,,37.8,2,22.6,53.1,Night,Wed,1,7.08,14.3,17.19
3780,Gadget_Y,208,Standard,M01,2.5,28.4,4,32.3,77.3,Morning,Sat,3,1.86,18.07,19.21
3470,Gadget_X,491,Standard,M04,7.6,30.0,5,40.1,25.7,Morning,Sat,2,6.73,70.21,63.15
3186,Widget_B,50,Standard,M02,23.6,11.4,2,27.6,43.5,Morning,Wed,6,10.69,1.2,1.45
2358,Gadget_Y,381,Standard,M01,23.4,57.4,4,27.7,38.9,Night,Mon,1,7.26,38.8,46.41
1787,Gadget_Y,256,Standard,M03,7.0,35.3,3,22.6,68.4,Morning,Sun,5,2.7,13.71,16.08
4156,Widget_C,49,Premium,M05,10.4,23.9,5,30.8,30.8,Morning,Sat,6,2.22,4.07,4.28
1141,Gadget_Y,453,Standard,M04,4.4,24.6,3,18.9,35.7,Afternoon,Tue,3,2.11,31.44,34.84
1789,Gadget_X,470,Standard,M10,11.3,20.8,4,21.8,60.5,Morning,Tue,2,6.94,52.6,52.7
1324,Widget_A,241,Standard,M06,4.4,47.3,2,25.1,42.7,Afternoon,Thu,5,3.39,7.82,8.24
3971,Widget_B,315,Premium,M07,24.1,46.3,4,25.8,68.1,Night,Sun,7,10.87,17.84,15.91
1715,Widget_C,80,standard,M08,6.0,27.5,5,21.3,60.8,Afternoon,Sat,7,3.72,5.29,5.69
2830,Widget_A,245,standard,M08,11.4,17.3,4,30.3,,Morning,Thu,3,3.8,5.91,7.18
3091,Gadget_Y,192,Standard,M07,18.2,38.2,1,29.4,88.2,Afternoon,Fri,6,3.39,9.4,9.94
3029,Widget_A,82,Premium,M06,13.7,14.5,3,26.4,42.2,Morning,Wed,7,0.0,2.0,1.98
3119,Gadget_Y,43,Premium,M03,23.9,15.9,3,25.0,34.1,Morning,Mon,7,5.16,1.64,1.95
3356,Widget_A,197,Standard,M09,7.1,5.3,1,27.6,68.2,Morning,Mon,3,4.37,4.22,4.71
4186,Widget_C,198,Economy,M03,20.0,17.2,3,21.4,47.8,Afternoon,Sun,7,0.01,8.69,9.46
1619,Widget_A,424,Standard,M09,,59.2,1,27.0,36.5,Afternoon,Sun,8,3.55,7.2,6.49
1407,Widget_B,469,Standard,M08,1.1,41.6,4,20.0,40.3,Morning,Sat,6,5.56,18.07,20.91
2615,Widget_A,153,Standard,M04,24.8,25.5,5,25.8,46.7,Morning,Fri,6,1.98,3.7,3.38
2599,Widget_A,205,economy,M08,16.3,15.1,2,24.2,36.7,Afternoon,Wed,6,0.67,3.13,3.26
4368,Widget_A,160,economy,M03,18.7,16.8,2,34.0,69.7,Morning,Wed,2,6.32,3.99,3.67
2587,Widget_B,431,Premium,M02,0.6,55.7,1,25.4,15.2,Afternoon,Wed,1,3.37,25.99,25.15
3584,Widget_C,41,Standard,M09,,12.5,4,34.4,61.6,Afternoon,Wed,1,2.41,5.66,5.61
1498,Gadget_Y,79,Premium,M06,21.0,52.4,5,28.6,26.9,Afternoon,Mon,8,0.94,4.45,4.22
3422,Gadget_Y,74,Standard,M09,,34.8,2,40.5,21.6,Morning,Tue,4,1.07,4.29,5.27
1343,Gadget_X,443,STANDARD,M03,16.8,31.9,3,19.4,57.4,Morning,Sun,3,3.52,35.21,32.73
3286,Widget_A,300,Premium,M02,18.8,52.9,2,26.5,53.6,Morning,Wed,5,1.34,4.66,5.41
4050,Gadget_Y,235,Standard,M10,,14.8,5,25.9,76.3,Afternoon,Fri,4,2.61,16.59,19.44
1783,Widget_C,202,Standard,M01,13.9,39.1,3,33.4,46.2,Morning,Sun,5,5.2,13.95,15.45
2324,Gadget_Y,209,Standard,M05,24.4,48.0,4,28.9,84.5,Night,Sat,1,0.69,26.36,23.06
4403,Widget_A,470,Standard,M02,24.3,22.3,1,27.3,106.9,Afternoon,Mon,4,5.75,6.33,6.23
3567,Gadget_Y,217,Standard,M04,6.3,56.8,4,27.0,45.4,Afternoon,Sun,6,2.13,13.14,12.99
1304,Gadget_Y,53,Standard,M06,7.3,43.3,2,31.3,70.2,Morning,Tue,6,3.13,3.49,3.41
4037,Widget_B,352,Premium,M07,2.5,36.2,4,31.0,41.3,Morning,Fri,1,4.4,42.3,47.21
3173,Widget_A,396,Premium,M06,7.2,26.7,1,28.4,35.4,Afternoon,Fri,8,2.3,7.32,7.28
1665,Widget_B,441,Premium,M07,8.0,50.1,4,26.2,48.7,Afternoon,Tue,8,6.07,19.95,22.31
2178,Widget_A,173,Premium,M04,24.9,40.8,2,32.0,52.4,Morning,Wed,4,1.5,3.15,2.92
2245,Gadget_X,294,Economy,M07,21.7,30.1,2,31.5,,Night,Wed,5,4.29,27.09,24.74
3689,Gadget_X,54,STANDARD,M05,3.5,14.5,4,24.7,65.3,Afternoon,Sun,8,1.1,4.88,5.7
3020,Gadget_X,494,Standard,M02,18.2,10.6,5,24.1,35.3,Morning,Fri,1,2.28,57.58,57.04
3701,Gadget_X,385,Standard,M08,1.4,17.0,2,37.1,36.0,Morning,Thu,4,3.13,29.25,32.05
3026,Widget_B,277,Economy,M10,0.9,58.1,5,29.8,49.5,Morning,Sun,6,1.98,13.98,17.04
1085,Gadget_X,433,premium,M10,19.1,27.3,4,33.4,58.2,Afternoon,Mon,3,4.41,45.72,55.89
3600,Widget_A,235,standard,M04,4.2,44.0,1,35.4,38.4,Afternoon,Fri,1,5.7,9.06,8.98
1942,Gadget_X,335,Premium,M03,2.8,54.7,2,24.8,,Morning,Wed,8,3.43,17.55,15.24
1962,Gadget_Y,230,Standard,M03,20.1,34.0,2,21.5,69.7,Morning,Sun,2,3.24,13.08,13.73
1842,Gadget_X,223,Economy,M09,11.6,38.8,3,25.7,61.7,Morning,Mon,1,1.05,28.69,35.33
3427,Widget_B,393,standard,M06,14.0,34.9,4,22.4,86.1,Morning,Mon,7,2.16,17.86,21.13
3886,Gadget_Y,414,Standard,M07,,20.0,1,28.2,67.0,Night,Wed,6,4.5,20.3,24.69
2613,Widget_C,64,STANDARD,M09,12.9,49.4,4,30.0,48.3,Afternoon,Thu,3,,6.01,6.77
3665,Gadget_Y,146,premium,M04,3.5,39.7,2,29.3,74.0,Afternoon,Mon,6,6.28,7.39,6.88
3334,Widget_B,106,Standard,M04,22.5,10.7,1,25.8,47.5,Night,Thu,3,2.74,4.06,4.71
1291,Widget_A,488,Economy,M07,21.5,41.5,2,36.7,35.4,Afternoon,Thu,2,0.61,19.25,21.14
3253,Gadget_Y,43,Premium,M09,11.3,23.3,4,31.0,51.5,Night,Wed,8,2.8,1.77,1.91
2552,Widget_A,366,Standard,M03,24.7,25.3,3,34.5,67.9,Night,Sun,6,8.85,7.2,8.07
1605,Gadget_Y,87,Premium,M05,2.8,34.7,5,36.3,92.1,Morning,Wed,8,,6.55,7.12
3395,Gadget_X,79,Standard,M09,2.4,17.9,3,29.9,57.6,Morning,Fri,7,1.36,5.54,6.87
1917,Widget_B,279,Premium,M08,24.8,7.8,5,24.5,54.6,Afternoon,Sun,6,2.82,7.73,7.63
2727,Widget_B,101,Economy,M02,1.3,26.6,3,27.2,28.2,Afternoon,Thu,8,0.86,3.53,3.45
3576,Widget_C,43,standard,M01,22.1,51.1,2,26.6,37.8,Morning,Sun,1,3.27,4.36,4.05
2100,Widget_A,255,STANDARD,M05,18.5,43.8,4,25.5,61.5,Night,Fri,7,1.03,6.72,8.15
2089,Gadget_X,275,Economy,M06,18.5,57.4,1,29.1,52.1,Morning,Tue,4,2.79,19.69,18.06
3471,Widget_B,300,Economy,M05,16.2,59.2,3,27.2,67.2,Night,Tue,1,8.44,31.37,35.81
2796,Gadget_X,448,Standard,M10,7.3,45.9,2,29.8,48.1,Night,Mon,8,1.32,26.34,29.88
1822,Widget_C,83,Standard,M06,21.8,58.9,2,30.8,61.5,Night,Thu,4,,6.62,6.05
3961,Widget_B,469,Standard,M02,,21.7,2,32.1,52.5,Night,Wed,6,5.12,13.98,13.87
4321,Widget_C,248,Standard,M06,20.4,57.2,1,31.6,44.8,Morning,Fri,1,8.21,27.99,27.67
3848,Widget_A,21,Standard,M01,24.7,13.4,1,29.5,32.3,Morning,Tue,6,0.27,0.34,0.35
3885,Widget_A,163,Premium,M10,8.1,18.6,1,31.4,66.7,Morning,Mon,2,2.46,3.68,4.24
2303,Widget_C,269,Premium,M02,22.6,22.1,1,22.8,54.0,Afternoon,Wed,7,1.42,7.8,7.69
2001,Widget_A,144,Premium,M07,7.5,13.2,4,22.9,48.9,Night,Tue,5,0.42,6.25,6.87
2870,Widget_C,59,Standard,M03,23.3,33.8,4,26.0,25.0,Afternoon,Thu,2,2.83,5.0,5.06
1019,Widget_C,67,Premium,M10,1.8,28.7,5,33.8,42.4,Morning,Wed,5,9.09,5.91,5.55
1494,Gadget_Y,481,Standard,M06,16.0,53.5,4,29.1,49.3,Morning,Sun,6,3.48,28.57,34.02
2126,Widget_A,285,Standard,M05,13.8,41.2,3,31.0,62.2,Afternoon,Fri,3,0.34,9.24,8.76
2405,Widget_C,375,Economy,M05,24.4,18.3,4,27.1,76.9,Morning,Thu,2,2.83,38.58,46.78
3070,Gadget_X,383,Premium,M10,22.3,39.0,4,32.2,104.1,Morning,Wed,3,2.56,30.13,27.21
3911,Widget_B,154,Standard,M10,19.0,57.0,5,28.2,80.4,Morning,Tue,8,3.38,5.09,5.91
3474,Widget_A,394,Standard,M03,12.4,25.2,5,33.6,67.2,Morning,Thu,8,8.03,7.97,8.35
3139,Widget_C,491,Economy,M01,8.8,24.9,4,26.2,75.3,Night,Sat,3,,59.19,52.22
2738,Widget_B,490,Standard,M01,6.2,56.5,1,31.8,42.7,Night,Mon,5,0.51,20.09,23.45
1585,Gadget_Y,499,Economy,M01,11.9,17.8,4,26.8,64.2,Afternoon,Fri,1,5.42,56.49,59.92
4065,Widget_C,403,Premium,M02,14.8,30.3,3,25.7,46.3,Afternoon,Sat,2,2.98,33.49,39.44
1688,Widget_C,333,Standard,M10,2.2,49.8,5,34.3,,Night,Tue,8,0.35,20.05,17.81
3164,Gadget_Y,118,Standard,M06,21.3,31.2,2,21.6,56.3,Afternoon,Tue,5,0.08,6.88,6.33
2838,Widget_A,498,Standard,M10,12.8,7.2,3,23.7,57.2,Afternoon,Thu,7,1.42,9.85,9.83
3415,Widget_B,207,Standard,M08,8.6,34.1,2,24.5,63.7,Afternoon,Fri,4,,8.47,9.11
2897,Gadget_Y,459,Economy,M06,24.6,48.2,3,33.1,38.9,Morning,Mon,4,4.08,28.17,32.93
2010,Widget_A,350,Premium,M10,2.6,58.8,2,28.1,65.9,Afternoon,Fri,5,2.94,8.97,10.68
3827,Gadget_Y,285,economy,M07,24.8,32.0,1,20.4,68.0,Morning,Tue,8,3.71,9.2,10.13
1361,Widget_A,348,Premium,M04,14.0,39.2,2,34.0,56.1,Morning,Wed,8,1.47,5.07,5.48
3992,Gadget_X,399,Standard,M07,16.5,49.6,4,28.3,65.3,Afternoon,Fri,6,8.0,47.17,54.34
4210,Gadget_X,108,Premium,M09,8.2,21.5,3,17.6,63.3,Morning,Wed,3,0.78,10.76,9.96
3261,Widget_A,91,Premium,M06,7.2,11.1,2,29.1,52.2,Morning,Wed,3,9.44,3.32,3.34
2311,Widget_A,406,Standard,M07,14.6,14.0,5,36.5,59.4,Morning,Sat,3,7.31,18.04,22.26
3860,Widget_B,271,Standard,M05,23.7,18.1,5,26.3,14.0,Afternoon,Sun,2,0.66,21.95,23.16
2538,Widget_C,96,Economy,M04,7.6,49.7,4,29.4,40.3,Night,Wed,4,2.07,8.56,8.1
2739,Gadget_X,77,Standard,M02,20.2,49.6,1,36.8,,Morning,Thu,8,0.94,2.87,3.29
3203,Widget_A,57,Economy,M09,1.2,44.6,2,33.4,46.1,Afternoon,Sat,3,3.43,2.69,3.25
1345,Widget_A,430,Premium,M07,3.0,26.3,3,25.3,60.3,Morning,Sun,7,5.25,11.92,11.85
1987,Gadget_Y,135,Premium,M08,10.8,17.5,5,28.8,36.8,Night,Sun,6,4.56,7.61,8.21
2755,Widget_A,34,Premium,M04,10.4,51.8,5,17.4,75.3,Morning,Thu,5,4.86,1.45,1.52
1744,Widget_B,117,STANDARD,M05,18.8,48.9,4,22.6,,Morning,Wed,8,0.73,4.27,3.87
2845,Gadget_Y,436,Economy,M08,24.6,13.8,1,29.1,67.5,Afternoon,Sat,6,2.84,11.98,11.63
2588,Widget_A,430,Standard,M07,10.0,15.1,5,28.7,47.1,Morning,Thu,4,2.0,16.01,16.83
1114,Widget_A,469,Standard,M02,1.4,23.0,1,24.4,68.0,Night,Thu,1,,14.55,14.37
2438,Gadget_Y,119,Standard,M01,7.2,13.5,5,35.6,61.2,Morning,Sun,8,10.65,8.23,9.7
2512,Gadget_Y,313,Standard,M02,17.0,18.9,2,21.3,,Afternoon,Thu,5,6.41,12.68,14.56
2242,Widget_C,300,Economy,M05,7.9,18.1,3,22.2,68.8,Morning,Sat,5,3.58,23.5,22.03
2143,Gadget_X,21,Premium,M07,4.1,38.9,3,26.2,64.9,Morning,Thu,3,7.73,3.61,3.88
3606,Widget_A,218,Premium,M05,22.1,15.6,1,34.6,53.0,Morning,Fri,8,11.27,3.78,3.98
2217,Widget_B,292,Standard,M07,9.0,28.9,2,23.5,31.9,Night,Tue,2,4.14,26.39,30.4
2199,Widget_B,405,Premium,M02,5.7,21.6,3,29.6,63.8,Afternoon,Thu,6,0.69,12.47,11.36
1086,Widget_C,137,Standard,M02,2.0,58.4,1,27.3,71.7,Afternoon,Tue,7,0.12,5.78,6.52
3426,Widget_B,33,Economy,M09,11.5,56.8,1,19.6,,Night,Mon,1,6.24,2.67,2.77
2382,Widget_A,149,Economy,M10,6.5,29.6,5,25.5,54.0,Night,Wed,3,2.18,6.2,5.98
2663,Gadget_Y,131,Economy,M03,14.5,32.9,4,30.2,64.2,Afternoon,Sat,1,0.39,11.19,13.49
1669,Gadget_Y,326,premium,M03,22.3,43.3,3,34.5,37.7,Afternoon,Mon,5,0.31,13.41,16.3
2015,Gadget_Y,190,Standard,M03,1.7,15.2,4,36.8,,Afternoon,Thu,4,6.01,12.64,13.27
1129,Widget_B,227,Economy,M03,16.7,13.6,4,25.3,61.4,Night,Sat,3,4.25,12.74,12.56
2365,Widget_A,241,STANDARD,M07,19.8,49.0,5,29.3,39.0,Afternoon,Tue,5,2.15,9.03,8.36
3779,Gadget_Y,343,Standard,M04,13.8,43.1,4,28.9,83.7,Afternoon,Fri,7,0.94,13.57,16.78
2602,Gadget_X,102,Standard,M06,18.5,48.6,2,26.7,34.3,Afternoon,Thu,4,1.28,9.54,10.58
1892,Widget_A,21,Standard,M02,6.3,19.1,4,26.6,38.4,Night,Thu,7,3.97,0.53,0.47
3272,Widget_B,319,Economy,M09,1.7,27.6,4,25.8,60.4,Morning,Wed,8,4.15,11.74,10.84
2360,Widget_A,378,Standard,M02,1.3,42.0,2,27.9,55.8,Afternoon,Sun,8,6.67,6.68,6.39
1308,Widget_A,217,Standard,M08,9.6,6.9,3,23.6,79.6,Night,Fri,4,8.34,6.04,7.43
1384,Gadget_X,317,Standard,M07,17.8,49.9,4,31.4,42.7,Morning,Wed,2,1.37,52.48,56.44
1151,Widget_B,196,Standard,M10,16.7,31.4,4,19.3,52.9,Afternoon,Fri,4,6.41,9.58,11.09
2318,Gadget_X,446,Economy,M09,3.5,13.6,3,29.0,69.2,Night,Sat,2,6.47,67.98,60.43
2452,Gadget_X,499,Standard,M06,15.1,39.4,4,23.9,,Afternoon,Mon,3,3.42,68.69,65.8
2757,Gadget_X,127,Standard,M06,23.5,24.1,5,33.4,59.2,Morning,Mon,7,1.93,10.51,10.09
3304,Gadget_X,90,Standard,M04,6.5,42.1,1,30.2,28.4,Afternoon,Fri,8,3.86,5.22,5.29
1427,Widget_A,76,Standard,M10,5.1,56.1,1,22.1,51.9,Afternoon,Mon,8,9.93,1.58,1.57
1495,Gadget_X,386,Premium,M04,8.3,11.2,1,27.2,34.3,Night,Wed,8,1.62,20.42,18.22
2208,Gadget_X,24,Premium,M04,13.8,59.2,4,33.9,34.7,Night,Sun,4,0.74,2.65,3.27
2941,Widget_A,25,Premium,M09,24.9,34.7,2,27.1,29.7,Afternoon,Tue,7,0.43,0.49,0.48
3184,Widget_C,181,Economy,M08,10.0,5.8,5,28.9,71.2,Night,Fri,6,5.42,12.43,13.91
2209,Gadget_X,53,Standard,M02,23.9,30.6,3,26.5,39.8,Afternoon,Tue,1,8.35,5.56,5.02
3687,Gadget_X,221,Standard,M06,21.1,20.1,2,26.8,63.2,Night,Fri,3,0.96,23.56,21.01
3842,Widget_A,143,Standard,M06,10.8,15.0,1,29.8,68.2,Afternoon,Mon,4,3.0,3.89,4.18
3583,Widget_C,323,Standard,M01,14.0,10.2,4,26.1,67.2,Afternoon,Sun,1,0.93,39.53,37.1
2547,Widget_C,28,Premium,M06,23.3,9.6,5,27.5,56.4,Morning,Sun,3,4.89,2.72,2.36
2240,Widget_C,260,Standard,M10,22.7,47.0,5,21.5,70.1,Afternoon,Wed,8,1.68,12.78,11.0
2953,Gadget_Y,411,Standard,M08,22.8,7.4,3,21.9,39.5,Morning,Mon,7,4.63,11.96,13.33
2806,Gadget_Y,262,Premium,M01,9.7,57.1,2,34.0,39.1,Afternoon,Sun,7,1.41,11.87,13.54
1276,Widget_A,180,Economy,M07,22.2,35.6,4,33.4,63.8,Morning,Sat,2,,9.66,9.7
1490,Gadget_Y,472,Standard,M03,14.7,23.5,4,29.1,,Morning,Mon,8,6.32,20.69,21.84
2685,Widget_B,434,Standard,M09,17.0,48.4,3,23.7,69.1,Afternoon,Mon,6,5.98,15.63,15.11
2230,Widget_A,282,Standard,M03,18.4,53.0,5,29.7,38.7,Morning,Sat,3,1.98,7.82,8.93
1691,Widget_C,217,Economy,M01,17.7,46.8,5,24.2,76.8,Afternoon,Tue,5,3.34,18.1,21.3
2831,Widget_B,448,Premium,M03,1.8,39.2,5,30.5,40.5,Morning,Fri,2,2.2,28.34,33.48
3352,Widget_B,115,Standard,M02,16.7,9.9,4,26.1,,Night,Thu,5,3.49,4.92,5.16
3222,Widget_A,160,Standard,M05,13.0,44.4,2,29.4,,Night,Sat,6,1.86,3.9,3.82
2660,Gadget_Y,76,Standard,M09,9.8,20.8,1,26.3,68.8,Night,Fri,5,1.38,3.52,3.0
3591,Widget_C,70,Standard,M03,17.4,40.3,2,21.1,89.7,Afternoon,Tue,5,3.57,3.13,2.76
3873,Widget_A,396,Premium,M02,8.4,32.2,2,21.7,83.3,Night,Sat,8,2.84,6.07,5.69
2059,Widget_B,289,economy,M02,6.6,47.6,2,31.2,48.3,Night,Fri,2,8.29,17.32,16.64
1119,Widget_A,280,Standard,M08,21.8,41.9,2,33.8,49.5,Afternoon,Sat,3,7.77,5.86,6.56
2025,Widget_A,282,Premium,M06,22.0,23.0,3,25.6,35.3,Morning,Fri,5,4.33,7.32,8.83
2865,Gadget_X,312,Standard,M05,12.9,37.5,3,23.1,52.0,Morning,Sun,7,3.75,25.35,23.27
1282,Widget_A,346,Standard,M02,6.5,12.2,4,15.3,44.3,Night,Sun,6,7.03,8.48,9.82
3065,Gadget_Y,204,STANDARD,M01,21.7,14.0,1,31.4,50.4,Morning,Tue,6,2.31,6.2,7.37
2317,Widget_A,120,Premium,M10,11.4,44.5,4,30.0,46.5,Night,Mon,5,3.63,3.92,3.82
4475,Widget_C,286,Standard,M08,12.4,41.9,3,26.4,55.9,Morning,Sat,7,2.03,10.94,11.55
1969,Widget_C,338,Premium,M01,13.5,28.6,1,24.9,52.4,Morning,Tue,8,6.77,15.23,13.23
3579,Widget_A,178,Economy,M02,3.9,21.2,2,25.2,48.3,Morning,Thu,8,3.49,2.31,2.34
2648,Widget_B,275,Standard,M03,20.2,21.0,3,34.9,49.2,Morning,Fri,3,4.22,11.32,10.02
3025,Widget_C,150,Economy,M10,4.9,7.2,1,26.5,74.2,Night,Fri,6,5.05,7.88,8.69
1620,Widget_B,254,Standard,M05,14.5,41.0,3,32.4,,Morning,Mon,5,2.98,11.05,10.23
3884,Gadget_X,26,Premium,M08,18.3,10.3,4,22.1,39.8,Morning,Thu,4,0.28,2.01,2.27
1156,Gadget_Y,406,Premium,M05,18.5,54.2,5,31.5,54.3,Night,Sun,2,7.6,55.1,50.43
3662,Widget_B,386,Standard,M02,19.5,19.0,1,25.7,41.4,Afternoon,Mon,7,2.04,7.08,8.08
1305,Gadget_Y,236,Premium,M05,5.1,36.9,2,26.6,73.0,Afternoon,Mon,3,4.72,17.46,16.86
3290,Widget_B,131,Premium,M08,18.5,12.5,2,26.3,58.0,Night,Wed,5,3.0,4.27,4.87
3986,Gadget_Y,95,Premium,M08,4.0,5.0,3,32.1,45.8,Afternoon,Wed,7,,3.38,4.15
4103,Gadget_X,191,Economy,M02,11.1,59.7,4,28.7,40.4,Morning,Mon,7,4.46,10.05,9.42
1956,Widget_B,480,Standard,M06,2.7,34.8,5,21.7,60.1,Morning,Sat,4,2.76,38.91,36.04
3628,Gadget_X,136,Standard,M04,6.0,47.9,5,19.1,,Morning,Mon,4,4.56,15.6,15.92
2308,Gadget_X,182,Standard,M03,3.2,12.1,3,37.1,53.0,Morning,Sat,3,2.33,14.92,15.21
2905,Widget_B,399,Premium,M08,1.8,15.2,5,20.4,48.2,Afternoon,Fri,8,2.52,14.91,13.93
1576,Widget_A,448,Premium,M05,13.3,48.6,1,20.9,42.4,Morning,Sun,7,0.14,7.44,8.58
4209,Gadget_X,321,Premium,M07,22.3,6.7,5,28.4,25.1,Night,Mon,7,1.93,30.06,33.11
4011,Widget_B,452,Standard,M06,16.2,22.6,1,23.9,69.0,Night,Tue,7,2.71,15.59,16.55
4073,Widget_A,173,Standard,M01,24.2,16.8,3,36.7,31.8,Morning,Sat,5,3.35,3.66,3.51
2300,Gadget_Y,285,Standard,M02,15.7,44.9,1,27.7,63.4,Afternoon,Sun,5,4.01,9.2,8.08
3447,Widget_B,107,Economy,M05,18.4,45.3,3,22.9,61.6,Morning,Sun,8,1.06,3.39,3.43
3631,Widget_B,208,Standard,M03,9.3,15.5,4,20.8,30.6,Afternoon,Thu,1,8.85,17.67,21.15
3820,Widget_A,288,Economy,M08,15.3,55.8,4,36.6,47.3,Night,Fri,6,6.13,6.2,6.05
3926,Widget_A,130,Economy,M04,15.2,17.1,1,32.7,53.0,Night,Fri,6,2.31,2.42,2.06
1844,Gadget_Y,400,Premium,M07,10.0,24.4,2,24.5,74.9,Night,Wed,2,1.55,42.91,39.38
2750,Widget_C,496,Premium,M08,22.0,41.0,4,32.7,43.3,Night,Thu,3,6.0,42.1,43.5
1270,Gadget_X,105,Standard,M05,18.4,52.0,5,25.4,30.3,Afternoon,Sun,4,1.14,15.0,15.07
1630,Widget_B,427,Economy,M09,4.6,41.1,3,25.0,52.0,Morning,Sun,5,5.63,20.4,24.39
2034,Widget_C,97,Premium,M10,15.3,21.5,2,24.4,58.3,Morning,Tue,3,6.97,6.71,7.75
3114,Widget_B,182,Premium,M06,14.6,29.8,4,25.1,70.2,Afternoon,Sun,8,0.83,7.69,6.68
1287,Gadget_X,210,PREMIUM,M05,3.0,10.1,5,24.6,59.7,Night,Mon,4,3.1,35.95,31.29
2327,Widget_A,249,Standard,M06,16.4,23.3,5,33.5,44.1,Afternoon,Sun,7,,8.26,8.45
3598,Widget_B,80,Standard,M04,19.2,23.9,2,26.9,69.0,Night,Sat,6,4.33,2.58,2.98
1301,Widget_B,191,Standard,M10,17.8,57.6,5,30.8,41.3,Morning,Wed,6,1.67,7.51,8.97
3499,Gadget_Y,282,Standard,M06,9.6,29.9,5,29.2,37.0,Afternoon,Sat,3,5.91,29.95,31.85
2448,Gadget_X,431,Standard,M02,20.7,10.3,4,33.3,,Morning,Fri,6,0.48,21.89,25.16
2473,Widget_C,13,standard,M08,1.3,53.9,5,30.2,44.4,Night,Sun,6,3.81,1.51,1.33
4465,Gadget_Y,247,Standard,M06,10.3,37.1,3,26.9,64.4,Afternoon,Thu,7,5.57,14.99,13.24
3182,Gadget_Y,239,Standard,M01,23.8,43.4,4,23.8,72.4,Afternoon,Sat,5,3.5,12.11,10.66
2832,Widget_B,223,Premium,M06,,37.4,5,33.3,49.9,Afternoon,Wed,7,2.61,12.18,14.12
1066,Gadget_X,175,Standard,M08,14.1,27.4,3,25.9,,Morning,Sat,6,6.01,9.65,8.27
3607,Widget_B,106,Standard,M07,6.5,7.9,1,30.9,47.6,Afternoon,Sun,6,3.47,4.16,4.85
1891,Widget_A,389,Standard,M01,8.4,14.0,2,39.9,57.7,Night,Sun,2,3.6,15.01,17.7
3723,Widget_A,347,standard,M09,1.5,56.8,4,30.5,83.9,Morning,Fri,8,1.82,8.48,7.86
4054,Widget_C,379,Standard,M02,4.4,30.5,5,23.1,57.6,Afternoon,Sat,3,0.47,31.57,38.31
3529,Gadget_X,349,Standard,M05,23.6,34.6,5,34.2,50.2,Morning,Sat,1,1.18,52.52,65.01
3237,Widget_A,199,Economy,M04,13.4,51.0,2,29.1,52.7,Morning,Sun,2,1.75,6.32,6.39
1231,Gadget_Y,442,Standard,M06,18.3,16.8,2,30.2,62.4,Morning,Fri,8,1.38,15.19,14.7
1504,Gadget_Y,480,Premium,M05,14.9,14.1,5,23.3,89.6,Night,Mon,5,4.5,40.86,35.19
2689,Gadget_Y,494,Premium,M04,14.5,9.3,2,27.1,72.5,Night,Sun,1,2.63,45.84,48.3
3458,Widget_A,480,Premium,M06,12.4,51.2,2,26.3,55.6,Afternoon,Mon,8,7.04,10.31,11.13
2526,Widget_A,231,Standard,M03,5.5,39.1,2,29.0,40.6,Afternoon,Tue,4,0.74,6.14,7.36
3299,Widget_A,94,Standard,M04,,49.3,5,27.4,59.0,Afternoon,Sun,6,5.89,2.88,2.45
2713,Widget_B,462,Economy,M08,16.8,57.2,2,29.7,81.9,Afternoon,Tue,3,6.43,17.61,21.66
2005,Gadget_X,487,Standard,M01,7.2,24.1,3,37.4,,Afternoon,Wed,3,2.69,62.72,77.39
1837,Widget_A,108,Standard,M05,17.1,27.1,3,26.6,31.3,Morning,Tue,8,4.75,2.1,1.96
3416,Gadget_Y,137,STANDARD,M01,13.9,26.0,3,25.6,77.9,Afternoon,Mon,6,0.53,7.19,7.87
1375,Gadget_X,253,Economy,M05,20.6,24.6,2,22.2,32.6,Afternoon,Mon,8,6.68,17.35,19.26
2779,Widget_A,247,Premium,M04,18.3,8.9,1,26.2,53.2,Night,Tue,7,0.54,3.61,3.46
3484,Widget_B,286,Premium,M10,3.6,18.7,2,33.1,75.7,Morning,Thu,5,2.76,10.82,9.57
3604,Gadget_X,135,Standard,M08,5.6,48.3,5,26.7,41.5,Afternoon,Thu,5,7.07,13.9,13.45
1940,Widget_C,157,Economy,M02,2.9,40.3,5,24.9,,Afternoon,Mon,5,2.07,12.28,12.06
2322,Gadget_X,220,Standard,M09,13.6,11.8,5,33.2,20.1,Afternoon,Wed,3,3.91,27.02,23.64
3437,Widget_B,71,Standard,M09,0.5,11.9,2,26.5,86.9,Night,Tue,2,4.21,5.01,5.68
1752,Widget_B,280,Standard,M08,17.2,14.0,3,29.9,53.9,Morning,Fri,3,4.25,12.32,14.62
1100,Widget_A,499,Standard,M09,22.0,58.8,5,15.8,40.3,Afternoon,Thu,5,8.65,13.51,16.02
2544,Gadget_Y,209,Standard,M10,9.1,35.3,4,33.2,61.2,Morning,Sat,7,6.2,9.67,10.05
3216,Widget_C,424,PREMIUM,M02,10.6,29.8,1,27.8,62.0,Morning,Tue,6,0.63,13.65,15.75
1867,Gadget_X,5000,Standard,M01,17.8,34.2,5,29.2,66.5,Night,Fri,5,1.43,56.34,50.31
1911,Gadget_Y,184,Premium,M10,12.0,19.1,2,29.4,61.2,Morning,Sun,8,0.35,5.54,5.68
3500,Gadget_Y,386,Standard,M05,,10.0,1,37.9,58.6,Morning,Mon,8,2.97,14.38,13.62
2576,Widget_A,189,Economy,M04,16.0,40.7,4,19.9,63.0,Morning,Tue,8,9.29,3.94,4.76
1530,Widget_A,46,Premium,M07,0.5,12.9,2,21.3,53.7,Afternoon,Tue,5,2.87,1.54,1.55
2261,Gadget_X,105,Standard,M07,10.2,55.0,3,24.3,87.3,Night,Sun,8,,10.61,11.84
3163,Widget_A,402,standard,M10,15.1,25.2,5,29.7,65.3,Morning,Tue,2,2.91,12.97,16.14
1637,Widget_C,207,Economy,M03,1.5,55.1,5,29.3,40.0,Afternoon,Mon,6,5.38,17.77,18.88
2270,Widget_C,25,standard,M08,,25.1,5,28.5,78.3,Morning,Wed,6,4.13,1.3,1.26
1186,Widget_B,255,Premium,M05,22.8,16.7,2,30.8,56.8,Afternoon,Tue,8,5.18,7.98,7.1
3217,Widget_B,104,Economy,M02,15.2,30.4,1,24.3,,Night,Fri,1,1.65,6.07,5.72
2658,Gadget_Y,358,Standard,M02,,38.0,4,31.3,58.7,Morning,Mon,1,3.42,26.38,31.4
2950,Gadget_X,245,Standard,M09,22.7,5.9,5,29.5,,Afternoon,Wed,1,3.99,32.79,31.67
1932,Widget_C,470,Economy,M04,3.7,38.6,2,26.6,55.1,Night,Sun,1,0.4,52.53,58.13
2442,Widget_C,115,Standard,M09,6.7,33.8,2,30.7,22.2,Morning,Thu,7,3.77,5.68,6.31
2922,Widget_C,353,Economy,M03,1.3,35.7,2,30.2,68.5,Morning,Mon,2,3.65,31.9,29.18
3692,Gadget_Y,82,standard,M08,15.0,25.1,5,31.3,42.0,Night,Sat,3,4.03,6.44,6.83
2536,Widget_C,451,Standard,M07,,48.2,5,27.2,62.7,Night,Wed,6,2.63,44.91,46.51
3273,Widget_C,395,Standard,M07,17.9,38.8,5,22.5,73.6,Morning,Fri,2,0.47,45.56,49.45
3808,Widget_A,291,Standard,M02,7.2,53.9,4,26.4,83.0,Morning,Thu,5,3.67,7.14,7.39
2274,Widget_A,460,Standard,M05,14.6,18.5,4,23.9,78.7,Morning,Wed,7,1.99,11.83,11.82
4495,Gadget_Y,246,Premium,M07,22.5,22.8,5,31.7,47.5,Morning,Wed,5,5.29,18.48,16.97
1608,Widget_B,172,Standard,M02,22.1,38.7,4,24.4,60.9,Morning,Tue,7,7.21,4.17,3.74
4057,Widget_A,119,Premium,M06,20.3,58.6,3,16.4,48.8,Afternoon,Fri,1,2.07,6.03,5.51
3824,Widget_B,389,Standard,M07,9.4,19.9,2,26.4,87.5,Afternoon,Wed,5,3.17,20.46,21.39
1152,Widget_C,354,Premium,M05,6.1,58.6,2,30.0,44.6,Morning,Fri,1,3.99,42.2,40.71
2789,Widget_A,384,Economy,M10,19.4,42.9,2,29.2,61.6,Morning,Fri,2,0.5,9.41,11.72
4224,Widget_A,431,Premium,M09,10.1,41.9,4,36.3,59.1,Afternoon,Mon,6,2.51,11.47,11.59
2851,Gadget_X,155,Premium,M01,6.4,16.5,1,35.6,62.9,Morning,Tue,8,6.22,9.32,11.4
3258,Gadget_X,386,Standard,M08,19.1,31.7,3,33.2,41.3,Morning,Wed,1,2.0,36.37,37.21
1732,Widget_B,432,Premium,M06,19.2,7.6,4,26.2,37.1,Afternoon,Sat,4,2.54,26.76,28.15
2872,Gadget_Y,349,Standard,M02,8.4,21.5,4,30.8,33.4,Night,Thu,6,4.28,15.63,17.22
3952,Widget_B,237,Standard,M05,3.8,26.4,1,19.5,,Afternoon,Sat,5,6.01,11.01,9.58
4198,Gadget_X,366,Premium,M09,17.9,60.0,5,27.4,,Night,Sat,6,6.46,35.22,40.6
1024,Gadget_Y,367,Standard,M05,13.7,22.3,4,25.1,48.8,Afternoon,Fri,7,1.41,23.27,24.06
3950,Gadget_Y,133,Economy,M06,10.9,24.2,4,22.1,34.7,Afternoon,Wed,2,9.42,16.08,16.19
1159,Widget_A,238,Standard,M06,19.1,43.0,2,23.6,55.5,Afternoon,Mon,7,0.43,4.66,4.15
1862,Widget_B,355,economy,M06,13.0,46.3,1,25.9,63.8,Morning,Sun,8,0.21,10.33,9.93
3722,Widget_C,442,standard,M02,1.0,10.0,4,34.0,28.6,Morning,Sat,5,1.89,31.02,27.02
1903,Widget_C,17,Standard,M03,22.3,6.7,3,24.8,55.7,Afternoon,Tue,3,7.16,1.25,1.25
2988,Widget_A,281,Economy,M10,19.8,48.4,4,27.8,51.7,Morning,Sat,6,3.99,4.98,4.73
2231,Gadget_Y,485,STANDARD,M02,13.5,26.7,4,28.7,78.2,Afternoon,Tue,7,4.18,17.81,15.54
3648,Gadget_Y,175,Premium,M02,18.6,50.3,3,29.1,49.0,Morning,Mon,7,1.77,5.28,5.12
1445,Widget_A,473,Premium,M04,14.1,26.9,2,30.8,74.0,Morning,Mon,3,2.44,12.26,13.95
2410,Gadget_Y,498,Standard,M09,20.9,51.7,4,19.2,59.1,Night,Thu,4,8.57,34.86,34.65
1755,Widget_A,105,Premium,M05,3.4,37.6,4,33.8,77.4,Night,Wed,3,1.69,6.05,6.28
1924,Widget_C,294,PREMIUM,M01,9.9,25.7,5,28.0,53.6,Morning,Fri,4,3.02,28.34,34.57
4483,Gadget_Y,362,Premium,M04,4.8,21.9,3,34.2,,Night,Tue,5,1.71,22.27,26.63
3476,Gadget_Y,350,Economy,M06,3.1,32.2,2,29.7,83.2,Morning,Tue,1,0.27,36.61,36.32
1312,Gadget_X,149,Standard,M10,3.8,5.6,2,24.9,39.5,Morning,Fri,3,4.91,13.48,14.19
2376,Widget_B,333,Premium,M02,10.7,30.9,5,26.5,35.5,Night,Fri,2,2.35,25.4,23.17
1549,Gadget_X,341,Standard,M08,23.1,37.9,5,24.8,65.3,Night,Mon,8,8.31,23.59,20.22
3347,Gadget_Y,180,Standard,M02,14.0,23.2,2,23.2,60.7,Morning,Wed,7,1.7,4.71,4.72
3021,Widget_A,307,Standard,M07,9.9,45.1,2,24.5,46.9,Morning,Sat,3,8.11,10.73,11.98
3760,Gadget_X,275,Standard,M10,15.3,26.6,5,19.6,68.2,Night,Sun,8,6.84,26.73,28.13
1307,Widget_B,107,STANDARD,M05,18.9,50.6,2,23.2,,Morning,Thu,7,0.32,3.04,3.18
1288,Widget_A,189,premium,M06,18.6,39.1,4,33.1,55.4,Morning,Wed,7,0.93,4.43,4.51
1695,Widget_A,397,Economy,M01,3.7,32.4,3,34.6,,Afternoon,Tue,6,0.85,10.38,10.63
1309,Widget_A,274,standard,M02,4.7,22.9,5,27.9,63.4,Night,Wed,8,1.98,6.25,7.35
3592,Widget_A,279,economy,M08,17.8,14.7,5,26.0,43.5,Morning,Sun,3,2.92,8.56,9.55
3718,Widget_A,163,Standard,M10,20.1,18.0,1,21.7,38.6,Morning,Wed,8,1.57,2.04,2.32
3918,Gadget_Y,368,Premium,M10,14.5,46.0,4,27.7,34.8,Morning,Sun,6,1.38,15.62,16.14
1750,Gadget_X,115,Economy,M06,20.7,27.9,1,21.7,44.6,Morning,Tue,2,0.1,10.19,12.53
2591,Widget_A,373,Standard,M06,6.6,49.0,5,39.9,77.4,Afternoon,Fri,8,0.16,9.81,10.43
2992,Widget_A,317,Premium,M04,21.9,36.0,5,29.8,42.7,Afternoon,Sat,2,0.86,10.3,12.58
2728,Widget_A,188,Economy,M07,22.4,53.8,1,32.8,67.3,Night,Fri,2,2.07,6.77,8.14
2267,Widget_A,422,Economy,M06,,21.6,2,25.5,54.0,Morning,Thu,8,6.09,7.74,7.29
2767,Gadget_X,85,Standard,M01,,58.8,3,29.3,98.7,Morning,Sun,7,0.17,5.05,4.74
3035,Gadget_Y,69,Standard,M08,22.6,58.0,4,24.6,,Morning,Mon,2,0.83,4.67,5.65
1909,Gadget_X,127,Economy,M05,20.1,19.3,3,29.6,63.1,Night,Thu,7,0.24,9.9,11.93
4018,Widget_C,469,Premium,M07,18.2,55.9,5,30.9,64.2,Morning,Fri,5,6.12,43.63,42.15
1087,Widget_C,247,Standard,M02,1.0,30.6,5,31.3,18.8,Afternoon,Fri,3,4.33,23.33,25.05
3785,Widget_B,221,Premium,M08,7.5,51.9,4,21.5,,Afternoon,Sat,4,4.02,10.61,12.65
2787,Gadget_X,60,Premium,M09,18.0,54.4,4,21.3,50.8,Morning,Wed,6,2.05,4.59,4.76
3914,Widget_A,232,Premium,M06,22.8,36.5,5,26.3,40.9,Night,Mon,5,1.67,8.28,8.45
1971,Widget_B,412,Standard,M08,23.4,47.8,4,35.3,44.1,Morning,Thu,5,2.62,13.82,14.2
1014,Widget_B,20,Premium,M02,9.8,37.8,2,31.5,56.6,Morning,Thu,2,3.61,1.13,0.99
1874,Widget_A,397,Economy,M10,9.7,38.5,5,27.2,43.3,Morning,Sun,3,2.57,11.04,10.4
1809,Widget_A,78,Standard,M07,14.6,12.5,2,35.6,75.9,Afternoon,Tue,1,0.22,3.67,3.59
4017,Gadget_Y,361,Standard,M08,22.5,15.8,2,29.4,63.4,Night,Thu,4,3.49,16.14,14.89
1515,Gadget_Y,460,Standard,M06,23.1,47.3,5,24.9,84.1,Afternoon,Thu,4,1.98,31.7,37.37
3821,Widget_C,346,Standard,M03,16.1,11.3,5,27.1,56.3,Morning,Sat,8,3.68,16.81,19.43
1410,Gadget_X,217,Premium,M04,24.8,43.8,3,27.0,72.5,Morning,Tue,2,,18.15,18.64
2903,Gadget_Y,258,Standard,M04,1.6,40.3,4,26.0,65.1,Afternoon,Tue,5,0.07,18.36,22.39
2338,Widget_B,249,Standard,M08,,5.9,1,27.2,54.0,Morning,Fri,8,7.43,3.92,4.27
2414,Widget_A,37,economy,M02,23.1,11.3,3,30.0,38.7,Afternoon,Tue,4,9.48,0.85,0.97
3654,Gadget_X,129,Premium,M03,1.5,51.9,4,28.1,55.0,Morning,Tue,3,8.23,15.71,18.94
2861,Gadget_Y,437,Premium,M10,20.5,23.5,3,30.8,63.9,Morning,Thu,4,0.18,17.61,17.29
4271,Widget_C,471,Economy,M09,7.3,25.5,3,37.9,81.6,Afternoon,Thu,6,1.61,25.77,24.74
2879,Gadget_X,322,Standard,M09,,41.9,5,31.1,53.8,Afternoon,Mon,1,2.02,70.48,72.66
2972,Gadget_Y,453,Economy,M01,8.1,10.0,4,25.5,37.0,Night,Mon,4,3.92,41.13,40.84
1383,Widget_B,278,premium,M02,8.6,59.5,1,27.0,,Afternoon,Thu,2,4.29,13.47,12.71
3368,Gadget_X,449,Standard,M08,2.3,37.7,3,22.5,85.8,Afternoon,Thu,6,2.07,36.75,32.0
3572,Gadget_Y,88,Economy,M03,17.7,15.7,2,27.7,,Afternoon,Sat,8,0.3,2.38,2.81
3224,Gadget_Y,59,Standard,M04,18.9,45.9,3,25.3,35.4,Morning,Sat,1,1.08,5.44,5.78
3847,Widget_A,27,Standard,M02,17.0,32.2,2,30.5,42.0,Morning,Mon,7,3.51,0.55,0.49
3172,Widget_A,388,Standard,M10,13.4,53.9,3,32.7,58.5,Night,Sat,2,0.42,14.0,12.56
3296,Widget_B,451,Standard,M09,17.6,52.4,5,28.3,,Night,Fri,7,2.08,18.87,17.66
3728,Widget_C,490,Premium,M09,4.7,43.2,4,25.9,32.9,Afternoon,Mon,2,1.51,50.99,56.46
2394,Gadget_X,390,Standard,M02,,10.4,2,33.3,67.6,Morning,Thu,7,,20.0,22.49
1553,Widget_A,388,Standard,M02,22.7,35.2,2,36.2,55.2,Morning,Sat,2,,6.65,6.09
4267,Gadget_Y,72,Premium,M02,16.5,52.0,5,27.3,47.5,Afternoon,Thu,4,0.63,3.95,4.29
1223,Widget_C,392,Economy,M04,15.8,34.3,4,28.1,54.3,Night,Thu,4,1.48,36.61,36.51
2383,Widget_A,436,Economy,M04,14.3,11.7,3,24.9,59.5,Night,Tue,8,0.01,6.65,7.23
2097,Widget_B,51,Standard,M02,24.1,50.5,3,21.0,38.2,Night,Fri,2,8.76,2.87,2.74
4043,Widget_B,298,Premium,M07,10.4,48.8,1,24.4,36.6,Afternoon,Tue,3,2.66,15.47,16.38
1009,Widget_B,73,Economy,M09,9.9,17.5,4,28.4,42.9,Morning,Wed,8,1.07,2.27,2.34
3047,Widget_C,206,Premium,M02,7.9,5.1,1,28.7,,Morning,Sun,1,3.19,15.29,19.06
1317,Widget_C,401,Premium,M04,,14.2,2,30.6,42.1,Afternoon,Tue,5,3.3,21.3,24.24
2329,Widget_A,35,Premium,M10,14.9,53.1,5,27.4,52.4,Night,Sat,7,4.53,1.19,1.09
1428,Gadget_Y,259,Standard,M01,1.3,37.5,5,38.3,72.6,Morning,Sat,2,1.88,32.07,33.54
3406,Gadget_Y,343,Standard,M05,20.9,-18.8,3,21.7,60.7,Morning,Wed,4,5.92,21.8,25.58
1106,Gadget_Y,235,Economy,M06,,55.2,3,28.6,72.0,Morning,Fri,6,1.22,13.73,17.07
2926,Gadget_Y,10,Standard,M03,8.2,6.3,3,27.4,61.5,Afternoon,Mon,5,0.38,0.51,0.46
1143,Widget_A,258,Standard,M10,,21.2,2,29.7,73.4,Night,Thu,2,1.46,9.18,8.96
1122,Widget_A,176,Standard,M04,23.6,36.1,4,37.3,57.2,Morning,Sat,6,0.07,3.06,3.79
2812,Widget_A,107,Standard,M08,20.1,58.0,4,24.8,58.7,Night,Sun,3,8.73,3.48,3.29
3936,Widget_A,271,Standard,M08,17.6,44.4,1,33.0,58.0,Night,Sat,8,6.53,3.89,4.25
4361,Widget_A,424,Standard,M01,20.0,41.6,5,32.2,61.4,Morning,Sun,6,4.43,10.31,9.58
2190,Widget_A,461,Standard,M01,4.1,29.6,3,30.9,53.8,Morning,Tue,2,2.58,17.51,15.59
3321,Widget_B,274,Standard,M08,8.7,59.5,2,27.2,63.8,Morning,Tue,3,6.96,12.27,11.58
4045,Gadget_X,267,Standard,M02,17.2,8.3,3,34.5,,Morning,Tue,3,8.66,20.69,19.49
3635,Widget_A,224,Standard,M02,19.4,29.2,1,37.8,62.4,Morning,Mon,5,1.01,2.96,2.85
2690,Widget_C,437,Economy,M02,6.5,11.7,4,29.1,57.5,Afternoon,Wed,5,2.19,27.97,28.11
1116,Widget_B,410,Premium,M08,19.0,22.4,4,25.0,62.6,Morning,Sun,1,2.46,22.53,27.18
2952,Widget_B,448,Premium,M08,1.2,50.2,5,34.1,41.2,Night,Wed,4,6.84,33.49,41.39
2765,Gadget_X,184,Economy,M02,15.4,37.2,4,30.2,62.7,Night,Thu,5,2.05,16.67,14.29
3983,Widget_C,255,Standard,M10,8.2,9.3,4,31.4,49.8,Morning,Tue,2,9.39,27.3,29.89
4281,Widget_A,345,Economy,M09,8.4,14.4,5,31.4,80.0,Morning,Sun,8,6.33,7.67,7.52
4458,Gadget_X,451,Premium,M08,3.9,22.9,1,27.5,45.4,Morning,Sun,8,0.12,17.26,20.8
3379,Gadget_X,88,Standard,M09,14.6,27.4,4,22.8,43.4,Afternoon,Sun,6,4.19,7.7,9.27
3589,Widget_B,114,standard,M07,,33.3,4,32.8,75.8,Afternoon,Sat,3,7.75,8.75,8.35
1673,Widget_A,372,Standard,M05,0.9,37.1,4,26.5,78.6,Afternoon,Thu,5,0.85,15.55,18.97
3408,Widget_A,260,Standard,M05,3.0,32.0,5,35.1,,Morning,Sun,7,6.87,8.15,7.56
3014,Widget_A,265,Standard,M07,4.0,36.4,5,18.6,30.8,Afternoon,Tue,2,3.47,18.03,16.87
2110,Widget_A,345,Standard,M06,2.8,14.3,4,25.2,69.1,Night,Mon,8,0.72,9.54,11.74
3590,Widget_A,10,Premium,M09,17.4,51.9,5,31.8,,Morning,Tue,4,3.2,0.64,0.73
1592,Widget_B,3000,Premium,M02,21.3,7.7,5,24.6,51.3,Afternoon,Sat,2,3.23,10.46,10.2
3765,Widget_C,209,Standard,M07,22.5,44.4,2,28.2,46.6,Night,Wed,6,1.49,13.2,13.29
4269,Widget_B,235,Standard,M07,7.7,40.7,2,24.0,54.1,Morning,Wed,5,2.61,10.97,9.5
3769,Widget_B,143,Economy,M01,11.1,26.9,5,23.2,56.0,Night,Wed,5,0.79,9.13,11.31
1889,Widget_A,72,Premium,M04,20.8,41.3,5,26.5,56.7,Morning,Sun,5,3.61,2.15,1.88
3235,Gadget_Y,88,Economy,M08,13.2,50.2,1,34.5,27.7,Afternoon,Mon,6,5.4,3.42,3.93
2906,Gadget_X,438,Economy,M03,23.1,46.8,2,23.7,60.2,Night,Wed,6,0.62,23.88,23.52
2577,Gadget_X,496,Economy,M07,2.4,22.8,4,33.5,55.7,Night,Thu,5,1.11,63.58,67.93
3294,Widget_B,282,Premium,M07,16.4,35.1,2,29.8,24.5,Morning,Fri,6,1.2,11.25,10.25
2715,Gadget_X,34,PREMIUM,M04,23.4,30.0,2,23.8,47.1,Morning,Mon,4,0.36,2.2,1.98
1214,Widget_B,354,Standard,M06,9.4,9.3,4,36.1,43.8,Afternoon,Sat,5,2.59,19.74,24.34
1779,Widget_C,223,Economy,M06,,6.5,4,26.3,62.2,Morning,Thu,3,1.67,23.31,21.16
3531,Gadget_X,447,Standard,M05,9.1,13.3,5,29.4,21.2,Morning,Wed,8,5.77,44.57,53.32
2449,Widget_A,329,Standard,M05,9.3,30.6,1,37.2,57.0,Night,Fri,3,4.69,12.05,10.98
3178,Gadget_X,292,Economy,M08,8.1,36.2,3,31.1,71.1,Afternoon,Thu,1,5.02,39.83,35.55
1801,Gadget_Y,260,Premium,M08,24.5,36.1,4,31.7,56.8,Afternoon,Thu,3,2.36,13.69,11.74
3899,Widget_B,23,economy,M09,14.9,31.6,5,31.5,79.6,Afternoon,Mon,7,0.22,1.15,1.35
3009,Widget_A,114,Economy,M06,9.2,21.1,4,19.2,48.3,Morning,Sat,3,3.99,5.06,4.61
4335,Widget_C,194,Premium,M07,19.0,38.0,2,34.6,65.1,Afternoon,Fri,4,4.14,14.67,15.22
2568,Widget_C,256,Standard,M07,6.2,38.5,1,22.5,59.2,Morning,Thu,2,3.82,25.9,24.67
3679,Widget_C,192,Economy,M04,17.4,6.6,2,22.2,63.3,Night,Tue,8,1.27,7.88,8.89
4380,Gadget_X,411,Standard,M04,20.8,29.0,1,34.0,44.3,Afternoon,Mon,8,3.24,17.94,19.4
2519,Gadget_Y,39,Standard,M05,12.0,14.4,3,36.2,40.5,Morning,Sat,4,1.07,2.62,2.59
3074,Gadget_Y,476,Standard,M03,0.5,25.8,3,22.9,57.8,Afternoon,Sat,4,6.06,31.07,30.79
4177,Widget_B,246,Economy,M03,24.9,27.9,1,26.1,51.0,Night,Thu,3,3.68,121.44,8.26
2344,Gadget_X,448,Economy,M01,4.7,24.5,1,17.4,36.1,Morning,Sat,6,2.73,29.73,33.92
1274,Widget_A,347,Premium,M07,21.5,11.8,1,30.3,49.1,Night,Tue,2,1.44,12.44,15.39
1072,Widget_C,287,Standard,M01,6.8,35.1,4,22.1,64.5,Morning,Sat,2,7.94,41.16,36.32
1721,Widget_A,322,Premium,M05,19.9,59.7,1,26.7,49.5,Morning,Thu,1,6.32,12.61,14.9
2741,Widget_C,258,Premium,M04,20.4,26.4,3,23.0,59.7,Afternoon,Fri,1,4.13,26.56,25.98
2088,Widget_A,390,Premium,M05,12.9,23.8,2,18.9,52.4,Morning,Tue,4,8.0,11.94,13.12
1395,Widget_B,364,Standard,M01,1.2,48.4,2,29.4,57.4,Night,Tue,3,3.82,21.92,21.37
1584,Widget_B,200,Standard,M08,4.6,43.9,4,31.9,,Morning,Wed,1,0.93,12.59,12.48
4405,Gadget_X,462,standard,M04,,17.9,2,30.5,,Morning,Tue,2,3.48,38.22,39.1
3367,Widget_B,22,Standard,M02,5.4,15.0,5,30.4,69.6,Afternoon,Sun,2,1.03,1.58,1.64
3527,Gadget_X,297,Standard,M02,22.5,14.8,4,22.9,73.7,Afternoon,Thu,1,2.73,32.41,35.57
1501,Widget_C,121,standard,M05,20.2,14.1,3,26.6,22.1,Night,Mon,2,4.36,14.15,12.56
3388,Widget_A,332,Economy,M10,12.6,48.6,3,21.0,69.3,Morning,Thu,7,1.39,6.08,6.84
3610,Widget_B,200,Premium,M02,17.1,45.0,4,25.2,53.6,Afternoon,Tue,5,1.43,7.37,7.74
4493,Gadget_Y,162,Economy,M08,18.7,10.5,2,20.2,54.8,Morning,Fri,4,,6.31,7.85
4214,Widget_A,235,Premium,M10,18.0,19.1,5,24.0,72.1,Afternoon,Tue,8,3.06,4.39,4.17
3317,Gadget_Y,206,Standard,M02,,48.8,2,27.3,78.3,Afternoon,Sun,3,2.21,9.51,10.95
3038,Gadget_X,305,Economy,M06,15.6,41.6,3,33.2,44.0,Morning,Tue,3,1.69,32.4,28.14
2764,Gadget_Y,5000,Premium,M02,7.4,25.2,1,32.3,47.1,Afternoon,Wed,6,0.74,10.86,9.25
2260,Widget_B,352,Standard,M02,21.9,20.5,3,27.2,54.6,Afternoon,Fri,6,1.43,8.85,9.06
4451,Widget_B,117,Standard,M04,11.5,24.5,3,19.9,53.6,Morning,Tue,4,5.09,5.3,4.99
3351,Widget_A,293,Premium,M02,3.7,49.5,3,36.3,48.0,Night,Mon,7,2.57,6.36,6.1
1206,Widget_A,186,Economy,M06,10.9,13.4,2,33.4,61.1,Morning,Sat,4,5.85,5.21,4.47
1734,Widget_C,107,Premium,M04,21.3,53.0,2,29.0,,Morning,Thu,4,,5.29,6.22
2177,Gadget_X,438,PREMIUM,M09,12.9,32.8,2,25.2,57.1,Morning,Mon,3,5.67,33.55,35.17
1527,Gadget_Y,246,Standard,M10,20.2,29.6,4,28.9,75.9,Morning,Fri,6,4.0,11.91,10.17
3762,Widget_B,473,Economy,M08,6.4,54.2,3,31.6,54.5,Night,Fri,1,8.1,39.86,37.19
2916,Widget_A,28,Economy,M06,18.3,35.5,1,36.9,58.2,Afternoon,Wed,5,6.63,0.87,0.96
1899,Widget_B,474,Premium,M10,5.2,50.2,5,28.9,62.6,Morning,Sat,8,4.21,14.78,13.6
1378,Widget_A,227,Economy,M03,,43.0,4,22.0,51.2,Night,Fri,3,2.76,8.97,10.79
2560,Widget_C,127,Economy,M10,24.2,8.2,3,21.5,63.3,Morning,Fri,1,0.64,8.76,7.57
3858,Gadget_X,57,Standard,M08,8.3,43.3,4,25.5,41.0,Afternoon,Mon,2,7.83,8.23,7.56
4142,Widget_A,14,Standard,M07,,45.7,3,34.5,40.8,Morning,Tue,8,2.3,0.58,0.52
3006,Widget_B,339,Standard,M04,12.6,29.2,3,24.5,68.2,Afternoon,Sat,7,6.35,11.41,14.2
1387,Gadget_Y,474,economy,M02,7.8,54.7,2,32.7,65.1,Morning,Tue,3,3.49,23.44,20.84
1199,Widget_A,41,Premium,M01,21.8,47.1,2,32.7,81.9,Afternoon,Tue,8,1.75,0.86,0.86
4441,Widget_C,170,Premium,M04,22.6,39.7,5,19.4,39.0,Afternoon,Thu,8,3.82,9.13,9.3
2710,Widget_A,288,Standard,M09,7.7,12.8,3,29.2,76.5,Morning,Sat,3,0.0,8.6,10.18
2051,Gadget_Y,330,Standard,M02,18.9,26.0,3,19.3,25.2,Night,Tue,8,7.94,12.58,11.44
1591,Widget_A,31,Standard,M05,6.8,36.6,2,24.4,36.5,Afternoon,Sun,8,2.96,0.85,0.74
1520,Gadget_Y,189,Economy,M08,13.2,58.4,3,27.3,41.9,Afternoon,Mon,7,4.73,7.86,7.0
3837,Gadget_X,281,Standard,M04,13.1,25.2,2,25.1,72.6,Afternoon,Wed,5,3.93,18.41,18.06
2629,Gadget_Y,425,Premium,M04,17.3,22.8,1,23.0,51.9,Afternoon,Fri,4,6.2,19.12,22.75
3844,Gadget_Y,201,Standard,M03,14.2,9.5,1,30.7,55.6,Morning,Wed,2,3.12,9.91,10.99
3397,Widget_B,202,Economy,M09,,40.4,1,26.4,49.3,Morning,Tue,2,0.56,8.96,10.56
1430,Widget_A,127,Economy,M02,10.3,15.1,2,19.5,54.4,Morning,Sun,4,1.84,2.59,2.47
2084,Widget_C,175,Standard,M06,15.5,39.0,2,28.4,52.9,Morning,Tue,4,4.49,13.31,16.06
3245,Gadget_Y,198,PREMIUM,M08,12.9,7.9,1,23.7,47.6,Morning,Sat,3,2.57,8.68,9.11
4019,Gadget_X,313,Economy,M07,1.2,10.8,4,24.4,58.9,Afternoon,Mon,6,0.95,38.3,40.93
1208,Gadget_X,296,Standard,M01,9.4,59.4,2,28.7,61.4,Afternoon,Thu,1,3.32,34.43,36.73
1492,Widget_C,34,Premium,M08,5.6,32.4,2,19.5,51.5,Afternoon,Mon,5,2.71,2.19,2.5
2867,Widget_C,444,Economy,M10,16.3,5.3,3,22.8,71.0,Night,Tue,5,0.58,25.27,27.41
2810,Widget_B,419,Standard,M01,20.5,50.1,2,40.8,39.9,Morning,Tue,6,2.84,11.4,9.78
2957,Widget_A,54,Economy,M01,4.3,34.3,4,17.5,70.8,Afternoon,Sat,8,1.42,1.28,1.11
4416,Widget_C,202,PREMIUM,M03,1.8,9.9,5,33.8,37.6,Afternoon,Mon,1,2.49,30.28,32.4
1793,Widget_C,402,Economy,M07,16.5,7.6,5,36.6,,Night,Tue,8,5.62,35.13,42.98
3913,Gadget_Y,455,Standard,M06,14.3,55.1,3,23.9,69.2,Morning,Sun,4,0.86,24.82,27.09
2187,Gadget_Y,409,Economy,M09,21.4,59.1,5,26.8,44.2,Morning,Sat,7,1.45,17.42,20.35
2186,Gadget_Y,132,Premium,M02,,20.8,4,25.1,59.2,Night,Fri,6,,6.26,5.54
2551,Widget_B,263,Standard,M04,10.2,45.1,3,31.1,66.8,Afternoon,Mon,8,1.68,9.5,9.71
3906,Gadget_X,43,Premium,M04,12.1,57.6,2,24.2,65.8,Afternoon,Sat,4,2.12,3.77,3.92
2878,Widget_A,118,premium,M09,13.0,39.6,3,19.4,67.3,Afternoon,Sat,3,3.93,3.41,3.47
3619,Widget_C,24,Economy,M01,7.6,27.3,2,30.6,51.5,Afternoon,Sun,7,3.58,1.32,1.54
2531,Gadget_X,264,standard,M06,1.9,48.6,2,33.2,49.2,Morning,Tue,5,5.11,28.22,24.79
2411,Widget_B,224,PREMIUM,M05,4.2,34.0,1,26.2,64.9,Afternoon,Wed,4,1.06,8.73,8.32
2477,Widget_B,227,Standard,M07,12.2,19.1,3,32.5,53.4,Morning,Fri,1,5.9,22.66,25.78
3794,Gadget_Y,407,Standard,M09,8.8,50.1,1,29.0,50.4,Night,Tue,3,0.89,20.63,22.11
2798,Widget_A,357,Economy,M01,5.5,25.6,3,15.4,55.2,Afternoon,Sat,6,2.71,8.58,9.86
1084,Widget_C,275,Standard,M06,19.0,40.1,3,31.6,41.9,Night,Sun,1,2.03,38.69,36.23
3772,Gadget_Y,345,Standard,M01,17.2,11.6,1,25.4,72.5,Morning,Wed,1,2.24,24.12,21.48
4454,Widget_C,271,Standard,M01,9.5,59.7,5,25.6,62.8,Afternoon,Fri,2,6.33,42.12,41.41
1021,Widget_C,260,Standard,M09,11.7,28.7,5,26.0,40.7,Afternoon,Wed,4,8.61,25.88,31.4
2919,Widget_C,250,Economy,M06,,36.2,3,26.5,47.2,Night,Tue,7,1.23,21.6,25.64
2628,Widget_A,159,Economy,M04,6.6,46.5,4,39.0,61.0,Afternoon,Fri,5,1.61,5.36,5.24
3084,Widget_C,225,Premium,M07,4.0,18.2,2,31.1,65.3,Afternoon,Thu,1,,31.82,31.99
4387,Gadget_Y,28,Economy,M09,3.0,51.5,2,24.2,55.3,Morning,Fri,2,0.91,2.58,2.44
2406,Gadget_Y,131,Standard,M02,9.5,23.0,3,27.1,47.2,Afternoon,Thu,5,2.19,6.4,6.62
3343,Widget_C,269,Premium,M02,2.9,46.1,2,29.5,65.0,Morning,Tue,6,1.6,12.22,12.13
2731,Gadget_Y,169,Premium,M05,,7.5,3,29.0,51.8,Afternoon,Fri,5,1.84,13.54,14.63
2563,Gadget_X,432,Standard,M01,9.2,21.0,5,24.1,82.9,Afternoon,Tue,4,4.78,54.57,55.96
3865,Gadget_X,366,Premium,M05,0.9,5.2,2,29.6,56.9,Morning,Thu,5,0.74,39.25,43.04
4155,Widget_A,272,Standard,M01,18.0,12.3,3,21.4,57.3,Morning,Mon,5,1.15,5.28,6.54
3342,Gadget_Y,141,Premium,M07,19.2,23.3,1,35.6,48.3,Morning,Sat,3,0.94,7.14,6.98
1974,Widget_A,125,Standard,M02,4.8,35.8,5,21.9,44.7,Night,Tue,2,9.06,5.96,5.14
2711,Widget_A,180,Premium,M08,5.3,53.7,1,34.9,44.1,Night,Fri,7,,2.86,3.0
4273,Gadget_Y,358,Standard,M04,3.3,52.1,5,34.1,56.2,Morning,Sun,5,3.65,28.5,27.42
3305,Gadget_Y,496,standard,M07,23.7,50.3,2,29.5,46.4,Afternoon,Sun,2,1.15,35.97,31.7
1884,Widget_B,272,Economy,M05,8.9,10.8,1,28.4,66.7,Night,Mon,6,4.25,12.17,10.44
2099,Gadget_X,430,Premium,M08,,14.1,5,25.8,73.7,Night,Sat,1,3.14,60.15,64.33
1157,Widget_B,374,Premium,M09,14.9,51.6,5,30.4,71.9,Afternoon,Fri,1,2.56,30.88,28.21
3672,Gadget_Y,103,Economy,M06,22.2,41.9,1,26.8,43.9,Night,Sat,5,2.84,5.3,6.13
1887,Widget_B,384,Standard,M10,7.2,5.4,5,41.2,49.2,Afternoon,Tue,7,4.38,16.95,15.04
3731,Widget_B,282,premium,M05,19.5,40.2,3,21.7,47.6,Afternoon,Fri,4,0.2,13.68,13.73
3133,Gadget_X,161,Standard,M02,10.0,15.8,2,26.2,49.1,Night,Fri,8,3.4,9.07,10.49
2513,Widget_B,439,Economy,M03,23.2,54.0,5,31.0,30.9,Morning,Sat,5,2.22,16.76,14.74
3935,Gadget_X,363,Premium,M10,22.2,27.9,4,21.8,65.2,Morning,Fri,4,3.88,30.58,32.81
3916,Gadget_Y,266,Premium,M05,16.6,10.9,5,28.1,52.6,Morning,Thu,3,3.93,24.28,28.47
3964,Gadget_X,249,Economy,M08,7.9,16.0,3,24.8,73.9,Afternoon,Mon,4,0.56,22.0,25.08
3277,Gadget_Y,98,Standard,M10,3.2,35.6,3,26.7,57.1,Morning,Wed,8,3.55,3.78,3.25
3226,Widget_C,344,Premium,M08,20.9,22.5,3,19.3,53.2,Morning,Mon,2,1.52,21.56,22.67
2454,Gadget_X,287,Economy,M03,6.7,57.3,3,28.5,33.7,Night,Wed,6,1.82,21.99,26.51
2506,Widget_A,196,Premium,M04,23.9,31.2,2,26.3,59.1,Afternoon,Wed,4,1.65,3.76,4.39
4282,Gadget_Y,85,Standard,M09,13.0,16.6,2,21.0,72.2,Afternoon,Wed,4,7.88,5.37,4.8
4160,Widget_B,264,Standard,M02,24.4,41.8,4,22.9,42.3,Morning,Thu,8,,5.77,6.43
1459,Widget_A,349,Standard,M03,9.0,12.0,1,41.1,43.6,Morning,Wed,5,3.6,5.17,5.39
3316,Gadget_Y,210,Standard,M06,3.4,28.0,4,24.4,26.1,Afternoon,Fri,6,11.79,17.98,20.42
1079,Gadget_Y,105,Premium,M04,16.5,16.5,4,31.4,58.8,Afternoon,Sat,3,0.79,6.46,5.88
4455,Widget_A,322,Standard,M06,2.4,21.4,4,32.1,58.9,Afternoon,Fri,3,2.21,15.14,14.15
3942,Gadget_X,450,Premium,M07,3.7,31.6,5,34.5,21.4,Morning,Wed,8,5.22,45.51,48.08
2057,Widget_A,395,Standard,M03,17.5,42.2,4,24.0,71.8,Afternoon,Fri,3,2.67,11.77,13.54
1907,Widget_B,301,Economy,M03,7.8,45.5,1,24.4,55.0,Morning,Sat,7,5.06,7.85,8.94
3116,Gadget_X,16,Standard,M05,19.2,23.4,5,27.8,64.7,Morning,Sun,7,1.64,1.4,1.58
3601,Gadget_Y,167,Premium,M05,21.0,36.3,5,24.1,60.0,Morning,Sat,8,,10.65,9.07
4334,Widget_A,89,Premium,M07,22.3,56.1,4,27.5,39.4,Afternoon,Wed,7,3.05,2.6,3.24
1381,Gadget_Y,173,Standard,M05,22.8,49.8,4,26.3,56.7,Morning,Tue,8,5.64,7.79,8.37
1948,Widget_A,3000,Standard,M01,2.3,20.9,3,33.1,45.7,Afternoon,Wed,2,5.18,12.91,12.35
3209,Gadget_Y,108,Standard,M10,20.9,25.1,4,27.7,67.8,Afternoon,Mon,1,0.37,9.43,11.24
3375,Widget_B,304,Premium,M02,18.6,39.7,4,21.9,65.5,Afternoon,Fri,5,0.92,11.09,11.98
3796,Gadget_Y,295,Economy,M05,9.0,34.0,3,28.1,54.2,Night,Sun,3,3.22,26.55,31.1
1716,Gadget_Y,373,Premium,M07,13.9,18.9,1,32.5,81.2,Night,Wed,5,2.87,21.05,22.47
3401,Gadget_X,379,Standard,M10,4.4,57.4,2,29.6,57.4,Morning,Fri,1,5.93,44.04,40.48
1687,Widget_B,248,Premium,M03,16.2,12.3,3,25.8,46.9,Afternoon,Wed,7,1.63,7.21,7.4
4244,Widget_A,191,Standard,M02,8.9,33.4,2,24.0,89.7,Morning,Mon,7,3.21,3.02,3.29
2294,Widget_C,206,economy,M02,22.1,48.1,3,25.6,58.4,Night,Sun,8,4.59,195.95,9.32
1306,Gadget_X,340,Economy,M03,6.9,43.1,2,29.0,,Night,Sat,5,1.63,26.54,30.85
1210,Gadget_Y,264,Premium,M03,1.2,14.2,2,23.1,,Night,Wed,2,2.07,19.07,20.42
2144,Gadget_X,110,Economy,M09,3.5,54.9,5,26.2,59.0,Morning,Thu,8,7.31,9.08,11.11
3608,Widget_B,83,Standard,M08,2.8,54.7,5,25.6,54.4,Afternoon,Fri,6,,4.25,4.9
4488,Gadget_Y,286,Standard,M07,6.0,13.9,3,31.8,73.0,Night,Tue,2,2.62,30.58,27.97
3093,Widget_A,442,Standard,M08,,26.9,2,26.4,33.5,Morning,Tue,6,3.84,7.27,7.74
1886,Widget_A,376,Standard,M01,22.5,36.4,5,28.9,69.7,Morning,Sun,4,3.49,11.1,10.68
3156,Gadget_Y,188,Economy,M07,24.8,30.7,4,28.2,44.0,Afternoon,Thu,2,8.13,19.88,21.07
1918,Widget_C,467,Standard,M08,7.9,44.9,4,24.6,57.0,Morning,Sat,3,6.74,45.98,55.91
3637,Gadget_Y,287,Standard,M06,17.6,17.7,5,34.5,61.5,Night,Fri,8,5.59,17.25,17.26
3242,Gadget_Y,481,Premium,M06,7.4,23.5,4,31.7,31.0,Morning,Sat,5,0.76,31.38,33.51
1192,Widget_A,209,Standard,M05,22.0,20.2,4,27.6,50.9,Night,Mon,1,3.21,11.6,12.95
3230,Widget_A,280,Premium,M09,0.8,13.9,1,23.6,83.8,Night,Sun,7,,5.11,4.98
3393,Widget_B,272,PREMIUM,M06,12.5,48.4,5,33.1,55.0,Night,Wed,8,0.3,13.09,14.48
2266,Widget_A,468,Standard,M07,,23.6,3,24.7,67.6,Morning,Thu,7,0.19,14.19,16.54
1484,Widget_A,303,standard,M09,7.8,20.0,2,27.8,46.6,Morning,Sat,4,3.4,6.62,7.78
3650,Gadget_X,438,Standard,M10,,51.9,4,24.0,51.3,Afternoon,Sat,5,4.57,41.61,50.96
1916,Widget_A,409,Premium,M06,3.3,54.5,1,33.5,68.4,Morning,Sun,2,1.52,15.62,19.24
4044,Widget_B,222,Standard,M02,1.5,55.6,2,30.5,118.5,Night,Wed,5,2.15,9.49,10.71
1278,Widget_C,103,Standard,M08,3.7,10.7,3,35.1,49.4,Morning,Sun,3,1.65,7.32,8.17
1989,Gadget_Y,174,Premium,M01,1.5,35.4,3,34.6,45.7,Night,Wed,7,2.83,11.25,13.15
3019,Widget_B,108,Standard,M06,14.1,17.5,5,26.1,48.5,Morning,Thu,5,5.39,6.72,6.0
2246,Widget_B,335,Standard,M09,20.0,12.3,1,36.9,,Morning,Mon,1,1.96,15.1,14.02
3448,Widget_C,458,Premium,M08,6.6,38.8,3,28.5,49.7,Night,Mon,7,2.37,28.17,29.8
1572,Gadget_Y,61,Standard,M06,19.5,30.4,4,27.7,68.3,Afternoon,Thu,3,6.63,5.58,6.4
2436,Widget_A,182,Standard,M06,23.6,14.0,4,26.6,50.2,Night,Wed,6,7.9,5.65,6.71
3381,Widget_B,416,Standard,M08,23.8,8.3,1,30.0,58.1,Night,Mon,7,,9.5,8.31
1994,Gadget_X,309,PREMIUM,M06,,40.9,5,25.9,69.2,Night,Thu,3,5.15,62.47,58.32
2949,Widget_C,345,premium,M03,10.4,41.7,3,30.6,55.2,Morning,Wed,3,2.18,25.83,22.02
3491,Gadget_Y,35,Standard,M10,5.8,44.0,1,25.9,40.0,Morning,Tue,8,1.45,1.26,1.43
1586,Widget_C,191,STANDARD,M08,3.0,53.4,3,29.9,51.9,Afternoon,Thu,7,5.11,10.94,12.51
4448,Gadget_X,442,Standard,M01,5.7,31.4,5,19.0,77.6,Morning,Mon,6,1.81,38.4,42.01
1414,Widget_C,420,Premium,M01,16.2,26.7,1,30.2,34.6,Morning,Mon,3,3.81,23.64,20.41
1707,Gadget_Y,280,Standard,M10,,23.7,3,28.0,75.0,Afternoon,Wed,1,1.51,23.13,19.9
2350,Widget_C,20,Standard,M09,22.5,13.3,1,23.0,54.2,Afternoon,Sat,3,4.12,1.13,1.28
2008,Widget_C,172,Standard,M05,6.4,12.3,2,28.4,52.8,Night,Wed,7,3.02,12.82,12.63
1675,Gadget_Y,74,Premium,M05,22.1,23.9,3,29.3,49.7,Morning,Mon,5,4.5,4.47,4.3
4060,Gadget_X,81,Standard,M05,7.5,28.7,1,24.1,47.7,Afternoon,Sun,7,4.15,5.1,4.37
1856,Widget_C,281,Standard,M07,2.8,50.3,1,31.7,56.7,Afternoon,Sat,1,8.75,40.79,49.26
1448,Widget_C,172,Standard,M10,20.3,59.1,1,24.0,50.0,Morning,Thu,4,1.21,6.99,6.34
2973,Widget_C,97,Standard,M04,22.2,24.4,4,41.6,53.3,Afternoon,Sun,6,2.95,5.64,5.04
1866,Widget_A,373,Economy,M03,16.9,44.9,3,33.7,53.4,Morning,Fri,1,4.99,14.29,14.41
3546,Gadget_Y,53,premium,M02,9.4,24.3,5,24.3,35.1,Night,Sat,2,0.5,4.26,4.78
4040,Widget_B,73,Standard,M07,14.1,48.7,3,32.7,51.7,Morning,Wed,7,6.64,3.72,4.19
4133,Widget_C,160,Economy,M05,6.0,13.6,4,39.6,70.4,Morning,Wed,7,1.82,10.85,9.67
4352,Widget_B,133,Premium,M07,14.2,11.2,2,19.5,64.1,Afternoon,Tue,5,2.27,5.86,6.58
3211,Gadget_X,279,Premium,M08,3.8,36.2,3,28.7,52.2,Morning,Sat,3,8.25,29.43,28.04
4023,Gadget_X,119,Standard,M09,11.4,28.2,3,30.3,53.4,Morning,Wed,2,0.17,11.91,13.63
4129,Widget_C,483,Economy,M03,12.9,35.9,2,31.8,57.9,Afternoon,Sun,2,1.07,36.03,30.65
3908,Gadget_Y,19,premium,M04,8.7,55.4,4,25.5,57.0,Afternoon,Tue,2,5.76,2.26,2.6
2248,Widget_C,104,Premium,M03,2.3,45.4,2,31.7,54.1,Afternoon,Sat,3,1.87,8.84,10.19
1295,Gadget_X,189,STANDARD,M09,20.5,53.4,3,24.7,50.5,Night,Thu,3,1.69,18.69,23.14
2548,Widget_B,110,Standard,M06,8.7,26.7,4,34.7,89.5,Morning,Fri,3,0.55,7.48,6.59
1589,Widget_A,344,Standard,M06,,19.9,3,20.4,50.1,Night,Sat,5,0.65,10.42,12.21
2742,Widget_A,491,Standard,M04,23.5,41.8,4,30.1,,Afternoon,Thu,3,7.47,14.3,16.67
2282,Widget_A,203,economy,M09,23.6,27.3,5,30.9,51.5,Night,Mon,7,0.68,3.69,4.16
3587,Widget_B,52,Standard,M02,16.3,12.3,4,22.9,55.2,Morning,Mon,1,2.2,3.16,3.06
3420,Gadget_Y,431,premium,M01,11.9,7.3,5,24.6,57.7,Afternoon,Thu,3,4.67,37.42,35.79
2951,Widget_A,369,Standard,M09,4.4,33.9,4,35.2,48.1,Morning,Wed,8,1.94,8.06,7.97
3709,Gadget_Y,280,Economy,M05,,7.8,2,29.3,39.3,Afternoon,Wed,2,3.01,23.28,26.26
4255,Gadget_X,224,Economy,M05,,34.5,5,24.9,45.6,Afternoon,Sun,6,3.77,30.17,29.44
4482,Widget_C,393,economy,M09,8.3,34.9,3,30.0,84.5,Afternoon,Mon,1,1.49,42.23,52.12
3096,Widget_B,109,Standard,M07,6.6,43.7,1,27.7,75.8,Afternoon,Mon,6,2.5,4.88,5.21
3647,Gadget_Y,126,Premium,M03,14.5,36.0,1,25.4,67.6,Afternoon,Tue,7,0.26,3.83,4.08
2418,Gadget_Y,35,premium,M06,9.6,44.9,3,29.1,,Afternoon,Wed,3,2.85,3.68,4.19
1426,Gadget_X,299,STANDARD,M06,,15.3,4,30.0,79.0,Morning,Mon,3,2.7,41.45,37.26
1535,Widget_C,358,Premium,M04,9.0,27.2,3,27.0,39.8,Morning,Wed,5,0.32,19.78,22.49
2055,Widget_B,115,Premium,M08,24.7,20.1,2,18.7,52.0,Night,Tue,5,3.08,3.98,3.84
3658,Gadget_X,238,Economy,M10,2.3,14.6,1,25.1,51.0,Afternoon,Mon,1,3.58,29.51,30.92
4143,Gadget_X,468,Economy,M07,24.0,57.3,1,30.9,75.6,Night,Mon,4,1.06,44.79,46.66
2981,Gadget_X,177,Standard,M04,9.7,20.3,3,25.3,60.4,Afternoon,Sun,3,2.81,16.98,17.65
2771,Widget_A,258,Economy,M02,22.4,9.4,5,28.3,50.2,Morning,Mon,4,6.25,6.52,6.17
1133,Widget_C,342,Standard,M04,13.1,27.5,4,23.2,80.1,Night,Sat,4,7.41,28.96,30.68
1007,Widget_B,442,Economy,M05,22.2,9.5,2,29.8,57.5,Afternoon,Tue,1,3.24,29.06,32.89
4119,Gadget_Y,91,Premium,M02,4.0,52.4,2,24.3,71.5,Night,Thu,8,1.57,3.17,3.57
1422,Gadget_X,384,Premium,M03,0.9,48.9,2,30.0,38.6,Morning,Wed,5,3.18,28.55,33.11
2691,Gadget_Y,10,PREMIUM,M08,,47.5,5,27.3,67.0,Night,Sun,1,1.73,1.71,1.82
4116,Widget_C,468,standard,M04,21.9,50.6,1,31.9,70.2,Night,Fri,8,5.4,17.26,20.52
3865,Gadget_X,366,Premium,M05,0.9,5.2,2,29.6,56.9,Morning,Thu,5,0.74,39.25,43.04
2194,Widget_B,471,Economy,M04,,21.2,5,25.1,61.3,Afternoon,Mon,3,3.19,24.52,27.02
2717,Widget_C,199,Standard,M01,3.0,50.8,4,30.9,22.9,Afternoon,Tue,3,1.5,21.16,18.64
2369,Widget_B,383,Premium,M04,22.0,35.0,5,25.7,75.7,Morning,Thu,1,0.11,27.54,25.69
1557,Widget_B,454,Economy,M09,24.2,21.0,5,31.8,62.1,Afternoon,Sat,1,1.22,34.55,42.68
3400,Widget_C,61,Standard,M10,21.7,43.2,4,34.0,,Morning,Mon,8,3.3,2.82,3.11
4204,Gadget_X,334,Standard,M06,16.8,43.6,4,27.0,63.8,Morning,Wed,5,2.09,31.63,38.55
4174,Widget_A,230,Premium,M10,2.9,29.6,1,28.7,63.4,Afternoon,Sun,2,4.4,7.39,7.5
4138,Gadget_X,41,Standard,M01,24.5,8.4,4,25.3,50.7,Afternoon,Tue,4,2.11,3.86,3.77
3078,Gadget_X,476,Premium,M05,6.1,18.1,5,25.4,41.4,Night,Wed,7,1.77,49.31,56.51
1571,Widget_C,5000,Standard,M02,22.4,11.0,4,32.3,82.2,Morning,Fri,7,7.56,1.65,1.61
1353,Widget_C,148,Standard,M08,1.3,34.7,2,31.8,31.8,Morning,Sat,3,0.75,9.1,10.66
1092,Widget_C,325,Standard,M10,7.0,35.0,2,29.2,38.4,Night,Fri,7,1.6,15.18,14.1
3755,Widget_A,319,Economy,M10,14.5,19.1,1,30.2,52.8,Night,Sun,6,1.88,4.79,5.27
4180,Gadget_X,433,Premium,M01,7.7,40.8,2,29.1,75.5,Morning,Tue,4,3.02,38.84,44.5
2171,Gadget_Y,454,Standard,M09,3.2,42.5,2,19.0,48.4,Afternoon,Thu,8,0.25,16.07,19.98
3171,Widget_B,44,Standard,M02,11.1,24.4,2,26.9,47.0,Afternoon,Tue,8,,1.35,1.44
2286,Widget_A,17,Standard,M07,23.0,27.6,4,28.7,56.7,Afternoon,Wed,5,0.57,0.71,0.83
3708,Gadget_Y,164,Economy,M03,17.1,5.4,3,38.5,,Night,Tue,5,8.3,9.21,11.24
3227,Gadget_Y,88,Premium,M04,,12.7,1,17.6,34.1,Morning,Thu,8,3.06,2.66,3.32
3967,Gadget_Y,478,Standard,M05,7.7,54.4,5,33.0,65.2,Night,Sat,1,0.54,76.9,82.05
2883,Gadget_Y,305,Standard,M02,1.5,26.3,4,19.8,67.3,Morning,Sat,7,0.15,11.95,10.22
3438,Widget_A,295,Premium,M06,20.2,9.3,1,27.3,70.8,Night,Fri,4,7.6,8.26,10.3
2890,Gadget_X,110,Standard,M07,21.9,49.1,5,29.3,66.6,Night,Wed,3,2.07,19.21,20.28
3010,Gadget_X,17,Standard,M06,8.8,21.7,5,24.0,44.3,Morning,Mon,5,2.29,2.33,2.73
2592,Widget_B,452,Premium,M05,8.1,32.8,1,37.7,67.2,Night,Wed,3,5.68,27.11,31.23
4481,Widget_A,28,Economy,M01,3.2,57.2,2,32.4,58.2,Morning,Tue,2,2.61,1.98,2.21
1698,Gadget_Y,293,Standard,M05,17.4,54.1,4,21.8,41.1,Afternoon,Mon,5,2.17,20.88,21.17
3929,Gadget_Y,206,Standard,M03,9.0,45.5,1,31.2,37.5,Morning,Wed,3,2.15,9.34,10.88
1349,Gadget_Y,242,premium,M01,24.2,15.0,2,26.4,76.3,Night,Sun,7,6.04,10.74,9.48
3112,Widget_C,282,STANDARD,M08,3.7,53.7,4,31.8,61.7,Morning,Wed,4,6.45,26.34,29.8
4372,Widget_B,414,Standard,M02,,41.9,1,24.9,66.4,Morning,Wed,4,3.74,10.17,11.09
3841,Gadget_X,247,Standard,M09,3.9,46.3,3,25.5,58.3,Morning,Fri,4,9.16,27.94,30.53
3549,Widget_A,106,Standard,M08,19.9,57.3,3,28.4,39.3,Night,Sat,4,9.02,3.41,4.12
2138,Gadget_X,66,Premium,M01,5.2,45.8,2,32.2,46.7,Afternoon,Thu,7,0.95,5.09,5.45
4200,Widget_C,362,Standard,M08,23.3,58.8,1,35.1,63.7,Afternoon,Sun,3,4.82,16.4,17.55
3016,Widget_B,487,Standard,M08,7.5,25.8,3,22.6,57.7,Night,Sat,4,6.52,25.74,31.26
2989,Widget_A,152,Standard,M05,17.0,43.8,1,28.1,62.5,Afternoon,Sat,5,3.43,3.6,4.14
4326,Gadget_X,60,Standard,M04,23.5,58.1,5,23.1,52.7,Afternoon,Tue,7,4.54,5.15,5.45
4308,Widget_A,442,Premium,M10,22.2,22.8,5,16.6,,Night,Tue,7,1.82,9.3,11.47
2712,Widget_A,143,Standard,M07,9.4,34.2,5,30.2,61.6,Afternoon,Sat,4,0.34,7.94,7.53
2340,Widget_A,444,Economy,M09,16.0,36.8,4,27.9,37.4,Morning,Mon,6,1.07,8.26,9.69
3999,Gadget_X,275,premium,M05,6.5,7.3,5,24.8,63.5,Morning,Fri,6,2.06,28.05,34.16
1454,Widget_C,184,Economy,M05,16.0,8.6,5,32.0,41.2,Morning,Tue,6,0.76,13.66,14.64
1914,Gadget_X,423,Premium,M06,,48.8,5,21.6,,Afternoon,Thu,7,1.3,44.55,54.88
4077,Widget_B,305,Premium,M02,15.8,17.5,4,19.3,,Morning,Tue,7,4.76,9.11,9.52
2200,Gadget_Y,409,Economy,M09,17.4,53.9,4,27.2,58.4,Morning,Wed,5,0.37,18.27,15.66
2925,Gadget_X,199,Standard,M10,18.6,29.0,3,20.9,51.5,Afternoon,Thu,8,1.79,9.61,9.62
2275,Widget_B,202,Standard,M09,7.7,21.1,1,29.7,47.6,Morning,Sun,4,3.46,6.84,6.43
3630,Gadget_X,123,Standard,M07,21.0,57.3,4,28.8,56.4,Afternoon,Fri,6,2.28,12.32,11.93
1038,Widget_C,245,standard,M10,10.7,56.0,1,29.4,64.3,Night,Sat,4,4.24,13.87,16.52
1975,Gadget_X,248,Standard,M02,,8.4,4,32.8,39.6,Afternoon,Thu,4,1.53,101.98,23.49
4250,Gadget_Y,411,Premium,M04,21.8,47.7,3,27.5,66.7,Morning,Fri,7,8.43,17.55,16.23
1984,Widget_C,14,Economy,M08,16.3,49.6,2,30.9,61.7,Afternoon,Sat,2,6.53,1.75,2.12
2250,Widget_C,459,Economy,M04,2.5,18.5,5,29.0,80.2,Morning,Thu,8,0.71,25.47,25.8
3563,Widget_B,345,Standard,M04,5.9,13.4,2,31.5,,Night,Sat,2,7.82,22.25,21.07
2419,Widget_C,418,PREMIUM,M07,17.8,9.1,3,29.9,49.4,Night,Fri,2,3.34,54.64,58.21
2285,Gadget_Y,335,premium,M08,17.9,32.5,2,25.8,,Afternoon,Tue,5,1.99,12.34,13.0
2561,Widget_C,359,Economy,M01,4.3,53.0,3,26.7,68.0,Morning,Sun,2,2.78,35.18,31.6
1040,Widget_A,416,Standard,M06,3.3,19.9,2,38.8,40.9,Morning,Thu,1,8.74,20.43,19.2
2487,Widget_C,262,Economy,M04,12.8,24.2,3,27.0,70.6,Afternoon,Fri,7,4.89,13.68,13.59
3252,Widget_C,10,Standard,M06,0.9,44.7,4,32.8,41.9,Morning,Sat,2,2.52,2.18,2.51
1170,Widget_A,81,Standard,M06,,24.2,5,28.2,70.5,Afternoon,Wed,6,2.61,3.54,3.4
2356,Widget_A,399,premium,M04,3.2,22.1,4,17.8,36.7,Afternoon,Mon,3,6.09,15.83,13.74
1738,Widget_C,160,standard,M02,23.4,22.9,2,27.0,63.5,Afternoon,Tue,5,1.27,6.31,5.75
3104,Gadget_Y,241,Economy,M07,19.7,18.9,4,31.9,70.0,Morning,Fri,4,7.94,20.02,21.44
4163,Widget_A,237,Standard,M10,6.0,35.3,3,23.6,42.1,Afternoon,Sun,4,3.44,5.42,6.46
2673,Widget_C,25,Standard,M07,4.0,57.0,4,27.5,30.0,Night,Sun,6,7.06,3.12,3.57
2565,Widget_A,255,Economy,M01,2.9,31.1,1,32.1,55.9,Morning,Thu,3,4.71,6.5,5.8
3320,Widget_A,331,Standard,M02,18.7,15.8,5,25.5,61.4,Night,Mon,7,4.81,6.91,6.64
1635,Widget_A,29,Economy,M10,21.0,7.6,4,18.2,72.8,Afternoon,Sun,4,5.65,0.77,0.77
4104,Widget_A,22,Standard,M05,8.8,29.3,1,27.6,,Night,Fri,1,0.15,1.32,1.27
3330,Widget_B,166,Premium,M07,16.5,57.9,5,24.3,54.3,Afternoon,Tue,5,3.26,10.6,9.13
2641,Widget_A,280,Standard,M01,,27.7,5,24.8,36.3,Morning,Sat,7,6.97,8.44,7.38
2291,Widget_A,140,Standard,M03,3.6,34.5,1,27.2,69.9,Morning,Wed,7,6.1,2.28,2.79
2381,Widget_A,375,Premium,M03,7.3,18.3,1,25.5,51.8,Afternoon,Fri,1,2.89,10.76,12.32
2934,Gadget_X,409,Standard,M03,18.1,8.6,3,34.3,16.8,Afternoon,Wed,3,0.64,31.96,29.0
1580,Widget_A,120,Economy,M10,0.6,40.9,4,24.8,37.5,Morning,Fri,6,1.82,3.34,2.97
3031,Gadget_Y,208,STANDARD,M09,2.3,24.6,1,32.9,51.6,Afternoon,Fri,6,0.41,9.23,10.75
1893,Widget_A,150,economy,M01,8.6,18.6,2,32.6,66.4,Afternoon,Thu,4,10.57,5.22,4.49
1781,Widget_A,300,Economy,M07,,10.8,4,28.1,50.9,Afternoon,Thu,6,5.28,7.48,8.11
1160,Widget_C,399,Premium,M06,2.2,8.6,3,24.1,56.2,Morning,Mon,1,1.32,60.39,71.57
1003,Gadget_Y,240,Economy,M07,3.5,48.4,2,26.0,36.9,Afternoon,Wed,6,3.11,15.13,17.65
1850,Widget_A,341,Standard,M09,12.9,17.1,5,24.0,51.8,Morning,Sat,2,5.36,12.66,12.86
3118,Widget_A,19,Standard,M03,4.1,45.3,1,18.2,57.4,Afternoon,Sun,5,2.19,0.66,0.74
2597,Widget_A,388,Premium,M06,5.6,30.3,3,36.3,63.3,Afternoon,Sun,8,6.13,11.53,9.88
2777,Widget_C,318,Economy,M07,5.5,33.3,5,27.9,53.0,Afternoon,Wed,4,9.09,38.93,34.44
2914,Widget_B,234,premium,M09,3.2,13.8,5,20.6,51.7,Afternoon,Sun,5,3.83,13.97,16.71
2044,Gadget_X,405,Standard,M01,3.6,30.4,5,33.3,49.2,Afternoon,Tue,6,,44.91,41.64
2545,Widget_A,161,Standard,M09,14.5,59.1,5,32.7,33.3,Afternoon,Sun,4,1.0,6.42,6.69
4127,Gadget_X,400,Economy,M06,10.3,31.0,1,22.5,61.2,Night,Sun,5,8.14,42.02,39.37
1054,Widget_B,429,Premium,M09,4.7,16.2,5,28.9,76.0,Night,Fri,1,0.87,42.3,38.87
4391,Widget_A,258,STANDARD,M06,16.3,36.7,1,31.5,32.6,Night,Sun,3,2.8,8.52,9.79
2912,Widget_A,382,Premium,M06,22.5,20.7,1,22.5,68.8,Afternoon,Tue,2,2.18,9.79,10.93
3373,Gadget_Y,238,Standard,M09,24.5,10.6,5,29.0,63.0,Morning,Wed,3,3.08,14.62,14.23
1825,Widget_C,323,Premium,M02,20.0,28.4,4,22.5,25.3,Morning,Sun,8,4.3,10.63,12.83
4146,Widget_C,342,Premium,M07,9.9,8.1,3,26.3,48.7,Afternoon,Tue,7,0.45,25.98,30.62
2390,Gadget_X,217,standard,M05,6.8,35.4,5,36.7,37.0,Morning,Tue,4,4.72,31.75,27.95
3882,Gadget_X,102,Premium,M10,23.5,54.3,1,28.5,104.9,Afternoon,Sat,5,7.39,5.91,5.54
3957,Gadget_X,17,Standard,M04,17.1,59.4,3,32.9,55.0,Morning,Sun,1,9.97,3.01,3.42
2608,Gadget_X,143,Standard,M07,8.8,50.9,3,37.6,61.4,Afternoon,Tue,5,5.49,17.42,19.84
2595,Widget_A,20,Standard,M01,4.1,54.5,3,31.9,73.2,Morning,Sun,6,3.83,0.8,0.7
1772,Widget_C,456,Economy,M05,3.4,18.4,3,32.4,77.3,Afternoon,Sun,4,7.46,48.48,42.02
2869,Widget_B,144,Standard,M02,16.8,41.5,5,32.0,70.9,Morning,Sun,4,5.05,6.86,7.78
2086,Widget_A,290,Economy,M10,1.0,14.9,2,22.0,,Night,Thu,7,0.91,5.44,5.13
3407,Widget_B,18,Premium,M03,20.2,9.9,1,31.8,44.9,Afternoon,Sat,3,0.4,0.6,0.55
2326,Gadget_X,355,Standard,M09,4.9,25.9,4,27.7,58.4,Night,Mon,8,,30.84,30.23
2464,Widget_B,239,Standard,M08,11.0,7.5,3,29.3,75.0,Afternoon,Sat,8,1.32,7.12,7.48
1807,Widget_C,134,Premium,M06,15.6,20.5,5,26.2,62.4,Afternoon,Sun,1,0.75,21.23,18.98
3917,Gadget_Y,277,Economy,M03,24.6,51.2,5,19.2,48.6,Morning,Sun,6,1.62,11.24,10.41
4071,Gadget_X,195,Premium,M09,10.3,15.7,3,28.9,29.9,Afternoon,Mon,3,1.49,20.63,20.02
4248,Widget_A,13,Standard,M06,12.6,5.6,5,27.0,,Afternoon,Tue,1,2.79,0.89,0.88
4457,Widget_C,80,Standard,M05,,35.1,5,21.3,65.5,Morning,Mon,7,4.17,6.67,5.9
1964,Widget_A,31,Economy,M05,12.0,36.3,3,24.2,46.5,Night,Tue,8,5.94,1.04,1.28
1399,Gadget_Y,293,Economy,M06,7.7,13.3,3,34.9,37.0,Night,Thu,8,0.93,17.29,20.43
4296,Widget_B,428,Economy,M08,10.0,34.7,1,32.1,71.3,Night,Sat,3,3.5,17.86,20.67
1705,Widget_B,145,STANDARD,M01,21.2,30.4,5,24.0,75.4,Afternoon,Fri,5,7.53,7.04,7.37
1432,Gadget_Y,82,Standard,M08,16.1,45.6,1,30.3,58.5,Morning,Sat,6,5.19,2.92,2.88
1293,Widget_C,480,STANDARD,M07,13.2,30.3,3,31.0,50.7,Night,Tue,1,4.75,73.77,66.29
4322,Gadget_X,424,Premium,M05,17.0,23.1,1,31.3,,Afternoon,Sun,1,5.11,56.06,63.16
1146,Widget_A,27,Premium,M02,17.8,26.7,2,22.8,29.4,Afternoon,Wed,1,3.51,1.13,1.09
3034,Widget_A,321,Standard,M09,24.9,28.8,5,28.5,55.2,Night,Tue,4,1.28,8.42,8.24
3482,Widget_A,394,Standard,M08,4.8,38.5,1,24.9,60.5,Afternoon,Fri,5,3.88,6.51,7.41
2166,Widget_C,429,Standard,M07,18.7,5.0,5,25.3,44.3,Night,Mon,3,3.03,57.73,57.16
3051,Widget_A,443,Economy,M03,11.9,19.7,5,31.1,,Morning,Wed,4,9.24,11.78,12.38
3698,Widget_B,347,Economy,M06,20.3,28.7,1,35.8,19.8,Morning,Mon,6,0.73,9.3,10.41
1340,Widget_C,65,Standard,M03,1.2,23.9,5,21.2,41.9,Morning,Sun,7,6.35,3.8,4.38
3131,Gadget_Y,346,Economy,M09,1.2,23.8,5,30.6,45.4,Morning,Sat,8,6.62,17.22,18.05
1266,Widget_C,410,standard,M06,2.9,48.7,3,36.7,27.2,Morning,Mon,1,2.42,53.76,66.67
3994,Widget_C,60,Economy,M01,5.2,48.3,5,32.4,41.0,Morning,Fri,5,1.19,5.48,5.37
2772,Gadget_Y,448,Premium,M09,9.2,50.1,3,27.4,29.3,Afternoon,Sun,5,2.7,25.88,30.52
1272,Widget_B,247,Premium,M06,3.0,34.3,4,33.9,63.9,Afternoon,Wed,7,7.77,14.59,13.03
1697,Widget_B,355,Premium,M04,4.9,42.9,2,22.7,49.2,Morning,Wed,8,2.62,8.91,11.11
4497,Gadget_Y,64,Standard,M06,9.4,22.8,2,35.9,64.4,Afternoon,Fri,3,7.49,6.23,5.41
1245,Widget_A,228,Premium,M01,0.6,55.7,1,27.8,25.5,Morning,Thu,8,5.12,4.78,4.58
4301,Gadget_X,99,Standard,M04,17.3,30.6,4,27.4,56.7,Night,Sat,8,5.35,7.57,8.5
1477,Widget_A,442,Premium,M01,22.4,59.9,5,26.3,32.2,Night,Tue,6,1.95,10.04,12.37
3033,Widget_C,255,Standard,M05,19.1,35.0,4,19.1,34.5,Morning,Wed,4,2.21,21.21,24.74
3988,Widget_B,339,Standard,M10,8.5,27.4,5,24.4,41.4,Night,Fri,1,8.8,38.94,37.96
3835,Widget_C,109,Standard,M03,1.7,13.2,5,25.1,,Night,Sun,8,7.23,8.27,7.22
1814,Widget_B,39,Standard,M02,19.9,14.5,1,24.4,57.4,Morning,Fri,6,0.02,0.8,0.81
2915,Gadget_X,161,Premium,M04,17.8,56.2,5,27.2,55.5,Morning,Tue,2,4.16,20.34,18.94
3968,Widget_A,351,Economy,M04,10.9,49.6,4,28.9,50.6,Night,Mon,1,3.38,17.16,18.91
4463,Widget_C,89,Standard,M05,2.9,12.9,3,28.1,79.3,Morning,Tue,6,,7.5,9.34
2805,Widget_A,189,Economy,M07,5.6,29.4,4,22.6,59.1,Morning,Wed,4,3.24,6.89,7.9
3551,Gadget_X,45,economy,M10,23.3,33.0,3,29.4,46.0,Morning,Wed,5,4.46,2.92,3.58
1251,Widget_C,324,Economy,M06,11.3,6.8,1,15.4,40.3,Morning,Mon,3,4.2,23.63,22.73
1546,Widget_B,276,Premium,M09,15.3,13.9,2,26.0,62.6,Morning,Wed,1,,15.09,16.31
1739,Gadget_Y,462,Economy,M07,21.8,28.0,4,23.1,53.0,Afternoon,Sun,6,,30.18,33.94
1311,Widget_C,280,Standard,M06,8.5,57.2,2,26.3,56.6,Night,Tue,7,,22.1,25.73
2132,Widget_B,133,Standard,M03,4.5,53.2,3,31.5,61.6,Morning,Tue,7,5.28,5.2,5.71
2450,Gadget_X,96,Standard,M03,2.9,29.0,1,27.2,69.1,Morning,Wed,6,3.77,5.5,5.17
4411,Gadget_X,453,Standard,M10,16.7,7.6,1,27.5,43.5,Afternoon,Thu,3,3.51,34.21,40.01
1016,Gadget_X,443,Standard,M02,23.8,25.5,5,20.3,33.3,Night,Tue,3,1.51,46.21,55.18
4086,Gadget_X,451,Premium,M05,9.6,10.1,2,28.5,47.9,Afternoon,Fri,2,2.1,63.5,54.34
3477,Widget_C,486,premium,M05,23.5,6.0,3,22.3,70.0,Afternoon,Thu,7,4.57,28.7,27.58
3831,Widget_B,192,Standard,M08,,57.4,3,28.1,63.0,Morning,Fri,3,0.17,6.69,8.19
1364,Gadget_X,282,Standard,M10,22.4,17.9,5,31.3,60.7,Afternoon,Sat,1,6.68,44.73,51.31
1183,Gadget_Y,421,Standard,M03,2.8,31.7,1,25.2,48.8,Morning,Thu,8,1.99,12.46,11.0
2195,Widget_C,240,Standard,M01,2.4,35.7,1,31.6,72.1,Night,Wed,6,4.86,15.51,14.35
4489,Widget_A,236,Standard,M02,16.2,51.1,1,26.9,37.8,Morning,Tue,1,3.66,5.57,6.18
2122,Widget_C,19,Standard,M10,13.1,46.2,3,37.2,24.1,Morning,Thu,3,1.99,1.82,2.16
2183,Widget_B,160,Premium,M09,10.6,57.3,3,25.7,57.2,Afternoon,Sun,5,2.05,7.31,6.35
3586,Gadget_X,91,Standard,M10,24.5,29.0,4,28.2,64.4,Morning,Sun,2,6.73,9.43,10.46
1615,Widget_C,319,Standard,M03,5.7,39.0,2,23.8,44.2,Morning,Sat,2,4.45,24.76,28.73
2467,Gadget_Y,170,Standard,M05,9.7,27.8,3,26.6,,Morning,Tue,3,3.18,13.31,12.5
1402,Gadget_Y,219,Premium,M08,5.6,59.5,5,29.8,40.2,Night,Fri,2,4.02,21.98,21.19
1935,Widget_A,73,Economy,M06,12.6,9.7,4,35.3,,Afternoon,Wed,5,4.15,2.45,2.51
4144,Widget_B,339,Premium,M08,,12.5,3,22.9,62.9,Night,Tue,3,4.64,13.0,12.48
3326,Widget_B,223,Premium,M07,24.4,12.7,3,31.8,61.3,Morning,Fri,3,,11.92,10.14
1727,Widget_B,155,Economy,M07,2.4,10.2,4,31.1,13.7,Morning,Tue,1,5.15,19.03,21.7
1827,Gadget_Y,384,Standard,M01,19.6,17.2,5,32.9,73.0,Afternoon,Sat,1,0.55,37.9,45.49
2522,Widget_C,212,STANDARD,M06,16.2,33.5,3,21.9,,Afternoon,Sun,5,3.63,15.38,18.88
1137,Widget_C,341,Economy,M02,0.9,17.8,3,21.7,,Afternoon,Mon,1,4.82,44.52,49.81
1629,Widget_B,226,Standard,M10,2.2,29.7,4,31.0,64.8,Morning,Sun,7,4.21,7.98,8.07
1335,Widget_B,230,Premium,M05,21.9,9.2,2,27.7,44.3,Morning,Thu,2,7.35,14.05,14.05
1391,Widget_A,197,Premium,M04,9.7,19.8,4,22.5,,Afternoon,Mon,2,2.93,7.5,7.16
3707,Widget_C,88,PREMIUM,M08,17.9,52.2,1,18.4,72.0,Afternoon,Mon,6,1.19,3.67,3.22
2818,Gadget_Y,342,Premium,M07,2.1,20.0,3,24.5,42.4,Morning,Wed,5,1.95,22.18,19.58
4162,Widget_B,249,Economy,M10,22.8,39.6,4,23.7,,Night,Fri,1,4.63,19.13,16.53
1711,Gadget_Y,496,Standard,M06,0.6,20.3,2,37.4,27.3,Morning,Tue,1,2.69,51.61,63.63
2040,Widget_A,336,Standard,M07,4.2,52.3,3,28.5,51.9,Night,Thu,3,,14.16,12.39
3311,Gadget_Y,25,Standard,M07,8.9,29.8,4,31.0,48.2,Night,Thu,1,2.37,4.51,5.05
4039,Widget_B,296,Standard,M07,1.8,50.0,5,36.0,7.9,Night,Sun,5,4.28,26.2,22.54
2562,Widget_A,164,Standard,M01,18.7,20.9,3,32.3,61.1,Afternoon,Sun,1,1.06,7.16,6.77
4233,Widget_C,265,Standard,M06,1.0,8.2,1,28.8,59.8,Night,Sun,6,4.46,21.17,21.54
3947,Gadget_X,17,Standard,M05,24.8,13.2,3,30.9,71.7,Afternoon,Sun,7,5.37,1.23,1.42
2113,Gadget_Y,483,Premium,M07,3.2,37.9,3,26.7,68.8,Afternoon,Wed,6,2.39,35.56,43.8
2224,Widget_A,344,Premium,M04,23.3,50.4,4,37.3,36.0,Morning,Fri,3,,9.19,11.42
3354,Widget_C,448,Premium,M10,1.3,9.7,1,26.3,88.6,Morning,Sat,4,1.56,24.22,26.1
2509,Widget_A,430,Economy,M02,13.0,52.4,3,34.0,,Afternoon,Sat,6,4.99,8.24,8.17
2751,Wiget_A,103,Standard,M01,17.7,53.0,5,15.5,47.4,Afternoon,Tue,8,5.28,7.32,6.68
4148,Widget_A,190,Economy,M02,9.9,9.9,3,21.6,47.7,Afternoon,Fri,1,4.35,6.4,6.06
1339,Widget_B,416,standard,M07,10.3,53.5,2,28.3,66.6,Morning,Fri,5,3.39,21.38,22.44
1216,Widget_A,434,Standard,M03,23.9,12.6,3,25.9,62.1,Afternoon,Wed,5,2.22,8.26,9.62
2342,Widget_C,216,Standard,M02,7.7,31.7,1,24.0,44.7,Night,Tue,3,6.8,12.13,12.56
3941,Gadget_Y,456,Standard,M06,4.5,57.0,1,31.6,71.4,Morning,Thu,6,2.23,23.95,22.65
4291,Widget_B,282,Premium,M04,6.1,10.2,1,25.4,41.9,Night,Tue,1,2.43,19.01,20.41
3283,Widget_A,454,Standard,M10,5.7,40.5,1,29.9,68.0,Afternoon,Sat,2,1.1,12.97,11.2
4217,Widget_A,115,STANDARD,M06,22.4,30.3,3,30.6,57.6,Afternoon,Sat,2,6.22,4.2,4.09
3384,Widget_A,259,Economy,M01,14.6,43.5,5,30.0,26.5,Morning,Sat,7,3.67,6.32,5.76
1102,Widget_A,448,Standard,M06,23.3,59.4,2,33.5,58.2,Afternoon,Fri,1,1.12,19.02,16.22
3530,Gadget_X,138,Standard,M08,0.8,53.3,4,29.3,50.7,Afternoon,Tue,7,1.9,12.53,11.25
1172,Widget_A,342,Standard,M08,17.7,23.4,3,29.5,69.5,Night,Fri,3,0.26,8.4,10.19
1108,Widget_A,287,Economy,M07,1.4,28.3,2,35.2,73.0,Morning,Mon,4,4.65,9.68,11.67
3475,Widget_C,317,Premium,M03,10.8,45.4,1,31.2,,Morning,Fri,1,1.14,25.42,26.33
3003,Gadget_Y,269,Standard,M08,,50.7,3,34.9,84.0,Afternoon,Sat,1,0.09,17.56,20.67
3588,Widget_C,400,Standard,M03,,23.7,1,23.9,15.4,Night,Thu,2,2.78,26.09,32.06
3357,Widget_A,79,Standard,M04,2.3,5.5,2,38.6,37.9,Afternoon,Mon,4,5.83,1.72,1.92
3241,Widget_A,363,Standard,M06,7.0,10.0,5,28.3,65.1,Afternoon,Sun,8,4.27,10.64,10.39
3816,Gadget_Y,466,Economy,M07,,40.8,4,25.3,41.8,Morning,Sat,7,6.34,30.99,28.71
4460,Widget_A,30,Standard,M02,23.9,16.9,5,34.1,,Morning,Sun,7,3.84,0.51,0.63
3645,Gadget_X,185,Economy,M01,1.2,24.3,5,22.2,60.7,Morning,Sun,3,9.19,31.93,32.87
3740,Widget_C,64,Standard,M01,19.7,30.1,2,35.0,39.3,Night,Tue,5,4.24,4.53,5.19
4014,Widget_B,229,Premium,M09,23.8,29.5,5,22.2,73.9,Morning,Mon,1,4.92,16.5,18.03
2041,Gadget_Y,419,Economy,M04,22.1,59.3,4,28.0,39.3,Night,Wed,1,1.57,41.12,36.44
3121,Widget_A,418,Standard,M05,,39.7,4,28.6,47.1,Morning,Fri,4,1.74,15.09,12.95
2525,Widget_B,277,Premium,M02,19.1,50.9,2,31.5,52.6,Night,Tue,4,4.8,10.94,12.38
3997,Gadget_Y,417,Economy,M03,8.2,29.0,1,29.0,33.0,Morning,Sun,2,0.4,22.59,20.32
1482,Widget_C,490,Standard,M06,21.0,28.6,1,25.1,66.0,Morning,Tue,2,8.37,38.74,38.86
3764,Widget_C,451,Economy,M02,7.9,38.8,5,25.8,,Afternoon,Wed,6,4.93,29.1,26.61
4330,Gadget_X,225,Standard,M06,21.6,58.3,1,19.0,62.7,Night,Sun,7,6.71,13.91,13.04
2763,Gadget_Y,310,Standard,M09,10.6,14.4,5,27.7,39.1,Afternoon,Wed,6,3.94,19.59,21.11
3866,Widget_C,313,Standard,M06,1.8,35.5,2,30.2,54.5,Night,Mon,4,5.01,35.08,39.79
3974,Gadget_Y,29,Standard,M01,0.7,51.9,1,29.5,72.7,Afternoon,Tue,1,4.11,3.47,3.23
3444,Widget_B,422,Standard,M10,15.9,17.9,5,24.4,67.9,Night,Thu,5,,18.97,20.08
3409,Widget_A,440,Premium,M05,23.4,39.1,4,32.3,69.8,Afternoon,Sun,6,10.23,12.19,11.38
1406,Widget_B,456,Standard,M01,19.9,31.9,5,24.1,40.0,Afternoon,Thu,3,0.22,25.52,22.11
1758,Gadget_Y,211,Standard,M02,9.9,45.5,5,24.4,46.7,Afternoon,Tue,8,5.89,10.05,11.48
3985,Widget_A,53,STANDARD,M06,17.1,40.2,1,29.5,65.5,Morning,Tue,5,0.67,1.25,1.1
1098,Gadget_X,232,PREMIUM,M09,20.2,58.7,3,33.3,36.6,Morning,Wed,7,1.62,12.94,12.63
2334,Gadget_X,146,STANDARD,M08,3.3,27.0,3,27.1,42.5,Night,Fri,8,1.41,9.15,9.56
3795,Widget_C,117,Standard,M05,11.6,25.9,4,25.9,72.9,Afternoon,Sat,6,1.08,10.49,10.01
4249,Widget_B,360,Standard,M02,2.6,16.3,1,34.8,76.2,Afternoon,Mon,2,5.05,18.48,22.62
3319,Widget_C,194,PREMIUM,M01,23.0,56.5,3,25.5,59.6,Afternoon,Wed,4,3.73,13.72,12.37
3059,Widget_A,131,Premium,M03,12.7,27.3,5,16.7,47.0,Night,Fri,3,4.28,4.36,4.04
3479,Widget_C,430,Standard,M07,18.9,50.7,3,24.9,49.7,Night,Mon,4,7.49,44.68,53.58
1149,Widget_A,304,Economy,M06,18.4,45.6,4,24.3,61.4,Afternoon,Mon,1,5.5,17.97,20.56
1029,Gadget_X,280,Premium,M09,8.0,46.3,2,11.8,,Night,Wed,3,4.19,29.06,32.31
3597,Widget_A,19,Premium,M04,,27.1,5,29.2,41.7,Morning,Mon,5,4.65,0.7,0.81
3322,Widget_A,372,Economy,M06,9.4,21.4,4,23.5,,Morning,Fri,6,3.73,12.06,12.75
1693,Widget_B,409,premium,M01,1.7,14.3,2,28.5,58.5,Afternoon,Mon,1,8.59,34.03,42.12
2387,Widget_B,55,Standard,M10,16.0,27.4,5,23.6,43.3,Morning,Tue,5,6.24,2.99,2.88
2846,Widget_B,372,Premium,M08,21.7,16.7,4,26.7,64.1,Morning,Sun,5,5.06,11.99,10.92
3414,Widget_C,188,Premium,M09,7.0,42.2,1,24.0,22.1,Afternoon,Sun,2,2.5,15.04,17.16
2600,Widget_C,378,Standard,M02,7.2,47.8,1,27.9,71.4,Morning,Tue,1,2.13,26.22,30.87
1702,Widget_C,296,Standard,M06,5.4,46.4,4,35.0,97.3,Afternoon,Wed,3,9.9,39.7,49.42
2709,Gadget_Y,386,Premium,M04,14.1,47.3,1,29.0,43.4,Afternoon,Fri,1,7.57,28.39,27.61
1455,Gadget_Y,171,Standard,M02,19.4,25.9,5,30.8,37.0,Afternoon,Thu,8,5.06,8.4,8.54
3041,Widget_C,350,Standard,M08,1.9,43.4,1,28.4,56.5,Morning,Fri,4,0.34,16.54,18.15
3466,Gadget_Y,384,Standard,M03,4.3,13.1,4,33.8,33.2,Morning,Fri,7,0.29,20.11,18.28
1610,Gadget_X,23,economy,M04,2.5,51.0,3,18.9,78.8,Morning,Tue,8,3.09,1.8,1.6
1168,Widget_B,141,Premium,M09,14.7,13.8,3,27.1,60.9,Morning,Thu,6,5.66,5.18,5.92
1731,Widget_C,230,Standard,M01,10.8,7.4,1,26.0,51.0,Afternoon,Fri,3,8.15,17.34,21.2
3539,Widget_B,106,PREMIUM,M08,3.9,37.4,4,28.8,70.1,Night,Tue,2,2.76,6.6,8.15
4147,Gadget_Y,178,Premium,M10,3.8,16.4,4,30.1,55.2,Afternoon,Fri,2,4.19,16.61,20.3
3339,Widget_C,106,Premium,M07,10.2,16.1,3,32.3,78.8,Night,Sun,7,2.0,7.66,9.23
2623,Gadget_X,128,Economy,M05,1.3,31.3,2,27.8,68.0,Afternoon,Thu,5,1.63,13.86,14.94
1588,Widget_A,414,Premium,M02,9.8,52.1,3,35.0,71.3,Afternoon,Sat,6,3.03,6.72,5.91
2402,Widget_A,489,Standard,M02,11.7,26.6,1,26.2,40.5,Morning,Fri,8,4.46,5.24,6.48
2701,Widget_A,354,Premium,M02,23.1,16.1,2,31.1,54.9,Night,Mon,7,2.69,4.11,4.17
3973,Gadget_X,176,Standard,M07,13.3,6.7,5,19.9,70.1,Night,Tue,1,5.0,37.95,39.43
3771,Widget_A,157,premium,M08,2.4,57.6,1,19.6,41.0,Morning,Tue,6,0.86,2.92,3.65
2380,Widget_C,367,Standard,M10,24.0,37.0,5,26.8,59.4,Afternoon,Sat,4,1.88,25.77,24.35
3090,Widget_B,44,Premium,M09,5.9,57.2,4,30.6,79.9,Afternoon,Sun,7,1.1,2.09,1.88
3176,Gadget_Y,113,Standard,M04,10.9,40.8,4,25.3,78.7,Morning,Sat,5,7.99,5.79,4.96
3542,Widget_A,419,Economy,M08,1.5,31.7,3,31.4,70.5,Night,Thu,7,7.34,8.78,9.21
3399,Gadget_Y,314,Premium,M10,15.1,32.1,3,33.0,50.2,Morning,Thu,8,4.59,11.11,10.09
3852,Widget_B,231,Economy,M03,6.4,9.9,2,23.1,39.5,Morning,Fri,2,1.12,10.78,10.53
1442,Widget_C,204,Premium,M09,16.9,32.5,3,23.9,37.0,Afternoon,Sun,2,4.67,17.17,20.88
3052,Widget_C,285,Premium,M06,12.4,23.2,2,33.9,76.7,Afternoon,Sun,4,6.5,25.17,22.7
2302,Gadget_Y,176,Premium,M08,13.5,17.1,1,34.9,45.4,Afternoon,Sun,8,7.41,5.33,5.22
3972,Widget_A,487,Standard,M05,14.7,15.6,3,22.9,54.8,Afternoon,Wed,7,7.02,12.03,12.12
2305,Widget_C,284,Economy,M06,20.0,32.5,3,27.5,25.7,Afternoon,Fri,4,6.77,25.71,29.23
1237,Widget_B,490,Economy,M10,1.3,51.0,4,10.9,,Morning,Wed,3,2.27,27.9,34.05
1521,Gadget_Y,209,PREMIUM,M01,19.7,49.4,2,32.1,35.6,Afternoon,Wed,4,0.55,10.92,13.05
1736,Gadget_Y,391,economy,M06,,14.0,2,15.2,54.7,Morning,Sun,1,7.62,32.48,28.58
4110,Widget_A,388,Standard,M07,22.6,23.4,1,36.1,53.5,Afternoon,Mon,6,8.36,7.23,7.77
3107,Widget_B,219,Standard,M05,23.5,27.0,5,29.5,74.4,Morning,Fri,7,4.12,9.43,10.46
1593,Widget_A,108,Standard,M03,9.2,27.3,2,20.4,42.1,Afternoon,Tue,1,3.82,3.71,3.91
2304,Gadget_Y,252,Standard,M06,17.8,8.9,4,31.3,63.4,Afternoon,Wed,5,0.4,16.43,17.11
2388,Widget_A,318,Standard,M10,6.4,57.9,2,30.7,41.1,Afternoon,Mon,1,4.81,13.51,12.81
3291,Gadget_Y,137,STANDARD,M06,2.0,43.9,3,24.2,50.8,Afternoon,Sat,2,2.51,17.63,17.77
3616,Gadget_Y,217,Premium,M02,13.6,21.7,4,29.9,34.6,Afternoon,Fri,1,2.41,19.16,21.31
4272,Widget_A,269,Standard,M05,14.0,9.5,3,18.1,60.8,Night,Wed,2,2.73,11.37,13.85
1905,Widget_C,99,Premium,M05,15.6,35.9,3,25.2,50.9,Night,Sun,8,6.58,7.07,8.54
4232,Widget_B,110,Economy,M04,19.2,13.4,2,32.0,50.0,Morning,Sat,5,6.74,3.87,3.48
2280,Widget_A,138,Premium,M10,9.7,57.6,2,25.5,30.4,Afternoon,Tue,1,1.63,5.78,4.95
3922,Gadget_X,1500,STANDARD,M07,10.3,42.6,2,24.8,77.1,Morning,Sat,6,6.15,33.21,33.45
4376,Gadget_Y,342,Premium,M08,,31.9,1,25.2,54.5,Morning,Thu,4,,14.89,16.24
3793,Gadget_Y,11,Standard,M02,12.6,12.4,2,30.1,44.2,Night,Wed,1,0.01,0.88,1.0
3881,Widget_B,396,Standard,M02,22.8,21.3,5,34.0,40.5,Morning,Sun,1,2.03,21.4,24.23
3786,Widget_C,72,Standard,M01,,47.6,2,23.0,54.3,Morning,Tue,6,4.09,3.82,4.05
1707,Gadget_Y,280,Standard,M10,,23.7,3,28.0,75.0,Afternoon,Wed,1,1.51,23.13,19.9
4095,Widget_B,318,Standard,M03,24.1,59.1,1,23.5,41.3,Morning,Fri,2,4.94,10.02,9.81
1746,Gadget_X,102,Premium,M09,6.9,20.8,5,31.0,66.6,Afternoon,Sun,4,1.91,12.83,13.94
2940,Widget_B,34,Economy,M07,2.9,50.2,4,31.1,46.3,Night,Tue,7,1.81,2.41,2.98
3314,Widget_B,174,Premium,M01,17.7,5.4,3,24.9,70.4,Morning,Wed,3,3.08,7.7,9.49
1514,Gadget_Y,201,Standard,M08,10.9,7.1,2,29.9,71.3,Night,Thu,8,2.83,6.85,6.73
1082,Gadget_X,201,Standard,M08,19.3,19.5,2,18.0,65.6,Morning,Tue,2,2.63,16.39,16.63
2309,Widget_A,180,Premium,M10,,8.8,2,23.1,25.3,Night,Sat,5,2.09,3.59,3.13
4038,Widget_B,486,Standard,M07,,28.6,5,38.8,66.1,Morning,Mon,1,3.68,55.86,63.2
1915,Widget_B,160,Standard,M04,13.4,23.8,5,31.9,67.0,Night,Tue,3,9.92,11.59,12.74
4238,Widget_B,152,Standard,M04,5.4,21.8,5,27.4,73.5,Afternoon,Tue,5,5.44,10.04,12.48
4222,Widget_C,84,Standard,M08,21.6,23.5,2,34.8,67.9,Afternoon,Thu,2,2.02,5.79,6.23
1775,Widget_A,306,Standard,M05,7.1,6.6,1,25.4,83.4,Morning,Sun,3,3.91,8.8,9.82
1330,Widget_A,180,Standard,M02,10.8,25.1,2,34.4,61.4,Morning,Sat,4,2.43,3.63,3.51
3055,Widget_A,218,Standard,M06,9.4,7.9,4,24.9,51.8,Night,Sun,4,1.92,8.67,9.12
3002,Widget_A,22,Premium,M08,5.9,7.8,2,25.2,67.3,Afternoon,Sun,6,2.54,0.42,0.37
1944,Gadget_Y,173,Premium,M10,2.6,11.9,5,22.7,61.7,Afternoon,Mon,5,4.19,12.07,11.83
1823,Widget_A,215,Standard,M03,24.3,55.5,1,24.7,,Afternoon,Mon,7,0.58,2.28,2.42
1910,Widget_A,358,Standard,M02,8.0,43.2,4,24.6,,Morning,Sat,5,4.27,8.01,9.75
1182,Gadget_Y,460,Premium,M01,14.5,27.4,1,26.6,66.6,Morning,Sat,1,2.44,29.88,28.91
1165,Widget_C,279,Premium,M06,7.3,39.8,5,32.0,,Morning,Thu,2,5.06,39.52,37.96
2524,Widget_B,117,Standard,M04,7.8,47.1,3,27.7,59.5,Night,Wed,8,8.21,4.19,4.01
1452,Widget_C,53,Standard,M03,6.7,5.7,4,25.0,48.2,Afternoon,Thu,6,2.28,3.13,3.24
2312,Widget_A,197,Economy,M07,5.1,24.0,4,27.5,60.6,Morning,Thu,8,0.31,5.5,6.12
2112,Gadget_Y,169,Standard,M02,1.0,22.5,5,31.8,58.7,Morning,Sun,8,7.39,7.55,7.37
4236,Widget_A,180,Economy,M08,3.3,12.4,2,23.2,78.7,Morning,Mon,5,,3.38,3.86
2288,Widget_A,121,Premium,M10,15.5,54.1,4,31.4,33.7,Night,Mon,1,4.21,5.88,5.78
1328,Gadget_X,148,Premium,M07,,46.3,3,33.1,62.8,Afternoon,Sun,2,2.61,23.03,26.92
2791,Gadget_Y,160,Premium,M03,5.5,18.0,4,39.0,52.9,Morning,Sun,7,7.65,8.92,8.68
4112,Widget_A,259,Standard,M01,21.1,16.1,1,32.6,62.6,Afternoon,Mon,8,2.57,3.56,3.62
3008,Gadget_Y,104,Premium,M10,5.0,13.0,5,24.8,45.5,Morning,Sun,1,4.77,10.65,12.45
2859,Widget_A,356,Premium,M07,10.4,40.8,2,23.1,51.8,Night,Thu,5,2.52,10.56,10.86
1313,Gadget_X,490,Premium,M08,4.3,16.1,5,26.8,60.9,Night,Tue,4,3.3,55.09,52.42
1833,Widget_A,125,Standard,M04,11.6,18.1,3,31.7,76.3,Morning,Mon,5,5.49,2.9,3.58
2202,Widget_C,96,PREMIUM,M09,11.7,25.3,5,20.1,47.2,Night,Tue,4,1.1,9.95,9.03
3712,Gadget_X,256,premium,M06,21.2,53.3,2,23.4,44.9,Morning,Mon,2,10.95,26.78,27.03
3313,Widget_C,114,Standard,M06,21.3,9.0,1,29.1,56.6,Afternoon,Tue,3,3.18,7.27,6.67
3135,Widget_C,35,Economy,M07,22.4,51.4,4,25.4,48.0,Night,Sun,5,3.46,3.58,3.36
3210,Widget_A,125,Standard,M04,3.6,29.1,5,35.0,53.3,Night,Mon,8,6.61,3.86,3.49
3721,Gadget_X,101,Economy,M03,11.4,32.3,5,27.5,61.6,Morning,Wed,2,4.06,14.15,17.19
2482,Widget_B,187,Premium,M01,17.3,42.1,5,27.2,60.0,Night,Thu,2,0.91,14.92,18.35
1778,Widget_B,425,Economy,M07,4.9,23.1,1,23.3,59.8,Afternoon,Sat,3,8.36,25.92,30.45
1800,Widget_A,122,Premium,M04,9.7,25.9,1,23.2,68.4,Afternoon,Wed,1,3.89,4.63,4.93
1055,Widget_B,134,Standard,M01,7.5,35.8,1,30.2,62.7,Afternoon,Sun,2,2.64,6.94,7.07
2921,Widget_C,390,Standard,M03,15.7,59.5,2,29.4,73.3,Morning,Wed,6,4.58,15.8,18.48
4026,Widget_B,41,Premium,M03,7.2,7.2,3,27.1,13.8,Night,Sat,3,5.64,2.61,2.49
3535,Widget_A,220,Standard,M04,23.0,49.6,4,29.5,66.6,Morning,Tue,2,0.47,5.8,5.22
2702,Widget_A,474,economy,M03,8.0,22.0,2,28.9,58.7,Morning,Tue,6,2.39,7.56,6.98
3162,Widget_A,336,Premium,M03,24.5,12.1,5,32.1,49.0,Afternoon,Sun,1,2.57,12.44,14.42
4293,Widget_C,260,Standard,M09,13.6,23.5,5,25.8,53.3,Afternoon,Sun,6,10.16,20.3,24.76
1988,Widget_A,84,Standard,M08,2.9,43.8,1,23.0,49.7,Morning,Fri,3,3.25,2.38,2.92
4345,Widget_A,429,PREMIUM,M07,13.6,59.7,4,27.6,47.0,Afternoon,Tue,7,3.85,11.65,13.2
2395,Gadget_X,127,Standard,M01,12.2,39.9,3,24.8,67.2,Afternoon,Tue,6,3.39,10.96,11.12
1769,Gadget_X,410,Standard,M09,5.1,8.1,5,28.2,39.9,Afternoon,Thu,6,0.77,40.62,38.15
4207,Widget_A,191,Standard,M10,10.2,56.2,2,23.3,40.2,Afternoon,Wed,1,5.22,7.44,7.68
1286,Widget_C,152,Standard,M01,4.8,29.5,4,30.2,39.9,Morning,Mon,6,0.82,10.67,10.56
4092,Gadget_X,149,Standard,M08,13.6,24.2,2,22.2,66.8,Night,Fri,1,7.11,18.88,21.34
1429,Gadget_X,417,Premium,M08,,11.7,5,15.9,69.2,Night,Sun,8,5.93,35.24,36.46
3080,Widget_B,376,Standard,M10,5.7,53.0,3,26.8,35.9,Morning,Sat,8,0.86,10.14,10.55
1723,Gadget_X,492,Economy,M04,19.7,56.5,5,24.8,79.6,Night,Fri,5,2.26,40.46,42.6
1952,Widget_C,365,Premium,M01,16.8,38.7,2,23.6,51.6,Night,Wed,2,6.75,37.35,44.67
3263,Widget_C,486,Standard,M06,4.4,37.7,2,29.7,42.2,Night,Tue,7,0.26,33.88,37.47
1990,Widget_B,287,Premium,M08,12.2,34.5,4,26.0,63.9,Morning,Tue,4,8.03,11.4,13.58
4276,Widget_A,438,Standard,M04,23.1,49.2,2,31.6,58.7,Morning,Sat,7,8.76,6.39,5.5
3385,Gadget_Y,363,Standard,M05,4.8,7.6,3,33.9,50.2,Afternoon,Sat,3,6.27,36.77,32.9
1327,Gadget_Y,380,Economy,M10,22.5,48.4,4,25.5,43.0,Afternoon,Wed,6,8.49,19.77,17.71
2384,Widget_C,60,Standard,M10,20.4,7.1,2,28.4,47.9,Night,Fri,3,0.5,3.74,4.13
2725,Widget_A,328,Economy,M04,10.4,53.4,1,24.4,63.6,Afternoon,Sat,8,4.08,4.6,5.51
2087,Widget_A,105,Premium,M02,1.3,28.8,5,25.9,24.1,Night,Thu,3,7.73,4.85,5.97
1342,Gadget_Y,351,Standard,M08,20.3,42.0,1,25.4,59.3,Night,Wed,7,9.39,11.5,12.76
1148,Gadget_X,448,Standard,M07,2.8,9.8,4,28.9,60.0,Morning,Wed,6,0.64,53.01,61.75
3949,Widget_B,148,Standard,M01,1.6,55.1,1,21.9,,Afternoon,Fri,6,1.29,5.54,5.11
2108,Gadget_Y,292,Premium,M03,13.9,59.0,5,32.6,23.7,Morning,Mon,1,6.17,28.73,25.99
1849,Widget_C,267,Premium,M03,14.5,21.8,1,26.1,52.5,Morning,Sun,7,6.96,9.24,11.16
1967,Widget_C,376,Premium,M03,3.6,14.3,4,32.5,49.8,Night,Sun,7,0.86,24.01,23.69
4470,Widget_B,191,Standard,M10,,5.5,1,28.3,65.5,Afternoon,Wed,2,3.26,8.89,7.84
3204,Gadget_Y,233,Premium,M06,24.5,39.0,4,26.5,51.0,Morning,Thu,7,1.2,11.67,11.87
1662,Gadget_Y,172,Standard,M01,23.9,18.5,1,33.2,33.4,Afternoon,Thu,3,3.3,9.2,10.42
2003,Gadget_Y,156,Standard,M05,14.4,58.0,4,31.2,83.9,Night,Wed,6,3.79,11.94,12.72
3741,Widget_B,163,Premium,M03,11.6,6.2,4,31.4,71.6,Morning,Sat,3,2.66,7.59,9.21
3943,Gadget_X,392,Premium,M09,4.9,25.6,5,23.6,46.8,Morning,Sun,3,5.99,45.82,52.03
3744,Widget_B,317,Standard,M02,16.7,46.9,4,31.6,62.2,Morning,Mon,4,2.58,12.33,11.22
4111,Widget_B,195,Premium,M03,23.8,8.5,1,23.0,68.8,Afternoon,Thu,5,5.77,5.11,4.55
2880,Gadget_Y,296,Standard,M10,23.5,24.9,5,24.0,45.4,Afternoon,Sun,1,0.94,26.65,26.79
4305,Widget_A,416,Economy,M03,23.8,15.1,4,28.3,51.5,Afternoon,Thu,6,1.95,7.48,7.35
2204,Gadget_X,326,Standard,M03,6.4,5.6,5,34.0,46.2,Morning,Mon,8,1.24,21.52,21.87
2991,Widget_B,386,Standard,M06,1.7,23.2,1,30.8,49.4,Night,Thu,2,2.61,25.52,23.03
1025,Gadget_Y,225,Standard,M01,22.3,45.4,5,30.3,56.4,Night,Wed,4,8.06,19.6,16.74
4300,Widget_C,432,PREMIUM,M01,20.9,9.7,1,27.9,56.4,Morning,Sat,5,5.69,20.59,18.96
3382,Widget_A,191,Standard,M04,11.3,12.6,4,34.1,40.3,Morning,Mon,6,5.7,4.07,4.87
3443,Widget_C,135,Standard,M05,11.3,36.3,5,19.2,73.3,Morning,Mon,6,3.01,12.02,11.2
3697,Widget_A,141,Premium,M05,22.3,55.6,3,32.2,64.2,Night,Thu,8,0.89,3.28,3.85
1876,Widget_A,255,Standard,M10,7.8,21.0,5,29.9,,Afternoon,Fri,6,0.4,5.71,5.5
4157,Gadget_Y,421,Standard,M01,5.1,33.1,4,32.5,53.0,Afternoon,Wed,8,1.48,23.32,24.88
1939,Gadget_Y,294,Standard,M05,9.5,35.4,3,28.6,,Morning,Fri,6,3.68,16.5,19.99
3930,Widget_A,28,Standard,M09,17.2,48.7,5,23.7,53.9,Afternoon,Fri,8,1.48,0.82,0.75
4484,Gadget_Y,202,Premium,M08,10.5,43.1,1,26.1,79.7,Night,Fri,6,0.54,7.37,8.88
1386,Gadget_Y,297,Standard,M10,20.3,8.4,3,24.7,46.3,Morning,Fri,7,1.31,9.14,10.82
4367,Gadget_X,216,Standard,M02,11.3,52.3,2,32.9,35.3,Night,Mon,6,0.88,11.22,9.77
3931,Widget_B,139,Premium,M04,6.9,24.6,4,25.0,60.8,Afternoon,Tue,7,0.55,6.01,7.26
3640,Widget_C,490,Premium,M10,13.7,19.1,4,16.4,42.0,Afternoon,Fri,2,0.72,46.16,54.64
3292,Widget_C,122,Premium,M09,18.7,8.9,1,30.3,72.1,Morning,Mon,1,8.34,10.59,10.64
4085,Widget_A,284,Premium,M08,9.0,26.1,3,30.9,40.4,Afternoon,Mon,7,3.12,4.75,4.1
1937,Widget_A,36,Standard,M07,12.8,53.5,2,26.2,43.4,Afternoon,Fri,7,8.97,1.41,1.29
4020,Widget_C,307,Standard,M05,1.1,7.8,3,21.5,72.7,Morning,Mon,4,0.77,30.05,33.05
3361,Gadget_X,96,Standard,M01,5.7,39.9,3,28.1,47.0,Afternoon,Sat,2,2.79,14.22,15.1
4430,Gadget_Y,71,Premium,M02,17.5,24.8,2,34.0,47.8,Afternoon,Thu,2,3.4,4.01,3.46
2333,Gadget_Y,421,Economy,M04,23.7,46.2,4,27.7,57.5,Morning,Sun,4,1.53,18.43,17.28
2935,Gadget_X,235,Standard,M05,15.5,7.5,4,36.9,65.0,Morning,Mon,1,8.75,46.87,51.93
1936,Widget_A,174,Standard,M02,8.1,39.1,1,32.9,65.6,Night,Thu,7,6.01,2.48,2.8
1567,Widget_A,478,Economy,M08,,30.2,4,26.5,29.7,Morning,Thu,3,0.48,10.73,12.25
2855,Gadget_Y,414,Premium,M01,16.7,10.7,3,32.4,76.6,Night,Thu,5,2.72,24.77,22.7
3836,Gadgt_X,87,Premium,M04,13.8,43.5,3,28.6,46.6,Night,Tue,2,0.37,5.23,5.8
2646,Gadget_Y,396,Economy,M07,11.5,14.8,4,30.8,57.2,Afternoon,Thu,6,4.14,31.56,27.54
3494,Gadget_Y,74,premium,M06,13.3,30.4,1,29.4,54.7,Afternoon,Thu,5,0.59,3.5,4.23
2793,Widget_B,284,Standard,M10,14.2,23.8,4,23.3,,Afternoon,Sun,4,4.75,15.62,13.28
2431,Gadget_Y,460,Standard,M07,9.8,7.3,2,36.8,43.5,Night,Thu,7,3.47,30.67,35.02
3719,Widget_A,163,Standard,M07,6.9,34.7,4,29.5,37.0,Morning,Thu,4,3.38,6.2,6.66
2014,Gadget_Y,104,Standard,M10,2.2,13.6,5,19.5,55.5,Morning,Tue,2,5.98,10.2,11.54
2929,Widget_C,438,Standard,M03,23.9,36.8,4,21.8,60.4,Night,Mon,2,2.8,41.03,36.64
3642,Widget_B,83,Economy,M09,6.6,23.7,2,34.7,48.6,Morning,Sat,6,6.82,3.48,3.25
1127,Widget_C,49,STANDARD,M08,16.2,56.5,2,30.2,52.6,Night,Fri,5,0.57,2.91,2.53
3461,Widget_A,119,Standard,M06,24.3,49.9,1,24.1,69.7,Morning,Mon,8,2.47,1.9,1.94
2348,Widget_B,51,Premium,M08,2.4,25.9,1,22.5,74.1,Night,Sun,2,2.39,2.43,2.32
1356,Widget_B,158,Economy,M01,17.8,46.3,1,30.2,44.0,Morning,Wed,2,1.95,7.29,7.17
1828,Widget_B,136,Economy,M04,11.1,29.4,3,33.8,,Morning,Mon,1,9.3,10.16,12.43
2640,Gadget_X,387,Premium,M03,15.2,10.7,2,24.8,67.5,Night,Thu,2,2.57,41.17,42.72
1985,Widget_B,413,Premium,M02,14.3,5.8,3,30.1,62.5,Night,Thu,5,1.19,13.75,12.51
3189,Widget_C,307,Standard,M05,13.7,57.0,3,21.9,74.5,Morning,Tue,8,3.32,19.08,18.99
4036,Gadget_X,391,Premium,M10,,42.9,2,32.2,45.4,Afternoon,Fri,2,6.41,46.12,39.85
1363,Widget_A,165,economy,M01,13.8,53.9,1,31.1,62.6,Morning,Thu,4,,3.77,3.97
3350,Widget_A,170,Premium,M06,21.1,28.6,4,19.7,73.9,Morning,Mon,6,2.87,4.04,3.44
1346,Widget_C,201,Standard,M02,14.5,10.2,2,29.9,82.7,Afternoon,Tue,7,6.88,7.43,7.47
3421,Widget_C,337,Standard,M05,16.6,50.6,5,25.4,,Morning,Thu,2,2.61,38.15,46.08
3975,Widget_C,225,Standard,M01,12.4,12.6,2,22.7,68.3,Afternoon,Sun,6,1.7,11.33,10.01
1712,Widget_A,54,Standard,M06,1.8,34.2,3,24.5,50.3,Afternoon,Tue,8,2.91,1.77,1.95
3424,Widget_B,250,Premium,M10,4.1,43.8,3,25.8,61.3,Morning,Thu,2,8.23,16.66,20.32
1011,Widget_C,359,Standard,M02,,8.3,2,21.7,62.9,Morning,Fri,2,4.54,22.53,22.14
4456,Gadget_X,394,Premium,M07,16.6,45.5,5,25.5,56.1,Afternoon,Sat,4,3.07,60.49,69.79
3117,Widget_C,164,Premium,M02,8.3,32.9,2,32.3,46.7,Morning,Tue,3,2.49,10.43,10.22
2835,Gadget_Y,241,Economy,M09,25.0,10.9,4,26.3,56.1,Afternoon,Fri,6,2.14,11.34,11.31
1794,Widget_C,325,Premium,M01,5.1,20.9,1,18.6,38.1,Afternoon,Sun,7,3.35,18.79,20.09
4341,Widget_A,473,Standard,M03,9.3,39.6,1,23.8,53.4,Afternoon,Wed,6,1.27,7.47,7.09
1095,Gadget_Y,154,Economy,M09,10.5,35.4,5,21.6,83.4,Night,Sat,8,2.32,9.05,8.49
1130,Gadget_Y,228,Standard,M06,17.8,9.1,4,25.1,16.3,Morning,Thu,1,0.53,26.53,23.93
3372,Gadget_Y,122,Standard,M07,20.1,9.9,1,33.6,75.0,Morning,Wed,5,1.39,6.06,5.63
3629,Gadget_Y,301,Economy,M04,4.6,32.1,2,32.9,42.1,Morning,Fri,1,8.49,28.74,24.48
4408,Gadget_X,19,Premium,M09,17.4,20.0,5,28.1,56.3,Morning,Wed,5,4.92,1.97,1.76
3264,Gadget_X,424,Economy,M09,2.9,58.7,4,30.3,61.4,Morning,Mon,1,2.11,77.9,85.06
2901,Widget_B,143,Standard,M06,9.8,44.5,4,24.2,36.0,Afternoon,Fri,5,2.24,9.12,8.53
4338,Widget_A,408,STANDARD,M02,,13.4,5,32.9,63.9,Morning,Fri,7,4.41,7.04,6.48
3801,Widget_A,426,Economy,M05,9.2,44.1,5,19.8,37.3,Morning,Sun,7,2.01,12.6,11.55
2933,Gadget_X,354,Economy,M05,10.2,5.0,1,27.3,66.8,Morning,Wed,4,0.53,29.53,26.39
4130,Widget_A,97,Economy,M01,14.0,11.9,5,28.5,43.2,Morning,Sun,4,5.07,3.6,3.1
2866,Widget_C,177,Premium,M02,1.3,24.1,5,29.7,69.3,Afternoon,Sun,5,5.37,12.95,12.71
2659,Widget_A,156,PREMIUM,M03,22.8,20.5,4,31.0,53.1,Night,Wed,6,5.7,3.67,4.09
1517,Widget_B,251,Standard,M07,20.2,16.0,1,17.6,49.0,Night,Wed,4,0.67,12.47,13.72
2858,Widget_A,416,Premium,M10,1.3,51.5,2,27.1,61.2,Afternoon,Fri,4,3.55,10.66,9.41
3244,Gadget_Y,361,Standard,M02,3.9,19.7,5,35.8,31.6,Night,Sat,2,1.41,39.87,40.67
2278,Widget_B,446,Standard,M06,6.5,32.8,2,18.7,52.9,Afternoon,Fri,6,5.01,22.2,23.98
4393,Gadget_Y,126,standard,M01,23.0,7.3,2,33.4,52.6,Night,Sun,6,7.72,6.3,7.53
1951,Widget_A,447,Premium,M07,13.6,44.0,3,34.9,45.7,Afternoon,Tue,5,,14.68,16.38
2121,Gadget_X,210,STANDARD,M05,16.9,22.5,3,31.9,55.9,Afternoon,Thu,7,0.05,14.98,16.76
3205,Gadget_X,12,Premium,M06,24.5,43.2,4,26.7,40.2,Morning,Sun,7,3.23,1.11,1.23
1420,Widget_A,296,Premium,M03,10.4,21.2,3,28.6,42.5,Night,Tue,3,1.14,9.36,9.02
1923,Gadget_Y,302,Standard,M02,19.0,50.1,2,26.2,57.0,Morning,Wed,7,7.41,8.65,8.37
3585,Widget_A,296,Premium,M01,21.0,48.6,3,30.6,118.9,Afternoon,Sun,8,,5.6,6.11
1478,Widget_B,125,Standard,M08,6.3,58.9,4,36.8,59.2,Morning,Sun,4,4.12,6.38,6.36
3036,Gadget_X,288,Premium,M07,23.2,26.5,4,23.2,,Afternoon,Tue,3,,34.22,38.25
4076,Gadget_X,22,Standard,M04,13.6,49.0,3,25.5,58.2,Afternoon,Tue,5,0.52,1.87,1.87
2693,Widget_B,217,Premium,M05,11.8,54.9,3,27.3,51.3,Afternoon,Wed,5,2.19,12.14,13.09
4229,Widget_C,65,Standard,M05,23.1,11.3,5,26.3,49.1,Night,Tue,5,3.52,5.82,6.1
2472,Widget_A,427,Standard,M08,23.7,30.9,1,23.0,56.8,Morning,Fri,8,3.06,4.06,4.32
2203,Widget_A,151,Standard,M10,,14.2,1,26.9,68.3,Afternoon,Thu,1,3.92,4.46,5.18
3439,Widget_A,486,Premium,M10,8.6,29.7,4,20.3,24.9,Morning,Sun,5,1.72,12.71,12.06
2670,Gadget_X,54,Standard,M08,4.8,23.8,4,23.9,50.1,Afternoon,Wed,1,1.02,8.17,8.85
4263,Gadget_X,318,economy,M07,10.2,25.6,5,22.6,76.5,Afternoon,Sat,3,6.29,56.7,62.47
2971,Widget_A,283,STANDARD,M04,6.5,6.9,5,32.1,17.3,Morning,Thu,4,6.16,10.64,13.02
3152,Widget_C,368,Standard,M03,19.0,59.3,3,30.4,57.2,Afternoon,Sun,4,7.98,23.41,29.15
1821,Widget_A,34,Standard,M01,18.4,9.4,1,33.1,22.5,Afternoon,Wed,6,3.37,0.59,0.69
2998,Gadget_X,155,Premium,M04,13.8,56.7,2,30.0,22.4,Night,Tue,1,0.41,21.51,23.54
4364,Gadget_X,255,Premium,M04,21.6,16.0,2,38.4,51.9,Morning,Thu,3,5.06,19.51,18.86
2249,Widget_A,287,Economy,M10,7.1,35.4,5,26.3,43.9,Morning,Sun,7,3.31,6.58,5.7
3581,Gadget_Y,80,Premium,M06,15.9,53.4,5,39.0,27.6,Morning,Sun,7,6.7,4.99,5.11
4118,Widget_A,165,Premium,M01,4.4,42.6,5,26.4,29.1,Morning,Tue,6,6.56,5.15,5.31
3191,Gadget_Y,426,Premium,M01,5.1,31.5,5,20.3,29.8,Morning,Sat,7,4.91,25.88,26.17
4062,Widget_C,39,Premium,M02,23.1,58.4,3,30.9,63.1,Night,Sun,6,1.82,1.94,1.71
2047,Gadget_X,234,Economy,M04,6.7,53.6,2,20.0,70.0,Morning,Fri,4,3.37,20.4,19.79
2889,Widget_B,157,Economy,M01,3.5,38.1,3,38.2,44.0,Afternoon,Tue,2,10.55,13.64,16.88
1616,Widget_B,292,Standard,M10,9.7,41.6,5,23.0,43.5,Afternoon,Tue,7,3.67,12.19,12.69
2319,Gadget_X,374,Standard,M10,,55.6,4,21.9,80.5,Afternoon,Tue,6,1.85,30.55,36.91
4384,Widget_B,365,Economy,M01,9.6,51.6,3,34.0,21.0,Afternoon,Sun,7,2.3,13.68,14.54
4421,Widget_C,94,Standard,M07,21.7,57.6,1,26.4,76.3,Night,Mon,2,2.46,8.16,8.96
4434,Gadget_Y,305,Economy,M10,12.8,52.7,3,28.1,37.0,Morning,Fri,1,3.42,25.22,28.31
3137,Widget_C,124,Premium,M06,6.4,25.5,2,29.6,,Morning,Tue,2,3.39,13.91,12.74
3875,Widget_A,78,Standard,M03,4.9,32.8,4,26.7,73.7,Morning,Sun,7,2.65,1.52,1.39
2773,Widget_C,212,Standard,M02,23.8,36.4,4,29.6,67.5,Night,Thu,3,0.08,14.72,13.47
4461,Widget_A,101,Standard,M04,21.5,48.0,3,32.1,,Morning,Sun,8,0.77,1.59,1.98
1132,Widget_B,91,Standard,M10,23.9,48.7,1,29.2,42.1,Afternoon,Sat,2,3.04,3.91,3.45
1078,Widget_C,311,Premium,M04,7.1,49.3,2,29.5,74.5,Morning,Fri,2,,26.01,23.95
3053,Gadget_Y,245,Premium,M10,21.6,31.1,4,32.4,58.2,Afternoon,Tue,5,5.98,12.36,15.4
1725,Widget_B,467,Standard,M05,6.7,29.1,1,23.6,45.5,Night,Tue,2,3.29,33.96,41.69
2315,Gadget_Y,485,Economy,M02,3.4,38.5,4,28.7,57.1,Night,Fri,7,2.96,24.33,22.95
2852,Gadget_X,352,Premium,M07,12.7,39.1,1,31.1,72.4,Afternoon,Sat,2,4.36,43.39,40.68
4427,Widget_A,78,Standard,M03,5.2,32.9,5,27.2,56.7,Night,Wed,8,6.28,2.2,2.45
3693,Widget_A,23,Standard,M04,13.7,25.7,2,20.9,23.9,Morning,Mon,4,,0.78,0.73
4485,Gadget_X,246,Premium,M10,3.2,7.5,4,26.5,38.0,Afternoon,Fri,7,2.25,22.27,24.56
2373,Gadget_Y,276,Standard,M05,18.5,35.4,4,24.9,31.9,Afternoon,Wed,7,0.38,14.11,13.98
2856,Gadget_Y,322,Standard,M01,17.4,6.8,4,32.0,65.4,Night,Thu,4,0.99,20.76,25.49
2320,Widget_C,351,economy,M09,18.3,40.4,2,23.9,45.6,Afternoon,Tue,1,8.78,35.85,43.17
4371,Widget_B,174,Standard,M04,16.9,13.7,4,26.5,87.0,Morning,Mon,5,10.49,6.8,8.46
3552,Gadget_X,118,Economy,M02,21.8,15.0,2,15.7,53.8,Night,Sun,6,1.34,6.02,7.2
1376,Gadget_Y,77,Standard,M08,6.0,40.2,3,24.8,48.8,Night,Sat,7,4.54,4.46,4.36
2909,Widget_B,331,Economy,M08,18.1,15.0,1,22.6,58.0,Morning,Mon,7,4.52,7.2,7.37
1334,Widget_B,425,Premium,M06,17.1,36.0,1,26.5,50.0,Afternoon,Sun,2,2.61,21.08,23.97
3646,Widget_B,436,Premium,M02,3.9,59.7,5,24.7,28.0,Morning,Wed,2,7.5,32.35,30.59
3699,Widget_A,413,Standard,M05,19.7,16.2,3,14.4,69.4,Night,Tue,2,2.4,20.02,18.78
3366,Widget_B,122,Premium,M08,15.2,49.7,1,31.0,54.6,Night,Mon,8,6.12,3.26,4.0
2605,Widget_B,459,Standard,M02,0.7,15.9,3,23.8,62.0,Morning,Wed,8,6.09,15.43,14.68
2119,Widget_B,85,economy,M04,16.9,5.8,2,21.0,74.2,Afternoon,Tue,2,3.5,4.73,5.91
4318,Widget_C,256,Standard,M03,21.9,9.4,5,27.5,29.9,Night,Sat,5,1.69,15.33,14.17
2944,Gadget_X,138,Economy,M05,22.2,8.6,4,31.2,74.7,Morning,Mon,2,3.14,18.67,16.22
3656,Widget_B,154,Standard,M05,9.7,58.4,1,34.1,76.4,Morning,Mon,4,1.28,6.5,5.83
3377,Widget_B,435,Premium,M02,8.8,20.4,5,27.7,39.3,Night,Mon,3,7.39,23.99,26.02
3948,Gadget_Y,259,Standard,M08,22.0,28.1,4,23.2,62.7,Morning,Wed,2,1.43,17.78,18.53
2343,Widget_B,488,Standard,M06,23.1,56.0,1,29.6,51.2,Night,Thu,2,1.87,25.45,31.42
1321,Widget_B,277,Standard,M04,17.8,17.5,1,18.4,68.9,Night,Tue,6,2.4,9.2,10.94
2620,Widget_C,233,Standard,M06,1.6,58.5,1,36.1,51.0,Morning,Sat,8,7.38,14.81,16.72
3859,Widget_B,28,Economy,M04,17.1,56.5,4,32.3,70.8,Afternoon,Thu,8,0.17,1.17,1.14
3061,Gadget_X,229,Economy,M03,8.8,6.4,4,29.2,46.1,Morning,Wed,3,2.49,22.21,20.65
3220,Widget_B,33,economy,M03,7.4,50.0,2,33.1,65.4,Morning,Sun,4,2.16,1.65,1.57
2674,Gadget_Y,342,Standard,M10,17.1,33.5,1,18.5,69.2,Morning,Thu,1,6.16,21.32,20.46
2943,Widget_C,338,Standard,M02,16.1,29.1,2,36.6,70.9,Morning,Fri,8,,11.6,11.7
1261,Gadget_Y,281,Standard,M02,14.2,48.2,3,29.4,,Morning,Fri,4,3.91,14.41,16.94
3754,Widget_B,198,Premium,M03,20.3,38.9,3,26.3,23.8,Morning,Wed,5,0.26,5.82,6.07
3040,Widget_A,496,Premium,M07,15.7,39.4,4,24.9,52.7,Morning,Thu,2,7.69,23.28,27.12
1690,Widget_C,196,Economy,M03,14.7,37.3,2,25.0,61.1,Afternoon,Tue,7,7.03,10.02,12.08
1902,Widget_B,478,Standard,M10,1.7,22.0,4,24.1,62.5,Afternoon,Tue,8,5.09,19.17,23.86
3307,Widget_B,334,Standard,M07,16.5,31.5,1,29.1,49.0,Morning,Fri,2,3.15,18.64,20.41
3027,Widget_A,46,Standard,M02,5.7,39.5,3,29.2,20.7,Afternoon,Thu,5,10.25,1.57,1.65
1139,Widget_A,47,Premium,M06,5.3,39.2,5,39.5,29.6,Morning,Fri,7,1.3,1.44,1.27
2918,Widget_C,457,Economy,M01,1.8,28.9,5,29.0,54.0,Afternoon,Wed,1,2.87,77.9,70.76
2829,Gadget_Y,337,Premium,M07,5.6,43.5,5,31.0,97.5,Morning,Thu,4,7.32,35.1,42.41
2574,Widget_C,280,Standard,M04,5.8,45.2,2,29.9,59.2,Afternoon,Sun,6,1.02,14.67,15.72
1320,Widget_A,199,Premium,M06,2.7,15.4,1,31.2,,Night,Thu,3,1.58,7.42,8.67
1654,Widget_A,72,Standard,M03,10.4,35.2,1,31.4,73.9,Afternoon,Sat,5,0.65,1.32,1.6
3138,Widget_B,391,Standard,M04,6.9,9.4,2,29.4,74.3,Morning,Sun,5,3.27,12.95,11.04
3804,Widget_A,225,Standard,M02,22.2,43.1,1,29.2,,Afternoon,Tue,6,2.44,2.37,2.06
1559,Gadget_Y,447,Premium,M06,22.9,38.3,3,31.5,53.5,Afternoon,Thu,3,3.28,34.19,39.09
3188,Gadget_Y,340,Standard,M04,1.9,52.6,3,24.6,50.0,Night,Wed,1,0.56,33.92,39.6
1113,Widget_B,380,Standard,M06,18.0,13.4,5,28.2,51.1,Afternoon,Fri,3,0.27,26.89,29.03
1532,Widget_C,452,Standard,M05,7.3,30.4,4,27.9,58.2,Afternoon,Fri,7,2.41,40.83,36.99
1225,Widget_A,397,Standard,M03,17.8,42.1,1,34.3,76.7,Morning,Fri,5,1.83,5.74,6.55
1724,Widget_C,295,Standard,M02,11.1,26.6,2,28.9,67.8,Morning,Fri,7,2.75,11.21,13.58
4285,Gadget_Y,363,Economy,M05,14.6,38.9,3,28.7,47.3,Afternoon,Wed,1,6.08,43.64,48.2
4008,Widget_B,48,standard,M06,23.8,39.2,3,30.6,,Afternoon,Wed,4,0.49,2.54,3.07
2434,Widget_B,423,Economy,M01,13.5,45.3,1,35.4,43.1,Morning,Mon,6,1.0,11.59,10.85
3374,Widget_B,180,Standard,M05,23.3,54.6,3,25.7,60.7,Morning,Sun,8,2.01,5.87,6.94
3729,Gadget_Y,307,Premium,M07,6.8,53.8,1,33.7,61.1,Morning,Thu,7,3.45,14.53,13.48
3803,Gadget_X,87,Premium,M03,,10.8,2,37.9,39.4,Afternoon,Sun,4,4.84,6.3,5.99
2459,Gadget_Y,147,Economy,M01,19.0,26.0,3,29.7,47.9,Night,Sun,3,3.6,10.01,9.96
4165,Widget_A,207,Economy,M10,15.6,34.2,2,20.9,61.5,Morning,Mon,2,5.63,6.41,5.52
1847,Widget_A,391,Standard,M03,11.7,46.0,5,24.7,70.0,Morning,Mon,5,0.79,9.38,8.24
1194,Gadget_Y,81,Standard,M01,19.8,40.1,4,19.3,47.5,Afternoon,Sat,7,8.98,4.28,4.4
2465,Widget_B,484,Economy,M06,20.7,16.3,3,28.7,49.0,Morning,Mon,2,6.51,29.54,25.51
1947,Widget_C,233,Economy,M08,22.7,59.3,1,22.5,52.0,Night,Thu,4,1.91,12.01,11.34
3022,Widget_C,406,Premium,M03,8.3,14.9,1,25.5,53.9,Afternoon,Thu,6,1.77,16.74,19.43
2630,Gadget_Y,462,Standard,M05,5.1,48.3,5,30.8,68.6,Afternoon,Thu,3,2.15,57.91,61.5
1118,Gadget_Y,115,Standard,M08,23.4,58.2,2,33.1,62.3,Morning,Wed,4,2.42,4.55,5.25
1646,Widget_A,471,Standard,M05,16.3,45.3,3,23.5,,Night,Wed,1,0.83,22.74,20.18
2871,Gadget_X,441,Premium,M09,17.3,50.2,3,36.0,58.4,Morning,Sat,7,5.5,23.97,29.48
1004,Widget_A,318,Economy,M07,20.7,11.3,1,30.4,28.4,Afternoon,Sat,8,5.24,5.38,6.07
1075,Widget_B,384,Economy,M07,,21.0,2,23.9,52.7,Afternoon,Fri,2,0.52,26.89,24.28
2756,Widget_B,157,Premium,M03,14.1,39.3,4,27.9,72.1,Afternoon,Fri,5,0.42,6.05,6.13
1468,Widget_C,255,Standard,M08,17.3,34.5,2,31.0,55.1,Afternoon,Sat,7,5.61,10.83,11.55
1006,Widget_A,277,Premium,M08,22.2,55.7,2,34.2,56.7,Night,Sat,1,0.65,8.91,8.6
2247,Widget_A,418,Standard,M06,24.1,33.8,3,32.9,48.5,Afternoon,Fri,4,0.47,10.47,10.28
1920,Widget_B,189,Standard,M02,14.7,14.6,1,25.7,63.9,Afternoon,Tue,7,3.1,4.65,4.62
1229,Widget_C,435,Standard,M04,15.2,19.6,4,27.7,39.1,Afternoon,Wed,1,2.87,46.79,52.1
2064,Widget_A,468,Standard,M08,3.2,52.9,4,22.8,54.9,Afternoon,Tue,6,,12.15,11.27
1243,Gadget_Y,67,Premium,M02,3.4,43.1,2,30.9,60.1,Afternoon,Wed,7,6.5,2.88,3.17
3675,Widget_B,212,Premium,M06,14.3,49.7,3,28.6,65.7,Night,Mon,8,1.76,8.53,7.65
2161,Widget_C,341,Standard,M08,9.9,41.5,4,31.9,64.8,Afternoon,Wed,2,6.56,36.13,36.41
4355,Gadget_Y,320,Standard,M01,13.9,41.6,4,36.0,72.4,Morning,Sun,2,2.82,28.96,24.88
3624,Widget_A,329,economy,M01,3.2,45.7,3,22.3,66.4,Night,Tue,2,5.02,16.03,19.43
2527,Widget_A,301,Economy,M07,13.8,46.2,1,38.2,57.0,Morning,Tue,4,0.37,7.45,6.9
2606,Gadget_X,181,STANDARD,M08,8.8,10.1,3,35.3,34.0,Morning,Sun,2,1.74,15.91,18.1
4268,Widget_C,130,Premium,M10,1.2,36.0,2,32.7,125.9,Night,Sat,2,2.93,13.42,13.73
4492,Gadget_Y,332,Standard,M02,17.9,25.0,1,37.6,54.5,Night,Wed,3,3.3,16.92,14.83
3727,Gadget_Y,459,Standard,M02,23.6,15.0,4,31.4,45.3,Morning,Mon,5,2.17,16.93,14.65
4382,Gadget_Y,71,Standard,M10,22.7,27.1,3,31.1,54.9,Night,Wed,1,,6.01,5.45
2990,Widget_B,108,Premium,M09,15.4,22.7,4,27.8,50.8,Morning,Sun,4,,5.55,5.1
3752,Widget_A,409,Standard,M01,,22.8,3,16.1,36.5,Morning,Wed,7,7.24,6.85,7.4
3363,Gadget_X,371,Economy,M04,22.8,50.1,5,33.8,50.9,Morning,Tue,5,1.34,28.51,27.22
2976,Widget_A,338,Standard,M04,24.8,24.8,2,24.4,54.7,Morning,Sun,6,3.63,4.77,4.3
2762,Gadget_X,467,Standard,M05,18.4,51.6,5,28.9,,Night,Mon,2,10.11,90.24,85.62
2306,Widget_C,111,Premium,M05,17.2,53.1,5,35.2,58.0,Morning,Thu,3,5.0,13.01,12.5
2542,Widget_C,79,Standard,M01,24.0,14.4,4,32.4,52.4,Night,Tue,6,0.92,4.96,4.62
3473,Gadget_Y,390,Standard,M09,7.9,39.8,5,29.0,63.6,Afternoon,Wed,5,7.76,30.55,29.21
1623,Widget_C,15,Standard,M10,24.8,43.2,5,26.2,84.9,Afternoon,Thu,2,5.24,1.69,1.95
3910,Widget_B,410,Premium,M03,17.2,23.3,5,23.8,62.2,Afternoon,Tue,6,,18.75,23.02
2494,Widget_B,308,Economy,M08,9.7,17.6,4,23.4,65.1,Morning,Tue,5,2.97,12.47,13.28
1111,Gadget_Y,185,Standard,M02,2.0,57.4,1,22.9,58.2,Night,Thu,8,3.05,7.29,9.09
3276,Widget_B,471,Premium,M04,1.7,26.3,5,32.6,50.4,Morning,Tue,4,11.18,28.04,34.16
3659,Gadget_X,322,premium,M02,6.0,14.2,4,31.0,63.4,Morning,Thu,5,0.32,25.39,29.02
2170,Widget_C,345,Standard,M05,22.5,11.2,1,28.8,47.8,Night,Mon,5,4.58,20.45,22.16
4083,Widget_B,238,Standard,M10,10.3,13.0,3,23.7,61.3,Afternoon,Sun,3,0.72,10.23,11.65
1233,Gadget_Y,214,standard,M07,18.1,13.1,1,28.9,74.3,Night,Tue,5,2.91,9.72,10.28
1067,Gadget_X,392,Standard,M07,16.7,17.5,3,23.2,64.1,Morning,Fri,2,,55.82,52.61
2703,Gadget_X,197,Standard,M03,6.6,45.7,3,28.5,89.8,Night,Sat,4,2.85,16.82,18.21
3073,Widget_C,334,Standard,M10,23.5,11.7,5,35.3,57.6,Afternoon,Thu,4,0.14,21.18,19.33
3193,Widget_B,72,Standard,M06,0.7,32.0,4,28.1,50.2,Afternoon,Sat,5,2.65,5.34,6.09
1537,Widget_A,82,Economy,M08,21.0,34.0,3,22.0,71.1,Afternoon,Wed,7,5.24,1.46,1.51
1126,Widget_B,402,Standard,M07,21.8,51.1,1,28.5,76.0,Morning,Wed,3,5.01,18.81,17.22
3134,Widget_B,340,Standard,M09,13.5,37.3,5,29.8,39.9,Morning,Wed,3,2.86,21.38,23.12
2255,Widget_A,81,Standard,M01,10.6,51.5,4,31.4,38.0,Morning,Mon,7,4.29,2.18,2.1
3903,Gadget_X,373,Standard,M03,23.0,16.1,3,27.1,72.5,Afternoon,Fri,6,2.52,21.18,23.92
2977,Gadget_X,488,Premium,M04,25.0,35.5,2,28.3,43.9,Morning,Thu,3,5.61,37.65,39.46
3877,Widget_C,190,Standard,M06,9.8,6.3,5,32.6,,Morning,Mon,1,1.55,26.47,28.76
3726,Gadget_X,140,economy,M06,13.3,59.9,1,37.6,67.2,Morning,Sun,3,2.05,14.06,14.37
3076,Widget_C,324,Economy,M01,8.1,5.9,1,18.6,55.8,Morning,Mon,4,5.43,20.17,22.92
1485,Widget_C,262,Standard,M10,,56.0,3,27.6,59.9,Afternoon,Sun,7,6.62,10.6,11.08
2655,Gadget_Y,120,Standard,M08,20.7,9.1,5,38.3,54.7,Morning,Tue,4,2.12,5.68,5.8
4400,Widget_A,489,Premium,M07,2.6,50.0,2,25.9,65.8,Morning,Wed,5,2.57,14.55,12.99
3660,Widget_B,139,Standard,M04,13.6,37.2,2,28.3,24.1,Afternoon,Thu,5,,5.52,6.14
4245,Widget_B,316,Premium,M01,7.4,10.5,5,30.9,58.9,Night,Thu,1,6.44,40.96,43.64
2775,Gadget_X,44,Standard,M08,19.8,54.7,4,29.7,67.8,Afternoon,Tue,6,0.47,2.9,3.55
3411,Widget_A,307,Premium,M08,16.0,16.4,1,32.7,24.0,Afternoon,Fri,8,4.46,3.81,4.6
1919,Widget_C,80,Standard,M10,,6.3,2,18.1,40.0,Morning,Mon,8,2.58,3.29,2.94
2647,Widget_C,348,Premium,M02,19.9,-13.1,2,29.6,64.1,Night,Fri,1,0.06,28.33,24.12
2027,Widget_B,153,Economy,M10,13.6,5.7,2,39.1,,Afternoon,Tue,2,0.09,5.65,6.58
2031,Widget_C,254,Standard,M03,4.4,28.0,5,29.7,65.3,Morning,Sat,8,4.99,13.89,12.26
1883,Gadget_Y,81,Premium,M01,22.3,50.1,4,27.9,,Night,Thu,5,4.52,5.73,5.36
2336,Widget_B,449,Premium,M01,3.7,47.3,4,33.9,27.0,Afternoon,Sat,7,8.08,23.66,25.79
3609,Gadget_Y,124,Standard,M09,11.3,57.0,2,31.2,76.7,Night,Sat,3,3.51,8.64,9.37
1365,Widget_A,15,Standard,M07,17.2,9.0,5,25.8,55.7,Night,Sat,3,1.99,0.84,0.88
3126,Gadget_Y,143,Standard,M02,4.0,40.9,3,26.9,48.3,Afternoon,Sun,3,3.83,8.24,7.37
1028,Widget_A,61,Standard,M01,1.6,31.1,3,29.7,33.3,Afternoon,Fri,7,1.65,1.95,2.35
1474,Widget_C,158,Standard,M10,19.4,44.5,2,32.4,65.1,Morning,Tue,5,,8.46,9.94
1526,Gadget_Y,387,Standard,M02,6.5,44.5,4,27.9,71.9,Morning,Wed,3,5.14,28.18,33.5
1726,Gadget_Y,239,Standard,M02,,48.8,4,17.2,61.7,Night,Sat,6,0.92,12.22,12.25
1056,Widget_C,22,Economy,M01,21.7,22.7,3,21.0,64.0,Afternoon,Sun,8,0.2,1.33,1.52
1639,Gadget_X,457,standard,M06,22.2,10.6,4,39.3,55.9,Afternoon,Thu,6,3.4,41.44,49.64
1303,Widget_A,10,Standard,M09,22.9,30.9,3,32.8,78.2,Night,Mon,1,6.04,0.85,0.8
4056,Widget_B,411,Standard,M04,21.2,45.2,4,25.9,63.8,Morning,Tue,2,9.4,24.55,29.37
2277,Widget_A,67,Economy,M09,19.2,25.5,4,25.8,64.4,Morning,Tue,4,3.73,1.74,2.05
4088,Widget_A,260,Standard,M08,7.2,16.5,2,21.0,66.2,Afternoon,Tue,7,0.77,4.08,4.59
1625,Widget_A,479,Standard,M07,6.4,53.6,1,32.8,66.8,Afternoon,Fri,3,,16.06,13.67
3056,Gadget_X,139,Economy,M03,24.9,21.1,4,28.9,62.5,Morning,Thu,1,,16.95,18.8
2281,Widget_B,346,Standard,M07,13.5,47.1,4,21.8,55.9,Morning,Fri,8,1.42,13.19,16.48
2050,Widget_C,489,Premium,M10,15.6,11.8,3,32.2,90.3,Night,Fri,8,6.31,25.38,29.02
1337,Widget_C,350,Standard,M07,21.1,34.0,1,27.5,56.6,Night,Thu,5,3.35,22.74,24.01
1048,Widget_A,65,Standard,M05,20.4,16.6,3,27.1,69.2,Night,Thu,1,1.21,3.14,3.71
1107,Gadget_Y,274,Standard,M09,24.9,44.2,3,24.8,84.6,Morning,Fri,2,7.78,17.85,21.51
3398,Widget_A,77,Premium,M06,10.8,27.4,2,33.0,,Morning,Wed,2,2.92,3.15,3.75
2080,Widget_A,325,Standard,M02,1.9,11.8,3,31.2,66.7,Morning,Wed,2,3.05,10.07,12.58
3287,Widget_A,494,Economy,M09,15.8,45.2,1,35.1,53.4,Afternoon,Mon,5,1.75,7.3,6.39
3262,Widget_B,464,Economy,M02,10.0,17.1,5,20.5,60.3,Afternoon,Fri,7,0.35,17.15,19.17
2145,Widget_C,165,Premium,M07,15.9,44.3,4,30.5,63.6,Morning,Tue,5,9.56,16.44,17.38
3792,Gadget_Y,468,PREMIUM,M02,5.0,31.9,1,34.1,43.3,Afternoon,Sun,1,6.03,34.5,29.37
3297,Widget_A,139,Economy,M08,8.1,59.2,4,26.4,49.6,Afternoon,Tue,5,3.55,3.46,3.39
2837,Widget_A,418,Standard,M03,10.0,34.0,5,25.6,62.6,Afternoon,Sun,6,5.11,12.27,13.91
2754,Widget_C,206,Standard,M10,9.5,48.8,1,24.6,63.6,Afternoon,Fri,2,3.5,13.62,11.65
2102,Widget_A,246,Premium,M08,2.5,53.3,2,27.8,42.0,Morning,Fri,1,3.41,8.75,10.88
2969,Gadget_Y,39,Standard,M09,,30.1,3,31.8,51.2,Morning,Wed,1,3.81,3.17,2.9
3666,Widget_B,333,Standard,M02,11.1,11.8,3,24.9,73.1,Afternoon,Fri,8,3.26,8.95,8.73
4216,Gadget_Y,112,Standard,M04,9.2,23.6,1,30.9,33.0,Night,Fri,1,3.92,7.65,8.69
1524,Widget_C,201,Premium,M05,10.4,21.1,4,32.2,42.1,Afternoon,Thu,2,3.62,24.14,24.03
3281,Widget_C,349,Economy,M10,9.8,59.2,5,33.9,91.2,Morning,Mon,4,3.88,25.33,24.04
2429,Widget_A,357,Standard,M06,,45.6,5,29.2,,Morning,Sat,8,2.23,7.29,8.74
3582,Gadget_Y,12,Standard,M08,,19.4,2,32.0,48.9,Night,Tue,3,1.79,0.71,0.69
4055,Widget_C,255,Economy,M02,10.1,14.0,4,19.3,,Morning,Wed,8,2.34,11.4,11.64
1604,Widget_A,346,Premium,M05,,14.9,2,27.7,63.3,Morning,Mon,4,7.97,7.62,8.36
2490,Gadget_Y,301,Premium,M01,21.7,40.6,1,21.3,60.0,Afternoon,Sun,5,3.68,11.11,13.0
3751,Widget_A,365,premium,M03,7.6,47.7,1,23.2,50.8,Afternoon,Fri,3,3.57,8.99,8.69
1061,Gadget_X,95,Economy,M09,4.9,24.4,5,28.5,61.1,Night,Fri,7,3.02,9.42,8.12
4223,Widget_A,51,economy,M07,5.7,31.5,1,20.0,,Morning,Fri,6,0.48,1.44,1.75
1672,Widget_B,336,Premium,M07,16.9,22.1,4,27.6,54.4,Morning,Mon,8,4.67,14.25,15.52
1093,Widget_B,455,Standard,M08,,28.3,2,28.9,36.4,Afternoon,Thu,7,0.14,13.63,12.89
1667,Widget_A,369,Standard,M07,12.0,43.5,4,32.1,85.0,Morning,Wed,6,1.39,10.29,12.73
2888,Widget_A,352,Economy,M04,17.7,11.0,1,25.6,30.5,Morning,Sat,6,7.45,5.52,6.37
1281,Widget_A,64,Economy,M06,14.4,27.0,3,29.7,,Morning,Mon,6,1.54,1.79,1.54
2720,Widget_C,343,Premium,M07,6.2,11.5,1,30.0,55.4,Morning,Mon,6,1.79,21.67,24.75
1360,Widget_A,113,Standard,M07,24.7,21.7,1,24.9,77.8,Morning,Wed,1,1.06,3.82,3.36
1900,Widget_B,385,premium,M02,13.7,58.5,5,30.5,59.3,Morning,Sat,5,5.73,14.91,17.69
2936,Widget_C,230,Standard,M05,7.5,50.2,3,25.1,49.6,Morning,Sun,2,2.55,27.21,33.03
2995,Widget_B,270,Standard,M04,1.0,8.4,4,22.0,83.0,Afternoon,Thu,4,5.17,18.96,16.84
3710,Widget_A,485,Standard,M03,18.2,38.6,5,26.5,74.4,Afternoon,Thu,3,5.4,14.57,16.0
1761,Widget_A,121,Standard,M05,0.6,34.2,5,32.3,66.5,Night,Thu,7,2.79,4.73,5.84
3159,Gadget_X,233,Standard,M02,5.4,19.6,3,26.0,24.1,Night,Fri,7,1.6,14.26,14.53
4072,Gadget_Y,227,Premium,M06,20.3,25.1,5,30.5,45.6,Afternoon,Mon,4,3.64,17.15,17.17
1043,Gadget_Y,119,economy,M03,2.5,35.8,1,34.2,,Morning,Mon,1,3.73,8.02,9.13
3174,Widget_B,255,Economy,M02,22.8,44.5,4,17.2,58.6,Morning,Sun,4,1.57,9.12,7.88
1205,Gadget_X,85,Standard,M01,11.1,6.7,5,24.2,77.4,Afternoon,Mon,7,3.8,8.37,7.18
2474,Widget_A,410,Premium,M07,1.6,30.8,4,15.8,47.9,Morning,Mon,8,4.51,12.9,15.12
3101,Widget_A,482,Standard,M10,10.7,44.9,3,25.6,54.2,Afternoon,Tue,7,0.04,9.23,10.83
3594,Widget_B,233,Standard,M10,14.6,27.7,3,33.6,47.0,Morning,Sun,7,4.62,6.98,7.52
1069,Widget_B,392,premium,M09,9.9,38.8,5,29.4,27.0,Afternoon,Sun,1,,35.5,33.6
2876,Widget_C,146,Standard,M06,4.5,58.8,2,22.7,50.5,Afternoon,Tue,6,2.13,10.48,12.26
3784,Widget_B,310,Standard,M02,3.8,8.9,4,27.1,54.6,Morning,Wed,7,5.01,164.77,15.71
3232,Widget_A,301,Premium,M04,1.6,45.3,4,31.0,40.3,Afternoon,Wed,5,1.45,8.54,7.89
1138,Widget_C,437,Standard,M07,,47.9,3,38.5,51.1,Morning,Sat,1,2.24,45.86,55.17
1797,Gadget_Y,279,Standard,M05,0.9,12.4,3,33.0,93.5,Morning,Wed,2,6.73,33.26,30.82
3181,Widget_B,473,Standard,M04,5.0,13.1,2,28.5,52.1,Night,Thu,8,3.6,15.27,16.35
3129,Widget_A,418,standard,M05,21.6,40.1,4,27.6,21.3,Morning,Mon,8,6.14,10.75,12.86
1759,Widget_B,221,Standard,M10,14.8,28.5,5,26.2,73.7,Morning,Sun,5,2.8,9.1,8.09
1542,Gadget_Y,369,Economy,M06,20.3,52.5,5,25.8,21.7,Afternoon,Mon,8,1.91,20.66,22.95
2020,Gadget_Y,147,Premium,M10,23.1,8.1,4,28.4,65.6,Morning,Thu,6,3.61,5.92,5.43
3685,Gadget_Y,283,Standard,M10,,41.4,5,26.1,85.9,Morning,Mon,3,9.34,19.53,22.05
1166,Widget_A,104,Economy,M04,16.8,59.1,1,20.7,67.9,Night,Thu,6,4.58,2.18,2.05
1249,Widget_C,337,Standard,M08,24.0,50.6,3,29.3,63.9,Night,Mon,8,1.06,13.08,11.53
2332,Widget_C,86,Premium,M04,22.1,49.9,5,25.0,,Night,Thu,4,1.68,7.03,7.0
3018,Gadget_Y,276,Economy,M09,13.9,25.2,3,26.6,62.9,Night,Tue,3,3.85,21.16,21.91
1447,Widget_A,280,Economy,M01,5.4,52.3,5,32.8,71.9,Afternoon,Sat,7,4.18,9.94,11.82
3483,Gadget_X,228,Standard,M04,4.0,50.0,4,18.1,38.0,Morning,Mon,7,3.21,19.24,20.19
2359,Widget_A,239,Premium,M07,4.3,40.8,2,34.9,54.4,Afternoon,Sun,2,1.95,10.17,11.06
3146,Widget_A,444,Standard,M07,7.8,19.7,2,32.9,41.7,Afternoon,Sun,3,2.32,18.69,17.94
2330,Widget_A,416,Standard,M09,14.4,37.0,2,26.4,61.2,Morning,Sat,1,4.29,12.14,10.86
4414,Widget_A,414,Premium,M04,15.9,18.5,3,17.7,37.6,Night,Thu,4,1.52,9.87,9.8
3151,Gadget_X,193,Standard,M04,23.3,32.3,5,28.6,29.5,Afternoon,Fri,8,7.35,14.17,15.05
1435,Gadget_Y,457,PREMIUM,M09,10.7,54.2,2,30.8,58.1,Night,Mon,6,5.33,22.28,24.22
3123,Widget_C,417,Economy,M05,20.6,31.5,2,31.0,46.1,Morning,Wed,5,0.51,24.64,29.35
1578,Widget_A,49,Standard,M01,12.5,33.3,4,37.4,53.2,Morning,Fri,5,2.56,1.5,1.34
4425,Gadget_X,274,Standard,M07,9.4,45.7,5,30.9,56.6,Morning,Fri,4,5.82,41.58,39.9
4215,Widget_A,342,Economy,M10,17.7,8.3,1,20.9,46.0,Morning,Sun,5,5.41,5.11,4.4
3449,Widget_C,40,Standard,M01,18.2,52.7,4,25.3,49.0,Morning,Thu,3,0.6,3.46,3.53
2849,Gadget_Y,167,Standard,M08,5.8,23.2,5,28.2,44.0,Afternoon,Sat,3,5.75,15.45,18.34
1763,Widget_A,388,Standard,M01,13.7,12.6,1,27.1,58.2,Night,Thu,7,6.67,6.65,6.37
1389,Gadget_X,237,Standard,M04,16.9,17.6,5,32.8,64.8,Morning,Sun,7,6.54,17.51,20.77
1236,Gadget_Y,429,Premium,M10,12.0,20.4,3,27.1,60.6,Night,Sun,7,6.62,21.69,23.13
4053,Widget_C,444,Standard,M04,24.0,12.0,5,32.1,73.2,Morning,Tue,3,4.28,38.34,35.17
2985,Gadget_X,163,Standard,M06,21.4,17.3,4,32.9,61.9,Afternoon,Sun,2,2.6,25.17,23.03
1268,Widget_C,368,Premium,M07,24.0,17.8,4,31.5,63.6,Night,Tue,6,7.42,31.83,36.75
1771,Gadget_X,397,Standard,M04,17.3,18.6,1,28.8,62.9,Morning,Sun,1,0.06,32.71,29.11
3166,Gadget_Y,166,Economy,M09,1.4,44.9,1,25.3,67.7,Morning,Wed,3,2.53,11.08,10.16
1438,Gadget_X,220,Economy,M04,23.1,57.8,5,12.3,61.9,Morning,Thu,6,6.59,16.44,19.92
1674,Gadget_X,59,Economy,M05,20.6,45.3,5,32.9,52.2,Afternoon,Sun,3,2.04,8.11,8.55
1250,Widget_A,273,Standard,M05,24.0,44.4,5,19.8,78.3,Morning,Mon,5,9.44,8.9,8.61
3202,Gadget_Y,398,Premium,M09,5.9,6.0,4,35.2,56.4,Night,Sun,8,0.59,19.14,23.53
2575,Gadget_Y,267,Standard,M06,21.2,49.1,4,28.4,35.9,Night,Thu,4,,21.19,24.98
3143,Gadget_X,175,Standard,M10,23.2,46.2,4,23.0,70.9,Night,Thu,4,7.43,14.94,18.59
3082,Gadget_Y,153,Economy,M06,22.5,18.1,5,31.1,64.0,Night,Wed,2,6.46,20.94,23.89
4067,Gadget_Y,445,Economy,M09,9.1,24.5,2,31.7,58.8,Afternoon,Thu,7,4.81,17.5,19.15
4474,Gadget_Y,129,Economy,M06,2.2,46.2,5,25.5,23.9,Morning,Mon,6,,11.04,12.91
4213,Widget_A,375,Standard,M04,2.1,29.0,2,37.1,69.7,Morning,Sun,8,1.7,5.86,5.41
1449,Widget_A,469,Premium,M07,1.8,32.7,3,36.6,77.5,Afternoon,Thu,8,3.58,12.53,12.4
2470,Widget_B,446,Standard,M08,0.9,16.6,2,35.0,55.2,Afternoon,Wed,8,5.36,14.77,17.44
1717,Widget_A,380,Economy,M02,23.9,27.0,1,19.3,41.2,Morning,Mon,7,6.43,4.17,4.81
3805,Widget_C,391,Standard,M10,6.6,15.0,1,33.8,40.8,Morning,Tue,5,3.45,16.7,17.27
4205,Widget_A,447,Standard,M04,16.4,49.6,2,26.8,58.3,Morning,Thu,1,5.84,15.69,17.1
3049,Gadget_X,98,Standard,M09,10.0,21.8,4,24.5,57.1,Night,Sat,3,0.29,11.6,11.3
2902,Gadget_Y,340,premium,M06,6.9,53.4,5,17.2,54.5,Morning,Tue,8,1.94,20.56,21.19
3919,Gadget_X,13,Economy,M01,11.3,8.2,3,31.3,,Morning,Wed,1,3.94,2.14,2.42
2169,Gadget_X,136,Standard,M01,15.0,17.2,4,33.4,68.6,Morning,Sat,8,7.59,9.88,11.52
1083,Gadget_X,495,Standard,M09,4.5,50.9,3,32.2,31.2,Morning,Tue,3,4.06,52.77,62.21
3833,Gadget_Y,305,STANDARD,M08,19.3,21.8,3,26.9,65.9,Afternoon,Tue,3,2.53,15.01,16.15
3725,Gadget_Y,190,Standard,M10,15.4,52.0,2,24.9,62.7,Afternoon,Sun,7,2.28,7.2,8.77
2461,Widget_C,400,Standard,M02,24.4,43.8,4,30.6,75.4,Morning,Sun,8,7.31,14.52,16.17
2894,Widget_A,410,Economy,M09,10.8,50.9,2,22.2,40.1,Afternoon,Wed,6,5.37,8.78,7.79
2669,Widget_A,460,Standard,M06,17.7,50.8,4,22.7,54.2,Morning,Sun,2,4.04,19.02,20.04
3001,Widget_A,102,Economy,M06,7.0,21.1,3,36.6,,Night,Fri,6,2.62,3.35,4.07
1476,Gadget_Y,349,Economy,M04,17.8,36.4,3,25.3,58.3,Morning,Mon,3,6.91,24.22,24.49
1518,Widget_B,147,Premium,M03,5.8,16.1,5,33.3,78.3,Afternoon,Sun,6,2.94,6.77,6.02
1405,Widget_C,106,standard,M10,11.7,37.8,4,29.2,55.7,Morning,Mon,6,3.5,6.06,5.16
1385,Widget_B,67,Standard,M01,17.1,43.9,4,27.4,57.6,Night,Fri,7,3.99,3.11,3.04
3856,Widget_C,80,Economy,M09,6.5,43.8,5,26.8,55.5,Morning,Fri,1,2.43,12.34,15.39
3153,Widget_B,231,Standard,M07,1.8,21.4,3,32.7,38.6,Afternoon,Tue,1,2.12,25.22,24.76
2634,Widget_C,62,Standard,M06,16.2,16.3,2,28.5,48.7,Afternoon,Thu,8,3.69,3.11,3.84
4354,Widget_B,85,Premium,M02,12.2,-3.9,4,26.4,46.5,Afternoon,Sun,6,4.76,3.71,3.19
1689,Widget_A,305,Standard,M03,7.2,49.7,3,38.5,49.7,Morning,Mon,2,0.43,9.18,11.45
2241,Gadget_X,221,Standard,M06,,55.3,1,25.4,34.3,Afternoon,Wed,4,3.51,18.36,22.35
1063,Widget_A,232,Premium,M08,14.0,9.9,4,24.4,33.1,Night,Tue,8,2.42,3.95,4.85
1853,Widget_C,475,Standard,M03,,33.6,1,21.2,53.3,Afternoon,Wed,4,4.32,24.75,29.77
4225,Widget_B,333,Standard,M03,8.3,32.2,2,29.8,65.5,Night,Wed,5,1.56,12.65,13.31
3895,Widget_C,390,Standard,M09,4.0,19.6,2,26.5,37.2,Afternoon,Sat,8,,18.91,20.82
2263,Gadget_X,432,Premium,M06,8.8,26.2,5,35.2,58.3,Afternoon,Fri,4,4.75,55.35,59.74
1224,Widget_C,415,Premium,M04,20.8,31.3,3,28.7,66.5,Night,Sun,8,4.55,19.51,17.23
3194,Widget_A,493,Premium,M03,20.5,15.5,1,20.9,37.8,Morning,Sun,1,0.24,11.34,10.98
1374,Gadget_Y,380,Standard,M02,23.2,10.8,3,35.8,51.1,Morning,Fri,3,2.46,15.44,18.88
2825,Gadget_Y,428,Premium,M04,,37.1,4,28.6,37.5,Night,Sat,4,4.96,35.57,31.72
3966,Widget_A,251,Premium,M06,0.9,34.5,2,24.5,57.3,Morning,Tue,8,5.81,5.19,6.09
4366,Gadget_X,93,Premium,M08,23.1,45.9,5,33.6,47.9,Afternoon,Fri,6,5.78,6.63,6.84
4042,Widget_C,241,premium,M03,3.4,9.2,4,23.6,52.2,Night,Mon,7,4.25,16.89,15.56
4145,Widget_B,317,Standard,M10,15.8,33.1,2,31.4,48.9,Night,Sun,5,0.57,11.4,11.42
1010,Widget_B,307,Economy,M04,13.4,6.9,4,27.9,51.4,Morning,Tue,3,6.08,16.74,16.76
3498,Widget_B,180,Standard,M09,3.4,12.2,3,24.9,68.7,Night,Fri,8,4.5,7.09,7.33
2945,Gadget_Y,51,PREMIUM,M08,10.9,57.0,3,19.6,23.6,Morning,Fri,8,0.76,2.06,2.43
2839,Gadget_Y,74,Standard,M02,5.2,50.4,1,25.2,87.2,Night,Sat,6,0.34,3.07,3.15
1709,Widget_A,168,economy,M03,,7.3,3,24.5,,Night,Wed,8,0.28,2.84,2.59
1256,Gadget_X,5000,Standard,M06,2.1,12.9,5,27.0,38.9,Afternoon,Wed,6,0.17,51.69,64.61
2618,Widget_C,176,Standard,M07,22.5,13.5,3,21.0,62.3,Night,Wed,3,2.24,16.16,15.71
1390,Gadget_X,256,Standard,M01,1.1,26.6,5,22.4,58.1,Morning,Sat,5,5.72,33.01,37.81
2582,Gadget_Y,268,Standard,M01,19.2,43.1,2,30.6,,Night,Fri,3,3.76,20.09,23.86
1925,Widget_A,204,Premium,M06,10.6,51.2,4,27.1,40.1,Morning,Thu,5,0.15,6.44,7.8
3509,Gadget_X,171,Premium,M06,15.0,7.5,2,29.4,51.1,Afternoon,Thu,3,2.9,19.48,21.67
3037,Widget_A,112,Standard,M08,20.1,27.0,5,26.2,58.7,Afternoon,Fri,8,2.01,1.72,1.57
3970,Gadget_Y,245,Standard,M02,4.9,32.8,3,20.8,41.0,Night,Wed,5,1.79,13.19,11.7
2225,Gadget_X,52,Standard,M10,24.3,6.8,1,31.2,57.4,Night,Wed,7,2.57,2.18,2.3
3550,Widget_C,472,STANDARD,M02,6.2,43.4,1,29.7,53.4,Afternoon,Fri,6,3.25,21.78,24.2
2947,Widget_C,490,Premium,M02,24.3,45.2,2,25.4,61.9,Morning,Sun,1,3.24,30.94,35.33
1740,Widget_C,359,Standard,M04,21.7,42.5,2,22.9,70.1,Afternoon,Wed,4,2.98,20.19,19.58
1041,Gadget_Y,369,Standard,M05,14.7,47.2,3,30.9,49.7,Night,Sun,7,6.32,23.2,22.81
1869,Widget_A,313,Premium,M02,6.0,15.7,2,40.4,45.9,Morning,Thu,5,2.32,5.68,5.22
1540,Gadget_X,11,Standard,M06,10.1,21.6,4,21.4,68.0,Morning,Thu,7,1.03,1.31,1.29
3746,Widget_B,382,STANDARD,M01,,55.7,1,35.6,97.8,Afternoon,Fri,7,0.09,12.76,11.02
3934,Gadget_X,339,Standard,M06,19.3,43.4,3,16.4,57.4,Afternoon,Tue,5,5.03,36.55,35.3
3724,Gadget_Y,489,Standard,M04,20.8,40.1,1,30.9,71.0,Night,Sat,4,3.18,23.09,25.87
2372,Widget_B,272,Standard,M08,24.9,8.8,4,29.5,34.3,Afternoon,Fri,7,2.33,6.86,8.39
2146,Gadget_X,349,Standard,M09,0.5,43.3,5,35.2,60.9,Morning,Fri,4,3.4,40.05,48.26
2032,Gadget_X,424,Standard,M06,12.4,49.1,5,17.7,71.7,Morning,Wed,8,2.88,35.17,38.81
1373,Widget_C,302,Economy,M10,,52.7,4,20.7,48.2,Afternoon,Fri,2,4.13,35.34,32.19
1668,Widget_B,417,Standard,M08,24.7,6.5,5,25.8,67.5,Night,Thu,8,2.31,11.69,13.34
1358,Gadget_Y,459,Premium,M04,1.3,30.3,3,22.4,56.9,Afternoon,Tue,7,2.2,23.58,28.81
1968,Widget_A,429,Standard,M06,9.9,41.5,5,32.5,50.7,Morning,Wed,4,3.37,13.78,14.88
2354,Widget_C,284,Standard,M01,13.8,39.0,5,37.0,38.8,Morning,Thu,3,0.9,26.07,27.58
2036,Widget_C,404,Standard,M05,9.8,17.0,1,33.9,71.6,Morning,Tue,2,3.81,35.21,33.14
1471,Widget_C,167,Standard,M06,11.2,40.1,4,20.2,72.3,Night,Tue,4,6.54,19.73,24.52
4035,Gadget_X,241,Standard,M07,5.6,28.8,3,22.1,86.8,Afternoon,Sat,4,4.51,33.61,32.07
2397,Gadget_Y,450,Economy,M10,8.4,51.0,2,26.2,56.9,Afternoon,Sun,8,1.32,13.69,15.01
4070,Gadget_Y,203,Economy,M07,6.8,25.0,4,34.8,70.2,Night,Thu,7,3.84,13.49,13.0
2550,Gadget_Y,104,Standard,M02,10.8,51.1,1,20.7,60.7,Night,Fri,8,3.33,2.84,2.89
2257,Widget_B,138,Standard,M07,12.4,13.9,4,23.5,58.3,Afternoon,Tue,1,2.72,15.55,19.25
3095,Gadget_X,367,Standard,M09,,52.0,4,33.5,43.2,Morning,Thu,7,3.0,23.36,24.98
2556,Widget_B,42,Standard,M04,10.2,17.9,2,26.5,86.4,Afternoon,Fri,8,2.47,1.31,1.24
4029,Widget_A,34,Economy,M03,4.7,58.0,4,29.9,63.8,Morning,Sat,2,1.55,1.72,1.83
2251,Widget_B,438,Premium,M10,18.9,24.5,2,22.6,57.7,Morning,Fri,8,3.85,10.09,11.26
2700,Gadget_X,21,Standard,M03,19.6,10.1,1,27.4,55.8,Morning,Wed,8,1.87,0.79,0.87
2253,Widget_B,228,Premium,M01,2.9,37.4,1,20.7,75.1,Afternoon,Wed,7,8.09,8.13,7.3
4264,Widget_C,155,Premium,M09,2.2,41.0,4,21.6,60.5,Afternoon,Wed,3,2.31,15.92,15.28
1080,Widget_C,199,Standard,M02,3.8,21.1,5,27.6,52.8,Afternoon,Sat,3,2.86,19.39,23.76
2173,Widget_C,449,standard,M04,18.9,48.8,4,19.2,63.6,Afternoon,Sun,4,2.78,27.07,32.13
1815,Widget_C,290,premium,M06,12.0,12.7,3,21.7,33.8,Morning,Tue,4,7.23,26.77,28.87
2853,Widget_A,472,Standard,M06,23.6,18.5,2,32.9,39.4,Morning,Tue,4,5.87,10.55,9.26
3221,Gadget_X,125,premium,M09,13.0,39.6,1,29.9,68.1,Morning,Sun,6,6.82,6.65,6.49
3720,Widget_C,183,Standard,M03,14.8,13.7,2,25.0,50.8,Night,Fri,6,5.39,8.89,10.89
4079,Widget_C,333,Standard,M02,11.2,6.1,3,32.3,38.8,Morning,Sat,2,3.64,25.99,30.29
3106,Widget_A,81,Standard,M01,17.2,16.4,1,27.1,60.5,Afternoon,Mon,5,1.4,1.53,1.65
1134,Widget_B,217,Premium,M01,20.1,26.8,4,20.0,66.8,Night,Wed,2,3.63,15.36,13.83
2141,Gadget_X,294,Premium,M05,15.5,53.6,3,28.1,59.4,Night,Mon,4,6.28,37.75,38.72
1934,Gadget_Y,30,Premium,M08,13.9,16.9,4,26.1,,Afternoon,Sat,6,1.16,1.35,1.54
1929,Widget_A,439,Standard,M10,22.5,39.6,4,31.3,,Afternoon,Sun,8,3.32,8.91,9.35
1824,Widget_A,499,Standard,M05,23.2,44.4,4,28.6,56.9,Morning,Tue,5,3.5,13.23,14.49
2532,Widget_A,464,STANDARD,M06,14.9,30.8,2,33.3,35.6,Afternoon,Thu,6,0.66,10.21,10.15
2215,Widget_B,270,Premium,M10,16.9,32.9,1,31.3,66.6,Morning,Fri,3,5.09,8.45,10.41
1505,Widget_A,461,Economy,M09,11.6,41.5,1,26.1,79.6,Afternoon,Wed,2,2.16,13.48,13.98
4477,Widget_B,440,Standard,M06,6.9,19.1,5,28.2,66.1,Night,Sat,4,2.26,29.03,25.97
3396,Widget_C,479,Standard,M05,5.2,39.9,5,21.8,72.6,Night,Mon,2,1.21,87.22,86.83
2997,Widget_B,88,Standard,M04,22.6,16.4,5,28.3,72.6,Morning,Sat,4,0.71,3.71,3.31
3435,Widget_B,325,Standard,M03,21.7,7.9,4,30.3,79.3,Afternoon,Mon,3,0.17,13.28,14.59
2959,Widget_B,30,Premium,M09,17.2,31.1,3,35.0,79.1,Night,Tue,2,3.89,2.28,2.09
2385,Widget_B,126,Standard,M08,18.8,22.6,2,26.6,69.7,Night,Tue,2,11.06,6.93,7.75
1895,Widget_B,52,Standard,M02,8.7,8.7,3,36.0,41.8,Morning,Thu,7,9.0,1.65,1.79
1829,Widget_C,434,PREMIUM,M10,15.1,47.3,1,24.8,52.9,Morning,Wed,1,1.53,27.83,24.65
4424,Widget_B,58,Economy,M03,3.2,44.9,5,18.9,35.2,Morning,Fri,2,1.15,4.12,4.57
3524,Widget_A,149,Standard,M02,17.0,54.9,2,33.2,32.9,Morning,Sun,8,0.95,2.07,1.97
2684,Widget_A,235,Economy,M09,7.4,10.5,3,18.0,68.0,Afternoon,Mon,3,2.93,8.06,8.44
4013,Gadget_X,449,Economy,M01,7.8,6.0,5,30.3,73.5,Morning,Thu,4,4.83,51.67,46.43
3993,Widget_B,154,Standard,M10,8.2,37.2,2,22.9,85.2,Afternoon,Fri,7,3.84,4.6,4.48
3938,Widget_C,134,Premium,M08,11.1,12.1,3,31.7,,Morning,Fri,5,3.16,6.7,6.5
1653,Widget_C,28,Standard,M10,22.3,53.4,1,25.2,,Morning,Fri,4,3.31,1.59,1.54
1173,Gadget_Y,169,Standard,M09,24.2,23.5,5,24.1,37.0,Afternoon,Mon,1,1.6,15.46,17.8
1039,Widget_C,65,Standard,M08,,9.7,3,32.0,77.5,Night,Sun,4,2.84,4.99,4.34
4356,Widget_C,478,Standard,M02,5.4,19.4,5,24.7,51.8,Night,Mon,5,3.65,42.78,45.48
1714,Gadget_X,273,Premium,M05,22.8,32.2,4,25.7,39.0,Night,Thu,5,4.95,27.82,28.06
1091,Widget_A,121,Economy,M06,14.3,5.8,3,23.9,55.5,Afternoon,Sun,4,1.2,3.76,4.44
4464,Gadget_X,321,Standard,M03,24.8,23.2,3,26.9,5.2,Morning,Fri,4,7.55,22.2,26.59
2206,Widget_A,55,Economy,M07,24.3,27.3,5,20.2,53.0,Morning,Mon,3,0.31,2.22,1.95
3892,Gadget_X,337,Economy,M07,17.7,42.1,2,29.1,51.8,Morning,Sun,7,0.99,24.97,24.76
4025,Widget_B,435,Standard,M05,24.7,45.8,4,26.0,66.2,Morning,Sat,3,9.32,22.69,21.52
2828,Widget_B,55,Premium,M06,9.0,22.0,4,33.4,50.5,Afternoon,Tue,3,2.17,4.42,4.84
2156,Gadget_Y,225,Standard,M02,,47.4,2,23.7,37.6,Night,Thu,5,2.0,8.86,8.54
2325,Gadget_Y,307,Standard,M10,1.7,37.3,5,22.8,50.5,Morning,Sun,7,0.68,13.22,11.8
1217,Gadget_Y,296,Standard,M07,22.6,41.9,5,26.4,38.7,Afternoon,Thu,5,0.29,22.24,21.11
1511,Widget_C,223,Standard,M06,19.6,40.2,5,32.9,71.9,Morning,Fri,1,4.2,36.62,37.89
2681,Widget_A,24,Standard,M03,11.2,32.9,5,22.5,60.5,Night,Mon,6,2.2,0.85,1.06
1500,Gadget_X,372,Standard,M06,1.4,39.8,3,26.4,43.1,Morning,Mon,5,3.08,34.95,29.83
3898,Widget_A,23,Premium,M07,16.1,7.0,5,26.2,72.4,Morning,Tue,1,2.2,1.29,1.27
2857,Widget_A,112,Premium,M06,21.9,9.9,2,26.0,64.8,Morning,Tue,3,7.35,3.54,4.18
2389,Widget_C,97,Premium,M07,11.1,33.7,2,33.7,61.9,Morning,Tue,6,7.18,6.38,6.89
2520,Widget_C,167,Economy,M02,13.5,42.8,2,29.2,57.6,Morning,Sat,2,8.53,13.19,11.37
3387,Widget_A,205,Standard,M01,13.7,43.2,1,32.0,50.2,Night,Wed,8,3.31,3.94,4.61
4189,Widget_A,113,Standard,M06,12.3,53.8,2,31.8,49.9,Afternoon,Fri,3,0.78,3.8,3.85
3077,Widget_A,453,Standard,M04,8.1,46.3,1,24.1,61.0,Morning,Thu,5,3.56,8.54,10.63
2541,Gadget_Y,399,Premium,M03,14.1,46.4,1,33.2,45.8,Night,Sun,5,0.96,15.99,18.8
2218,Widget_B,381,Standard,M07,8.8,22.1,2,24.5,38.9,Afternoon,Tue,2,0.69,26.32,29.71
3682,Widget_C,83,STANDARD,M10,1.4,49.8,2,26.0,49.1,Night,Thu,5,7.52,7.12,6.74
4360,Gadget_X,53,Premium,M08,1.6,27.0,5,19.9,44.3,Morning,Fri,4,4.82,6.88,8.28
2417,Widget_A,322,standard,M05,3.9,55.5,5,32.2,57.5,Night,Mon,5,1.39,15.06,13.1
3218,Widget_C,282,Premium,M06,4.4,30.8,4,19.7,41.1,Night,Tue,7,0.97,25.77,26.23
4211,Widget_C,206,Economy,M07,5.8,48.9,2,34.7,64.2,Night,Wed,3,,20.87,21.76
2677,Gadget_Y,325,Standard,M06,6.1,33.5,1,28.4,55.4,Morning,Fri,6,0.34,13.73,16.4
2198,Widget_B,207,Economy,M04,14.1,38.1,3,24.1,38.1,Afternoon,Tue,2,0.97,12.55,14.63
2543,Gadget_Y,53,Economy,M02,5.1,50.6,1,26.8,78.0,Night,Sun,6,,2.35,2.71
3540,Widget_A,288,Standard,M01,13.3,52.9,4,34.1,56.6,Afternoon,Fri,6,1.89,7.67,8.93
1954,Widget_B,54,Premium,M01,12.5,50.0,4,40.6,37.9,Night,Tue,8,1.1,2.58,2.85
3636,Widget_B,453,Standard,M05,20.6,38.8,4,30.6,47.7,Afternoon,Wed,6,4.59,22.97,24.04
1751,Widget_A,155,Standard,M06,22.0,12.3,2,25.0,69.7,Afternoon,Tue,3,8.94,5.06,6.25
3706,Widget_B,214,Economy,M07,20.3,59.8,2,28.6,51.8,Night,Fri,4,6.97,13.25,13.73
1235,Widget_A,447,Premium,M04,12.1,48.5,4,28.4,48.2,Afternoon,Wed,5,4.55,10.83,10.11
1733,Gadget_X,69,Standard,M05,23.9,54.9,4,26.0,52.8,Night,Mon,2,2.97,11.44,9.81
3767,Widget_A,496,Standard,M09,5.6,9.8,5,26.6,40.0,Night,Sun,7,0.24,13.5,15.9
2157,Gadget_Y,407,Standard,M01,12.5,17.7,5,24.3,66.9,Afternoon,Wed,7,4.32,26.45,27.06
4012,Widget_B,27,Standard,M06,10.6,12.6,4,22.9,47.2,Afternoon,Sat,6,2.96,1.5,1.41
3446,Widget_A,51,STANDARD,M09,24.3,51.9,4,30.8,48.1,Afternoon,Sun,2,3.5,2.09,1.85
2210,Widget_B,410,Economy,M09,4.3,46.2,3,23.1,42.7,Afternoon,Mon,6,3.65,17.07,16.78
2066,Widget_B,315,Standard,M04,1.6,11.7,3,38.6,46.6,Afternoon,Tue,6,4.65,10.88,13.06
3157,Widget_C,285,Premium,M02,3.6,16.0,4,24.2,49.1,Night,Mon,7,6.09,20.33,17.98
2063,Widget_A,419,Economy,M03,18.5,37.1,5,30.9,,Afternoon,Thu,1,2.55,17.76,17.12
3617,Widget_A,50,Economy,M02,23.9,21.6,2,29.3,63.2,Afternoon,Sat,2,3.82,1.24,1.11
2168,Widget_A,215,Premium,M04,4.4,53.5,5,22.4,50.8,Morning,Thu,2,4.41,9.18,11.06
2493,Widget_A,132,Standard,M10,21.3,29.8,2,30.1,91.1,Morning,Thu,3,2.86,2.83,3.44
3893,Widget_A,115,Standard,M01,18.1,39.4,2,37.7,83.7,Afternoon,Wed,1,8.09,5.58,6.8
1885,Gadget_X,200,Standard,M10,11.9,27.2,4,34.8,87.0,Morning,Thu,6,5.11,14.49,12.87
1144,Widget_C,236,Standard,M06,8.0,38.8,4,31.9,78.0,Afternoon,Fri,1,3.1,36.14,43.53
4450,Widget_C,387,Economy,M04,3.6,25.9,5,28.6,53.1,Morning,Tue,3,0.44,36.87,38.38
1851,Gadget_X,130,Standard,M09,,44.4,2,30.4,38.9,Night,Tue,2,1.93,12.73,11.25
3783,Widget_C,130,Standard,M05,14.1,11.3,1,26.5,54.2,Afternoon,Fri,6,,7.33,7.3
1718,Gadget_X,112,Economy,M01,12.7,12.6,2,33.6,73.6,Night,Sun,5,5.52,9.82,11.71
4333,Widget_C,483,Premium,M09,6.6,46.7,4,29.6,35.3,Night,Wed,7,6.08,38.41,43.8
3503,Widget_B,400,Standard,M03,22.2,16.3,4,34.8,39.5,Afternoon,Fri,8,6.06,11.86,14.38
1265,Widget_C,219,Standard,M02,13.4,32.4,5,32.6,57.2,Morning,Sun,6,2.23,13.19,12.36
1076,Widget_B,20,Standard,M09,14.2,53.3,1,22.8,49.5,Afternoon,Mon,1,3.51,1.98,2.27
3493,Widget_C,485,Standard,M10,19.0,14.3,1,32.4,42.8,Night,Fri,5,0.88,19.67,17.04
1396,Gadget_Y,247,Standard,M05,24.0,30.1,2,28.5,30.4,Night,Thu,5,1.87,14.37,17.02
3979,Gadget_X,138,Standard,M03,1.0,49.4,4,30.9,48.0,Night,Thu,4,4.08,17.83,21.17
3225,Gadget_X,215,Standard,M09,22.9,31.7,2,32.0,62.1,Afternoon,Thu,1,2.87,23.94,24.77
4283,Widget_B,125,Standard,M10,,47.0,1,23.2,55.3,Morning,Tue,8,5.62,2.51,2.57
1397,Widget_B,369,Standard,M02,5.8,16.3,2,35.4,29.3,Afternoon,Thu,1,8.35,20.95,18.15
2366,Gadget_Y,337,Standard,M01,20.4,30.3,4,26.0,71.8,Afternoon,Sun,1,3.19,32.5,31.07
3923,Widget_A,115,Standard,M10,11.7,12.6,1,34.0,53.4,Night,Mon,6,0.68,2.17,2.38
2904,Widget_B,47,Standard,M07,7.1,25.9,4,28.9,53.6,Afternoon,Fri,7,4.53,3.14,3.16
1596,Widget_C,199,Premium,M06,8.4,26.1,2,27.2,64.3,Night,Mon,1,1.06,26.39,22.58
3110,Gadget_Y,92,Standard,M06,11.5,43.4,5,33.3,47.1,Afternoon,Tue,5,5.67,7.89,9.66
2297,Gadget_X,213,Premium,M10,2.3,37.5,4,36.7,20.2,Morning,Tue,4,1.98,19.22,16.78
2822,Widget_C,159,Economy,M05,7.7,9.4,3,35.2,35.8,Night,Sun,8,1.37,10.71,13.24
1873,Widget_A,342,Standard,M01,10.4,52.1,2,37.0,,Afternoon,Sat,4,5.65,9.69,8.6
4415,Gadget_Y,401,Standard,M10,13.7,45.2,2,28.5,58.0,Morning,Sun,2,1.7,23.8,27.19
3327,Widget_C,287,Standard,M05,14.8,12.4,1,38.8,45.5,Afternoon,Wed,8,2.33,12.61,12.55
2549,Gadget_Y,411,Premium,M01,2.1,33.5,3,20.0,75.3,Afternoon,Wed,7,1.16,20.33,19.94
1037,Widget_B,305,Premium,M10,10.2,49.3,2,24.2,,Night,Mon,3,9.4,18.83,16.19
3711,Gadget_Y,494,Standard,M07,10.8,39.4,5,35.3,71.0,Morning,Wed,3,6.83,49.12,54.4
3955,Gadget_Y,221,Standard,M08,23.3,26.3,1,30.4,36.5,Afternoon,Wed,7,1.51,5.59,6.86
3144,Gadget_Y,198,Standard,M03,5.8,29.0,2,25.8,63.6,Afternoon,Thu,2,0.44,13.46,15.72
3991,Gadget_X,387,economy,M06,1.6,38.6,5,28.9,75.2,Morning,Sun,8,3.45,42.93,44.1
1978,Widget_B,157,Economy,M03,24.7,30.8,2,23.5,71.4,Morning,Thu,8,0.02,2.43,2.3
2572,Widget_B,199,Premium,M09,22.7,32.6,5,16.8,53.0,Afternoon,Tue,6,1.73,7.33,6.79
2123,Widget_A,361,Economy,M06,9.4,22.3,1,29.8,,Morning,Mon,5,4.85,8.64,7.95
3787,Widget_A,460,standard,M07,16.0,19.5,3,30.8,36.0,Afternoon,Fri,2,4.43,21.43,24.02
3240,Widget_A,370,Premium,M01,,11.5,5,25.3,49.6,Afternoon,Mon,3,3.35,13.31,11.68
3505,Widget_C,190,Premium,M05,14.2,13.2,4,30.5,,Afternoon,Sun,2,0.2,185.89,22.92
2893,Gadget_X,101,Economy,M09,24.8,35.1,1,31.9,40.2,Afternoon,Sun,6,5.7,4.3,3.77
1676,Widget_C,364,Standard,M07,21.5,41.5,3,30.8,71.0,Night,Fri,1,4.91,63.83,64.08
3809,Widget_A,158,PREMIUM,M04,24.6,44.4,2,22.1,51.2,Afternoon,Wed,4,1.01,3.38,4.05
1729,Widget_B,206,premium,M09,,58.6,2,30.8,44.3,Morning,Sat,4,2.02,8.05,7.24
1413,Widget_A,431,Standard,M08,3.2,14.3,3,20.0,35.7,Afternoon,Tue,4,4.47,12.39,15.12
2517,Widget_B,498,Premium,M02,2.5,38.3,2,22.7,47.0,Night,Sat,1,1.78,34.3,29.97
2650,Widget_B,38,Premium,M08,1.0,14.0,3,19.4,,Night,Mon,6,4.19,1.55,1.81
1826,Widget_B,103,Premium,M01,16.3,15.5,2,27.6,61.9,Night,Sun,4,3.13,4.93,4.61
1617,Widget_C,278,Premium,M04,0.7,58.0,4,24.1,60.1,Morning,Tue,6,1.79,20.21,20.64
1115,Widget_A,433,Standard,M04,,37.0,1,30.3,71.6,Morning,Wed,3,0.11,10.79,10.85
1418,Gadget_Y,193,Premium,M05,13.0,47.6,4,27.6,49.7,Morning,Wed,4,0.72,13.38,13.98
2626,Widget_A,451,Premium,M08,5.0,29.2,1,30.6,,Morning,Sat,4,1.44,7.95,6.94
3653,Widget_A,375,Standard,M09,20.9,31.8,5,19.2,68.2,Night,Fri,1,6.93,19.86,21.65
4446,Widget_A,230,Standard,M06,12.1,40.3,5,34.5,72.0,Night,Mon,3,6.21,13.17,12.55
1090,Widget_A,437,Standard,M08,20.6,54.8,1,25.6,50.7,Morning,Sun,5,2.99,6.28,7.57
3897,Gadget_Y,128,Premium,M06,19.4,37.6,4,26.0,41.0,Morning,Mon,8,3.88,7.16,8.32
4389,Widget_A,309,Standard,M03,8.2,41.2,5,34.3,84.7,Night,Sat,8,2.35,8.0,8.79
3083,Widget_A,393,Standard,M08,3.0,19.5,3,20.4,74.4,Afternoon,Wed,7,5.08,8.55,8.14
1754,Gadget_X,387,Standard,M09,24.0,35.9,2,31.1,58.8,Night,Mon,3,6.14,35.06,39.91
3547,Widget_C,36,Premium,M03,11.7,53.7,5,27.8,51.7,Night,Wed,4,5.34,4.16,4.25
2631,Widget_C,224,Economy,M02,13.8,42.4,3,24.6,37.1,Morning,Fri,8,9.29,11.19,10.53
1012,Widget_A,422,Standard,M04,7.5,25.5,5,29.5,40.7,Afternoon,Fri,1,6.56,25.52,21.79
3445,Widget_C,434,Standard,M06,4.1,51.4,1,30.3,87.4,Morning,Tue,5,3.37,28.86,30.91
1285,Widget_A,125,Economy,M02,8.3,39.5,5,32.7,65.3,Night,Sat,8,3.85,2.52,2.71
2067,Widget_B,180,Standard,M03,5.4,35.7,2,26.7,,Morning,Sun,6,4.42,6.43,7.01
2192,Widget_A,113,Standard,M05,15.2,43.7,3,32.9,70.4,Night,Tue,1,2.63,7.93,9.09
2441,Widget_C,367,Premium,M02,17.5,14.1,5,21.2,55.9,Afternoon,Thu,5,1.94,18.39,20.62
4288,Widget_A,176,Standard,M10,14.5,54.7,1,19.4,30.9,Afternoon,Wed,7,3.51,2.45,2.59
4286,Widget_A,243,Standard,M07,2.1,53.7,1,29.4,37.2,Night,Wed,8,0.48,5.37,4.99
3739,Gadget_Y,58,Standard,M04,2.8,15.6,4,26.6,50.5,Morning,Fri,1,1.17,5.21,5.41
3349,Widget_C,41,Economy,M09,17.2,24.6,5,30.5,35.4,Afternoon,Sat,3,3.04,3.83,3.88
2569,Widget_C,38,Standard,M02,13.8,44.8,5,26.0,56.8,Morning,Wed,4,2.51,2.63,3.2
3428,Widget_B,440,Standard,M05,22.5,13.3,1,28.5,43.1,Night,Thu,4,,21.9,23.4
3738,Widget_A,372,Premium,M04,8.7,8.0,1,25.4,42.5,Morning,Mon,4,0.82,7.32,8.5
4016,Widget_B,253,PREMIUM,M01,9.0,21.8,2,25.6,61.7,Morning,Mon,2,1.1,13.31,14.98
2688,Widget_A,122,STANDARD,M01,8.6,28.6,4,24.6,93.2,Morning,Sat,6,4.65,3.2,2.82
1852,Widget_C,307,Economy,M07,14.8,33.7,5,22.0,,Night,Mon,3,1.34,45.63,41.33
3208,Widget_B,455,Standard,M02,18.3,37.8,3,31.3,62.1,Morning,Fri,2,2.9,17.84,15.86
1896,Gadget_Y,26,Economy,M01,14.3,28.6,1,32.2,69.4,Morning,Sun,3,5.16,1.57,1.76
1497,Gadget_Y,398,PREMIUM,M02,22.0,15.7,2,30.3,,Morning,Wed,3,2.64,13.58,16.16
3306,Widget_A,482,Premium,M08,9.3,31.4,4,26.2,,Morning,Wed,2,0.16,14.84,16.66
2783,Widget_C,437,Premium,M06,8.1,39.1,2,26.1,64.9,Morning,Tue,3,6.28,38.25,47.7
1336,Widget_C,222,Economy,M09,9.6,40.9,3,27.2,76.4,Afternoon,Sat,6,4.9,13.45,15.13
3840,Widget_B,53,Economy,M07,20.2,42.5,1,36.7,,Afternoon,Mon,3,6.47,3.02,2.62
1516,Widget_C,49,Premium,M04,2.3,51.0,4,31.5,45.7,Afternoon,Tue,8,4.48,3.54,3.58
2349,Widget_B,420,Premium,M01,9.2,45.6,4,24.5,54.6,Night,Sun,6,1.83,21.72,25.04
2016,Widget_C,297,Economy,M02,2.0,56.0,1,29.2,79.8,Morning,Wed,3,1.15,14.11,14.05
3817,Gadget_X,96,Standard,M06,21.6,36.4,2,26.0,,Morning,Wed,8,6.03,6.07,5.77
4295,Widget_A,353,Standard,M04,22.8,14.0,3,24.1,88.6,Morning,Mon,3,5.22,7.09,7.83
4365,Gadget_Y,446,Economy,M06,5.4,50.0,3,18.4,33.4,Morning,Wed,3,7.59,39.74,49.64
3810,Widget_B,421,Premium,M03,20.7,49.3,5,28.8,59.2,Night,Mon,1,8.72,35.28,30.52
4098,Widget_A,66,STANDARD,M05,8.1,19.5,3,23.6,,Morning,Thu,5,3.2,2.23,2.49
2782,Gadget_X,54,Standard,M01,12.2,15.8,5,18.0,74.0,Morning,Sat,4,2.26,5.65,5.32
3570,Widget_C,163,Standard,M08,7.0,37.0,4,26.3,33.0,Afternoon,Thu,8,4.05,7.94,8.68
2786,Widget_A,202,Standard,M05,7.3,30.8,2,26.4,51.4,Morning,Fri,6,2.0,5.32,5.69
3071,Widget_A,349,Premium,M10,24.5,53.3,3,19.5,51.6,Afternoon,Fri,5,5.22,6.81,7.51
1357,Gadget_Y,124,Standard,M01,10.4,39.1,5,17.6,47.4,Afternoon,Wed,4,5.03,10.44,10.8
4346,Widget_A,204,Premium,M04,13.0,41.2,4,28.5,18.2,Night,Sat,1,4.31,10.49,9.97
2313,Gadget_Y,450,standard,M08,15.3,50.1,2,24.2,57.3,Afternoon,Fri,7,3.88,15.78,15.15
2636,Gadget_X,1500,Standard,M08,3.9,10.0,5,26.2,54.4,Morning,Mon,8,1.53,30.25,27.11
1551,Gadget_X,99,Standard,M04,20.6,20.9,4,26.4,54.5,Morning,Wed,7,,5.2,5.05
3389,Widget_C,80,Premium,M08,13.1,15.5,3,28.3,43.9,Morning,Mon,3,0.44,5.45,6.13
3480,Widget_B,330,Standard,M03,2.2,18.0,5,26.5,53.9,Morning,Mon,8,4.47,13.47,15.94
3522,Gadget_Y,90,PREMIUM,M07,16.8,7.4,4,16.7,43.1,Morning,Sun,7,0.99,5.68,5.09
3266,Widget_C,262,Standard,M09,18.1,42.8,4,35.0,48.2,Afternoon,Tue,8,1.91,13.26,11.36
3960,Widget_C,371,Premium,M06,3.4,31.7,4,33.6,51.1,Morning,Wed,2,2.92,53.31,55.45
2228,Widget_C,296,Economy,M03,21.4,57.1,4,27.0,76.5,Morning,Tue,7,4.8,12.72,15.48
4140,Widget_C,494,Standard,M03,,43.0,4,31.1,55.8,Morning,Tue,2,4.21,39.87,40.16
1958,Widget_B,150,Standard,M09,,43.6,5,22.9,,Morning,Thu,5,7.08,7.35,9.02
2774,Widget_C,156,Standard,M07,16.1,6.7,2,28.4,,Morning,Thu,4,4.64,11.0,12.33
3142,Widget_A,84,Premium,M01,5.6,44.3,4,31.1,36.7,Night,Sat,1,2.69,5.74,5.8
2009,Gadget_Y,450,Standard,M08,17.3,51.7,1,24.3,68.4,Afternoon,Sun,4,6.59,18.42,15.99
2093,Gadget_Y,234,Standard,M07,5.8,48.4,2,24.2,49.0,Morning,Sun,8,0.99,12.19,12.04
4132,Gadget_Y,25,Economy,M09,12.4,52.3,5,32.5,86.7,Morning,Wed,8,0.08,1.39,1.61
3745,Gadget_Y,365,Premium,M04,14.0,48.4,4,27.9,78.9,Afternoon,Fri,4,5.55,24.0,26.58
1997,Gadget_X,307,Standard,M07,2.8,29.8,5,33.3,55.8,Morning,Sun,3,2.38,57.04,50.55
2680,Gadget_X,336,Economy,M04,3.6,34.2,1,23.4,26.0,Night,Wed,1,0.23,37.11,32.23
1154,Widget_C,327,standard,M09,21.2,40.7,3,34.1,67.0,Night,Thu,5,1.95,19.71,23.39
4266,Gadget_Y,428,premium,M03,5.2,8.5,5,28.6,35.2,Morning,Mon,2,3.24,39.31,37.26
3909,Widget_B,131,Premium,M07,13.4,9.7,2,31.1,63.2,Night,Tue,8,2.05,4.98,4.83
3838,Widget_B,348,Standard,M08,17.4,29.9,2,32.1,48.1,Morning,Sat,1,3.26,17.31,18.95
1581,Widget_A,394,Premium,M04,17.1,14.4,2,26.5,81.9,Morning,Tue,4,8.15,9.29,11.55
2471,Gadget_Y,197,Standard,M07,20.2,15.3,5,28.2,77.6,Morning,Sun,4,4.35,15.89,14.56
1704,Widget_B,255,Standard,M04,9.1,16.9,3,24.5,65.5,Morning,Sun,3,8.83,14.69,12.66
2213,Widget_B,53,Standard,M02,12.6,28.0,5,26.9,39.4,Afternoon,Fri,3,0.56,2.95,3.61
1897,Gadget_Y,72,Premium,M06,10.4,52.9,1,22.6,56.8,Morning,Thu,2,2.09,6.14,6.74
1488,Widget_A,375,Standard,M04,13.2,31.1,5,29.1,67.0,Morning,Mon,2,1.63,15.18,14.07
1560,Widget_B,229,Premium,M06,21.3,11.7,1,29.3,35.0,Night,Wed,5,2.24,8.97,9.98
2142,Gadget_Y,24,Economy,M09,5.6,35.3,2,28.5,67.6,Afternoon,Sun,2,9.65,2.35,2.75
2120,Widget_B,355,Economy,M09,16.9,22.9,5,34.8,67.2,Morning,Wed,3,0.5,17.16,16.82
3850,Widget_A,132,Standard,M01,18.1,5.2,2,31.7,45.0,Morning,Fri,4,4.35,3.37,3.79
1513,Gadget_Y,160,Economy,M09,17.4,27.1,2,30.3,36.2,Night,Tue,7,3.37,6.8,5.97
1634,Widget_B,483,Economy,M01,4.6,47.4,1,29.2,,Afternoon,Thu,6,7.43,19.34,16.53
4024,Widget_A,189,Standard,M08,7.9,46.4,3,29.9,35.3,Morning,Fri,6,1.84,3.27,3.02
2665,Gadget_X,184,Premium,M02,17.1,8.7,4,42.5,36.5,Afternoon,Fri,1,6.2,25.86,29.21
2013,Gadget_Y,348,Standard,M07,14.8,58.1,2,32.0,72.4,Night,Thu,5,1.85,19.57,23.21
2932,Widget_B,491,Standard,M09,23.5,19.0,1,23.9,59.0,Morning,Sat,8,1.53,8.84,7.85
2151,Gadget_Y,403,Premium,M05,11.0,48.7,3,23.0,71.3,Afternoon,Thu,8,3.26,24.82,30.36
3839,Widget_C,171,Economy,M06,2.4,13.6,5,27.9,,Afternoon,Tue,1,,30.14,35.75
4292,Gadget_Y,377,Economy,M03,6.6,45.0,4,32.0,53.8,Night,Tue,3,2.95,30.46,30.38
1117,Gadget_Y,408,Premium,M08,14.8,38.6,3,21.8,51.0,Morning,Sat,3,0.33,22.9,24.85
1741,Widget_A,399,PREMIUM,M09,,24.4,4,25.2,76.3,Night,Thu,1,4.23,18.66,16.81
4241,Widget_C,270,Standard,M04,0.9,45.3,4,37.4,37.6,Morning,Sat,5,1.03,20.85,23.26
2975,Widget_A,390,Economy,M08,18.8,32.2,2,18.1,52.9,Night,Thu,3,0.89,9.39,8.66
2082,Widget_C,39,Standard,M09,2.5,57.3,2,32.8,78.4,Night,Wed,2,5.51,4.89,4.35
2811,Widget_A,108,Premium,M09,11.7,38.0,1,41.5,25.4,Night,Sun,7,8.57,2.13,2.42
1831,Widget_A,343,Standard,M01,8.5,22.1,5,31.1,57.8,Night,Mon,7,5.42,11.23,10.71
1120,Widget_C,472,premium,M01,8.6,24.9,4,30.4,46.8,Afternoon,Tue,5,0.98,33.2,35.25
1657,Widget_A,346,Premium,M01,5.6,43.0,1,21.7,60.3,Morning,Sat,7,1.03,6.13,7.12
4202,Gadget_X,18,Premium,M02,14.3,11.1,2,24.1,44.0,Night,Fri,4,0.45,1.44,1.3
4284,Widget_C,78,Economy,M01,14.9,43.9,4,14.0,78.4,Afternoon,Thu,8,3.95,4.97,4.95
4437,Gadget_Y,72,STANDARD,M07,9.1,6.7,1,23.8,54.1,Afternoon,Mon,4,5.43,3.92,4.54
1636,Gadget_Y,399,Standard,M07,24.0,44.5,2,31.2,41.5,Morning,Wed,6,4.92,17.11,16.32
1370,Widget_B,459,Standard,M10,22.7,17.7,1,31.0,46.9,Afternoon,Tue,2,1.59,14.86,15.47
1269,Gadget_X,22,Standard,M01,24.9,29.0,5,31.3,55.7,Morning,Wed,1,1.65,3.36,3.94
3704,Widget_B,117,Standard,M09,5.2,26.5,3,35.4,77.0,Night,Sat,7,5.48,4.64,4.93
3984,Widget_B,198,Standard,M07,14.9,37.0,5,26.0,55.7,Night,Sat,4,2.74,17.03,17.0
3871,Widget_B,152,PREMIUM,M01,1.1,12.7,4,28.5,65.2,Morning,Sun,8,0.71,6.06,6.35
3915,Widget_B,380,Standard,M01,24.2,31.4,5,22.7,48.9,Morning,Mon,8,5.12,12.48,11.09
1047,Widget_A,359,Economy,M02,7.4,20.2,1,39.8,32.2,Afternoon,Thu,5,5.01,5.97,6.78
4257,Widget_C,107,Premium,M07,22.4,9.6,4,28.9,71.3,Morning,Fri,5,4.38,9.71,11.44
1992,Widget_C,333,Standard,M02,2.4,16.4,1,25.3,52.4,Night,Thu,3,0.17,18.35,21.55
1877,Gadget_X,139,Standard,M05,9.3,30.2,4,30.6,64.8,Morning,Thu,7,6.44,13.73,14.6
1774,Widget_B,346,Standard,M06,14.3,30.4,4,24.9,43.0,Night,Sat,5,4.3,23.07,26.62
2220,Widget_B,113,Premium,M03,7.6,27.4,5,29.1,50.5,Afternoon,Thu,4,7.59,7.5,8.43
2127,Gadget_Y,48,Standard,M02,,38.2,2,19.0,42.8,Night,Wed,2,7.68,3.73,3.19
1005,Widget_A,128,Standard,M05,12.9,11.6,3,24.1,66.7,Night,Tue,8,1.36,2.76,3.2
2596,Widget_C,77,Premium,M07,18.3,22.6,2,31.9,65.0,Morning,Sun,7,1.9,4.15,5.03
3312,Gadget_X,316,Standard,M08,5.1,28.1,3,24.6,43.8,Afternoon,Sat,3,4.51,30.3,34.76
4041,Widget_A,464,Standard,M03,19.6,45.3,4,25.3,45.1,Morning,Mon,1,0.23,14.95,18.32
4369,Widget_A,165,Economy,M06,13.9,27.3,4,33.4,80.3,Afternoon,Sun,7,3.98,4.09,4.35
3492,Gadget_X,345,Premium,M09,12.6,29.5,3,24.0,72.5,Night,Wed,5,0.46,31.08,26.83
4051,Widget_B,93,Premium,M10,17.1,36.1,1,34.2,51.9,Afternoon,Mon,1,0.02,4.72,4.79
2078,Widget_A,153,Economy,M10,22.9,7.2,3,26.2,50.5,Afternoon,Thu,6,4.21,2.81,2.59
1838,Gadget_Y,468,Standard,M10,13.9,55.6,5,30.0,43.9,Afternoon,Fri,7,3.85,22.27,24.89
1682,Widget_B,137,Premium,M06,22.7,20.3,3,22.2,75.8,Night,Sat,5,,6.49,6.26
2716,Widget_A,27,Standard,M07,21.4,43.2,3,33.7,42.5,Morning,Fri,8,,0.78,0.74
3353,Widget_B,114,Standard,M09,14.6,26.3,4,33.0,73.5,Afternoon,Sat,4,0.01,5.22,6.02
3618,Gadget_X,41,Standard,M04,7.8,31.6,4,25.7,79.2,Night,Sun,7,3.0,4.08,4.81
3362,Gadget_Y,379,premium,M10,7.5,33.6,4,38.1,73.3,Afternoon,Fri,5,,22.5,20.71
3198,Gadget_Y,392,Standard,M03,11.1,19.5,2,38.8,27.2,Night,Sun,7,5.01,17.58,16.14
2149,Gadget_Y,289,Premium,M07,17.4,49.2,3,31.5,41.3,Morning,Tue,7,1.32,14.01,13.96
1575,Widget_C,394,Standard,M04,15.7,6.9,4,27.9,83.0,Afternoon,Mon,2,2.29,36.26,41.88
1051,Widget_B,48,Standard,M10,2.9,47.3,3,41.3,65.5,Night,Sat,7,,2.12,2.12
1854,Widget_B,63,Economy,M03,13.1,9.1,5,23.2,,Morning,Tue,3,1.82,3.21,3.36
2983,Widget_C,118,Standard,M03,3.3,11.6,1,35.6,70.4,Morning,Fri,6,4.12,5.99,6.17
3775,Gadget_Y,343,Standard,M05,3.2,21.3,5,29.1,38.5,Night,Sun,5,0.18,28.89,30.71
2824,Gadget_X,37,Economy,M07,1.2,43.4,2,30.6,70.1,Night,Sun,7,0.46,4.34,4.14
1834,Gadget_Y,57,economy,M10,5.7,37.1,1,34.1,75.9,Morning,Sun,5,3.03,2.82,2.84
2116,Widget_C,2000,Standard,M03,20.1,45.3,3,25.0,,Night,Sun,6,4.77,1.45,1.77
2167,Gadget_X,31,Standard,M05,19.2,13.9,2,25.5,85.1,Afternoon,Wed,2,2.96,3.46,3.76
3519,Widget_A,19,standard,M05,21.1,59.4,1,27.8,29.9,Afternoon,Mon,4,2.16,0.93,0.84
2907,Gadget_Y,84,Premium,M07,16.7,16.4,2,21.7,49.9,Night,Mon,6,3.29,4.68,4.94
1972,Gadget_X,47,PREMIUM,M03,19.5,44.8,2,30.2,51.7,Afternoon,Wed,1,1.46,4.86,5.45
3702,Widget_C,56,Standard,M09,12.6,16.3,3,28.7,54.6,Night,Mon,8,2.21,2.76,2.57
1400,Widget_A,394,Standard,M02,19.8,35.1,3,35.2,66.8,Morning,Mon,2,5.08,7.65,8.48
3560,Gadget_Y,64,PREMIUM,M03,15.6,57.4,5,28.3,66.8,Morning,Sat,7,4.09,3.44,3.95
3369,Widget_B,27,Economy,M01,1.0,37.0,4,29.0,64.9,Night,Tue,6,1.69,2.0,2.26
1020,Widget_A,299,Economy,M02,4.6,27.4,3,23.5,88.7,Morning,Wed,7,,5.56,5.82
1685,Widget_A,377,Standard,M08,22.2,40.8,5,21.3,27.4,Morning,Sat,7,2.9,6.48,8.0
1036,Gadget_X,81,Standard,M07,24.8,49.3,1,23.1,43.1,Night,Tue,8,5.52,4.45,4.64
3951,Widget_A,318,Economy,M04,21.6,47.2,2,26.3,68.4,Afternoon,Sun,8,2.13,5.48,5.25
4319,Widget_A,391,Standard,M01,8.6,57.3,2,26.3,65.0,Afternoon,Fri,7,9.3,9.24,8.04
3876,Gadget_Y,32,Standard,M10,2.0,34.5,3,32.3,78.7,Afternoon,Fri,8,2.84,1.67,1.64
1525,Gadget_X,14,Standard,M10,23.7,37.8,5,37.2,44.8,Morning,Thu,2,2.98,1.89,2.08
3456,Widget_A,303,Economy,M05,8.3,32.4,1,27.6,72.7,Morning,Fri,3,7.45,9.25,11.08
1921,Widget_A,133,Standard,M08,19.7,59.3,4,23.4,,Morning,Tue,4,0.21,2.94,3.08
2842,Gadget_Y,124,Premium,M05,5.2,22.5,2,27.9,68.4,Afternoon,Sat,5,8.48,7.44,8.78
2891,Widget_C,255,Standard,M04,2.0,38.6,2,28.7,55.2,Morning,Thu,4,5.55,17.64,17.39
1538,Gadget_X,68,Premium,M01,5.0,25.6,2,29.1,60.1,Night,Sat,6,2.67,6.18,5.66
3807,Widget_C,245,Premium,M04,11.7,46.6,3,25.6,60.3,Night,Mon,7,6.15,15.05,16.23
2706,Gadget_Y,343,Standard,M03,20.3,8.9,1,29.8,52.7,Afternoon,Sun,1,6.32,21.67,19.02
4436,Widget_C,180,Standard,M07,17.2,37.6,1,30.6,71.0,Afternoon,Fri,8,0.33,7.72,6.65
1246,Widget_C,118,Economy,M06,12.0,44.2,4,27.4,36.4,Morning,Sun,4,5.59,11.62,12.65
1785,Widget_A,159,Premium,M02,,21.0,5,26.4,26.6,Night,Fri,2,0.86,5.33,5.15
2410,Gadget_Y,498,Standard,M09,20.9,51.7,4,19.2,59.1,Night,Thu,4,8.57,34.86,34.65
3538,Widget_B,54,Standard,M02,5.8,26.0,4,23.4,45.2,Night,Wed,8,9.62,2.48,2.98
1155,Widget_A,497,Standard,M01,16.9,26.6,1,23.2,58.9,Morning,Fri,3,2.85,12.63,11.65
4010,Gadget_X,298,Premium,M05,12.6,44.1,5,29.0,32.5,Morning,Tue,7,3.28,26.26,28.98
2687,Widget_A,417,Standard,M05,9.0,57.3,4,25.0,70.0,Night,Fri,7,0.51,13.83,15.17
3902,Widget_A,303,Premium,M02,8.7,35.4,4,31.7,47.6,Night,Tue,8,6.08,6.92,7.2
1626,Widget_B,67,economy,M01,11.2,41.7,5,32.0,56.8,Night,Wed,5,4.5,5.16,5.4
3734,Widget_A,186,standard,M10,23.5,26.8,5,17.8,62.2,Afternoon,Sat,3,2.35,5.58,5.83
4373,Widget_A,472,Standard,M07,19.4,18.0,2,30.9,58.6,Afternoon,Fri,8,4.89,10.14,11.32
2347,Gadget_Y,163,Premium,M01,21.3,5.1,5,26.4,,Afternoon,Sat,4,1.63,10.73,11.74
1570,Widget_B,256,Premium,M10,23.4,57.2,3,23.2,70.6,Night,Tue,6,2.41,9.85,9.57
4438,Gadget_X,156,Standard,M05,6.0,20.3,1,27.9,56.8,Night,Tue,3,1.23,20.66,21.64
2759,Widget_B,376,Standard,M09,14.0,37.1,2,28.1,70.7,Morning,Thu,2,4.64,18.3,18.47
2817,Widget_A,303,Standard,M06,15.7,33.8,5,24.3,57.7,Afternoon,Fri,7,1.59,7.66,7.55
3066,Gadget_Y,195,Economy,M08,11.0,35.1,3,27.0,72.8,Afternoon,Mon,2,7.34,17.23,19.49
1128,Gadget_X,157,Economy,M07,,22.5,2,22.3,48.9,Morning,Sun,1,3.74,23.49,22.14
4491,Widget_B,49,Standard,M04,5.6,13.4,5,34.8,29.9,Morning,Tue,6,3.17,2.56,3.07
3007,Widget_B,198,Premium,M07,9.8,56.3,2,24.6,53.0,Night,Tue,4,4.96,11.71,12.68
3976,Gadget_Y,352,Standard,M05,21.0,53.9,5,26.1,73.8,Afternoon,Fri,5,2.44,26.07,22.39
1981,Gadget_X,397,standard,M06,14.6,18.7,1,23.9,59.8,Morning,Tue,5,1.42,25.61,23.31
4487,Gadget_Y,435,Premium,M10,9.2,31.7,3,27.7,58.4,Night,Sat,1,0.65,40.45,46.63
1191,Widget_C,431,economy,M10,6.5,23.8,2,25.9,57.3,Afternoon,Sat,6,0.74,21.07,18.34
2140,Gadget_Y,203,Economy,M09,18.4,33.8,2,28.3,35.2,Night,Thu,5,2.58,10.17,11.09
1993,Gadget_Y,486,Standard,M07,7.5,13.7,1,23.8,39.1,Night,Tue,5,5.55,29.74,29.45
1700,Gadget_X,246,Standard,M06,10.5,24.1,4,26.2,71.0,Morning,Tue,7,1.95,21.56,25.81
1607,Widget_A,271,Standard,M06,3.8,42.3,1,33.0,60.2,Afternoon,Thu,7,,5.38,5.94
1181,Widget_A,231,Economy,M03,19.4,26.0,3,23.9,63.0,Morning,Thu,8,2.13,3.36,3.91
1302,Widget_A,376,PREMIUM,M05,22.3,54.4,1,25.1,55.1,Morning,Sun,5,3.64,7.46,8.54
3545,Widget_A,344,Premium,M09,24.5,18.9,4,24.9,43.0,Afternoon,Tue,3,0.64,10.18,9.31
4258,Widget_C,429,Premium,M03,5.1,7.2,3,23.7,43.0,Afternoon,Tue,4,1.16,32.9,33.87
2061,Widget_B,117,Premium,M10,10.1,13.2,4,26.1,43.9,Morning,Tue,7,3.42,4.4,3.84
4307,Widget_C,141,Premium,M04,18.3,55.4,4,28.1,46.6,Morning,Tue,1,4.88,14.22,15.06
4375,Widget_A,46,Premium,M08,24.8,49.0,2,26.9,30.4,Morning,Sat,6,2.27,0.79,0.71
3566,Widget_C,128,Standard,M03,24.4,26.9,5,24.0,61.1,Afternoon,Thu,1,5.57,13.76,16.16
2070,Gadget_Y,21,Economy,M01,12.2,19.5,1,33.5,52.0,Morning,Fri,2,8.62,1.4,1.61
3525,Gadget_X,335,premium,M02,10.0,10.3,3,31.4,48.3,Morning,Fri,4,4.51,25.34,21.55
3206,Widget_B,381,Standard,M04,9.8,16.8,5,21.3,48.4,Night,Mon,3,3.14,31.52,39.29
2244,Widget_A,210,Premium,M01,12.8,11.7,2,22.0,62.3,Afternoon,Tue,7,3.02,3.9,4.34
1017,Widget_A,80,Standard,M05,19.2,45.9,5,33.4,65.0,Morning,Thu,6,6.69,2.63,3.13
4121,Gadget_Y,494,Premium,M08,19.2,28.6,2,28.2,42.8,Night,Sun,5,0.38,17.66,18.9
4494,Widget_A,136,Standard,M10,12.7,51.7,1,30.4,64.1,Morning,Tue,7,8.51,2.32,2.34
1547,Widget_A,485,Standard,M04,11.2,59.2,2,23.1,62.0,Afternoon,Fri,7,3.35,8.31,7.49
1659,Widget_A,412,Standard,M09,17.7,38.8,4,23.6,65.9,Afternoon,Tue,7,5.66,8.18,7.23
4168,Gadget_Y,20,Standard,M03,6.1,9.7,1,23.7,39.8,Morning,Sun,2,2.91,1.44,1.56
4068,Widget_A,186,Economy,M09,16.9,15.6,3,30.9,45.6,Night,Sat,4,4.65,3.99,4.4
4208,Widget_A,293,Economy,M05,17.2,11.6,2,22.6,62.5,Morning,Tue,2,6.87,11.34,10.45
2505,Widget_A,260,Standard,M05,8.9,14.2,2,16.1,46.3,Afternoon,Mon,7,2.3,5.32,4.58
1960,Widget_C,327,Standard,M07,12.1,20.8,5,24.7,73.1,Night,Sat,3,2.62,45.96,43.57
3927,Gadget_X,141,Premium,M06,9.0,55.6,5,25.8,62.2,Morning,Tue,8,7.1,13.36,14.71
3332,Widget_A,260,Premium,M04,17.3,59.1,5,32.8,40.0,Morning,Wed,5,7.93,7.17,8.92
1798,Gadget_Y,234,Standard,M08,8.3,19.1,4,24.8,62.4,Afternoon,Tue,3,,17.14,15.48
1226,Gadget_X,22,standard,M10,12.2,36.5,4,20.6,69.4,Afternoon,Wed,6,6.04,2.33,2.77
3075,Widget_C,223,Premium,M04,22.4,12.5,4,31.1,68.8,Afternoon,Wed,5,0.77,13.8,12.1
2800,Widget_A,196,Standard,M05,12.5,15.7,1,30.5,57.6,Afternoon,Tue,2,1.48,6.23,7.6
3486,Widget_C,25,Economy,M04,13.1,56.0,3,28.3,75.3,Morning,Sun,8,1.03,1.4,1.31
4473,Widget_B,14,standard,M03,11.4,36.3,1,22.6,,Afternoon,Mon,1,5.96,1.32,1.65
3278,Widget_B,65,Standard,M08,13.4,12.8,1,30.6,44.5,Night,Mon,7,2.97,1.73,1.84
3086,Gadget_X,333,Standard,M04,,51.3,5,21.6,54.7,Morning,Mon,7,3.95,29.27,35.47
2694,Widget_C,119,standard,M04,17.1,20.5,1,31.4,39.4,Afternoon,Fri,8,4.55,4.39,3.88
3798,Widget_A,149,Standard,M06,1.6,8.2,3,32.7,69.5,Afternoon,Sat,1,4.11,8.24,8.61
2046,Widget_B,218,Economy,M09,22.2,48.5,1,28.9,58.4,Morning,Fri,1,0.06,9.64,10.9
1470,Widget_C,75,Standard,M03,21.3,12.2,5,22.0,,Morning,Wed,3,2.54,6.07,5.99
1955,Widget_B,284,Economy,M05,10.1,52.8,5,24.1,47.0,Morning,Sat,7,0.6,10.82,12.23
4490,Gadget_X,242,standard,M01,23.8,48.8,3,22.7,48.4,Morning,Tue,1,7.61,30.78,27.99
3736,Gadget_X,328,Standard,M02,4.7,10.7,4,33.7,82.2,Night,Thu,8,3.03,24.61,26.64
2904,Widget_B,47,Standard,M07,7.1,25.9,4,28.9,53.6,Afternoon,Fri,7,4.53,3.14,3.16
1640,Widget_C,251,Standard,M05,20.5,17.8,5,26.7,62.7,Afternoon,Tue,7,1.86,15.86,19.43
4261,Widget_B,18,Standard,M08,14.9,42.8,5,11.1,39.7,Morning,Thu,7,2.41,0.77,0.83
2219,Gadget_Y,352,Standard,M09,14.4,55.4,4,28.7,49.9,Morning,Sun,4,0.55,18.44,22.06
2159,Widget_A,137,Premium,M09,18.9,10.4,3,29.4,86.7,Morning,Sat,3,1.44,2.98,3.24
2416,Gadget_Y,376,premium,M02,8.6,43.2,3,28.6,43.7,Afternoon,Mon,2,3.62,27.51,27.62
4179,Gadget_Y,496,Standard,M05,22.7,26.7,3,31.2,48.4,Morning,Wed,1,2.27,44.96,53.87
2528,Gadget_X,27,Premium,M03,20.2,33.7,2,25.2,59.6,Afternoon,Tue,6,5.46,1.78,1.56
4426,Widget_B,154,standard,M03,14.7,47.1,5,26.8,67.3,Afternoon,Fri,3,4.28,9.08,10.92
2301,Widget_A,82,Premium,M01,2.1,55.9,5,33.2,47.3,Afternoon,Sat,4,6.44,4.29,4.7
4362,Widget_C,195,Standard,M01,10.2,58.2,2,30.8,38.7,Morning,Wed,4,6.02,15.2,15.11
3849,Widget_A,189,Standard,M10,22.8,14.4,3,27.9,48.9,Morning,Wed,6,6.99,3.09,3.86
2604,Widget_B,31,Standard,M07,13.5,59.7,4,35.2,43.0,Afternoon,Sat,1,2.96,4.36,5.0
1161,Gadget_X,476,Premium,M07,17.0,58.0,1,26.5,36.8,Afternoon,Fri,8,3.69,25.58,30.12
2705,Widget_A,377,Standard,M04,1.9,54.7,5,29.8,55.3,Morning,Sun,5,8.04,14.61,13.5
1957,Gadget_X,43,Economy,M10,,23.0,3,26.1,46.2,Afternoon,Wed,7,4.2,2.86,3.32
3870,Widget_A,20,Standard,M06,24.0,24.6,3,23.6,73.8,Night,Mon,6,0.62,0.71,0.79
4419,Gadget_Y,240,Premium,M05,1.3,35.6,5,34.1,43.7,Afternoon,Thu,4,4.87,24.93,29.04
1878,Widget_A,483,Standard,M02,24.7,27.7,5,33.3,54.8,Morning,Wed,6,,7.94,7.14
2920,Widget_A,381,Economy,M09,15.2,6.2,2,30.8,73.6,Morning,Tue,2,5.05,10.36,9.55
3962,Widget_A,262,Standard,M05,5.1,22.3,5,32.4,51.7,Morning,Mon,6,1.96,8.53,10.33
2885,Widget_C,310,premium,M10,24.9,46.6,2,27.2,,Afternoon,Tue,7,1.49,11.88,10.77
3201,Gadget_X,441,Standard,M10,19.0,18.5,2,29.0,78.9,Afternoon,Tue,2,3.5,40.73,34.87
1099,Widget_A,488,Premium,M05,7.2,57.9,4,33.3,51.6,Morning,Mon,2,2.52,23.56,27.3
4317,Gadget_Y,241,Premium,M09,10.8,46.3,3,32.0,52.4,Night,Sat,2,2.65,21.95,25.19
3558,Widget_B,326,Standard,M05,2.7,36.2,3,27.6,,Night,Wed,3,1.02,23.3,26.25
4184,Widget_B,153,PREMIUM,M04,20.7,23.6,3,21.2,52.7,Morning,Sun,1,2.93,9.66,11.27
1254,Widget_C,196,Standard,M09,9.1,33.7,1,23.0,34.9,Morning,Sun,3,8.17,11.81,11.13
1104,Gadget_Y,190,Premium,M10,19.3,27.9,5,20.2,79.3,Night,Wed,6,1.73,11.13,13.35
2446,Gadget_Y,255,Standard,M07,22.1,17.3,5,27.4,38.2,Night,Tue,4,2.88,19.62,17.72
2444,Widget_C,190,Standard,M08,5.2,50.6,3,31.2,55.1,Afternoon,Sat,5,0.3,11.25,13.0
2649,Widget_B,357,Standard,M06,18.1,38.1,5,23.6,,Night,Sat,8,0.25,16.93,20.87
1587,Gadget_X,435,Standard,M04,8.7,34.6,5,26.5,50.3,Morning,Mon,3,7.41,62.37,71.88
1628,Widget_A,416,standard,M05,11.4,54.3,1,26.3,46.1,Afternoon,Wed,2,4.28,14.06,16.32
2697,Widget_C,378,Standard,M05,5.0,52.9,3,36.9,43.0,Night,Sun,4,9.0,45.82,46.98
4192,Widget_C,318,PREMIUM,M07,7.8,22.3,4,20.5,71.1,Morning,Sat,3,2.67,33.78,36.77
3102,Widget_A,153,Standard,M01,4.1,35.6,3,29.3,62.9,Night,Mon,4,4.06,5.48,6.48
3200,Gadget_Y,236,standard,M03,3.0,14.8,1,32.0,79.6,Afternoon,Tue,8,2.73,8.01,9.65
1404,Widget_C,305,Premium,M03,16.2,43.4,3,26.7,,Afternoon,Sun,2,0.02,23.18,22.76
2155,Widget_A,155,Economy,M08,4.5,45.5,2,21.5,68.9,Morning,Fri,4,6.52,4.24,4.58
3256,Widget_C,245,Premium,M02,18.2,32.2,1,26.9,27.4,Night,Mon,3,1.02,11.7,10.12
3864,Widget_B,116,Standard,M05,8.6,33.1,1,21.3,35.4,Morning,Mon,3,4.51,6.16,5.29
2683,Widget_B,111,Premium,M04,17.2,27.5,1,26.6,48.8,Morning,Tue,7,4.78,2.33,2.19
4171,Widget_A,454,Standard,M02,3.7,33.3,5,24.7,74.8,Afternoon,Sat,3,1.93,16.47,17.26
3057,Widget_A,162,standard,M04,14.5,21.3,2,29.2,52.3,Afternoon,Thu,1,4.23,5.1,4.73
4063,Widget_B,181,Premium,M08,4.7,12.1,4,22.4,38.0,Afternoon,Wed,8,4.33,5.91,6.11
4337,Widget_B,470,Standard,M02,9.0,47.0,5,33.1,48.5,Morning,Thu,5,0.52,16.72,19.91
4109,Widget_A,113,economy,M03,23.1,46.0,2,33.2,61.8,Morning,Mon,2,5.57,2.3,2.27
1453,Gadget_X,291,Standard,M01,18.8,38.5,4,17.2,60.0,Night,Fri,2,4.74,43.35,44.82
3302,Gadget_Y,359,Economy,M07,23.0,57.6,4,18.7,67.8,Afternoon,Thu,3,0.57,28.2,24.55
2328,Gadget_X,124,Standard,M03,3.8,52.1,2,36.3,61.7,Morning,Sun,5,3.54,9.41,9.33
3945,Gadget_Y,338,Premium,M10,3.2,32.4,4,23.1,71.2,Afternoon,Sun,7,5.79,18.63,16.36
3050,Widget_C,296,PREMIUM,M03,0.5,15.8,3,35.7,45.2,Morning,Sun,4,0.43,21.82,23.73
1881,Gadget_X,292,Standard,M04,21.9,39.2,1,23.0,67.1,Afternoon,Sun,1,0.12,29.95,25.88
4422,Gadget_Y,39,STANDARD,M01,4.2,18.4,3,29.4,43.5,Afternoon,Tue,1,7.64,4.72,4.23
1624,Widget_C,206,Premium,M08,16.0,24.2,2,28.6,50.0,Afternoon,Fri,6,0.67,9.34,8.76
3394,Widget_B,305,Standard,M07,12.5,44.2,1,33.3,51.5,Morning,Sat,2,0.26,17.9,21.43
4252,Widget_C,497,Standard,M05,5.5,32.5,5,27.6,67.8,Night,Sun,6,4.67,56.51,59.45
2788,Widget_A,436,Premium,M10,9.9,32.9,4,26.4,54.8,Morning,Wed,4,3.58,13.65,14.44
1263,Gadget_Y,11,Standard,M10,17.5,16.9,1,24.9,58.3,Night,Mon,3,7.58,0.73,0.67
2635,Widget_A,489,Economy,M04,24.2,44.1,4,28.6,58.8,Night,Sat,5,5.06,13.42,12.39
2439,Gadget_Y,226,Standard,M08,24.5,21.6,2,23.5,54.7,Afternoon,Mon,4,4.25,8.99,8.21
3199,Widget_B,218,Standard,M05,3.3,46.2,3,26.8,57.8,Night,Wed,4,5.82,16.81,16.85
2970,Gadget_Y,253,Standard,M07,14.7,7.1,4,14.0,57.3,Afternoon,Fri,3,1.7,20.53,19.8
3521,Gadget_X,134,economy,M04,16.9,27.0,1,36.2,49.1,Morning,Sat,2,2.68,10.3,10.75
2803,Widget_B,37,Standard,M10,10.2,12.7,3,29.8,53.6,Morning,Fri,1,2.38,2.61,2.87
1641,Widget_A,155,Economy,M08,15.6,35.9,2,20.2,72.9,Afternoon,Wed,1,4.68,4.82,5.73
4293,Widget_C,260,Standard,M09,13.6,23.5,5,25.8,53.3,Afternoon,Sun,6,10.16,20.3,24.76
3386,Widget_B,323,Economy,M04,15.0,23.4,2,24.1,32.0,Morning,Thu,8,1.35,6.99,6.45
3599,Gadget_X,99,standard,M06,14.8,33.0,1,29.9,75.1,Night,Fri,6,3.29,5.99,5.66
4320,Gadget_X,488,Standard,M02,3.8,43.7,2,34.9,47.1,Morning,Sat,5,6.43,35.68,37.42
2960,Widget_A,131,Standard,M08,15.3,40.5,1,31.8,81.8,Afternoon,Sat,6,1.85,2.07,2.25
3977,Widget_A,144,Standard,M02,5.9,55.2,5,23.1,44.3,Night,Sun,4,5.77,6.25,7.22
1489,Gadget_Y,445,Economy,M07,6.0,44.5,4,31.2,48.9,Morning,Tue,8,2.66,25.56,23.01
2844,Gadget_Y,352,Standard,M05,,15.8,1,15.8,72.2,Afternoon,Thu,8,2.17,15.84,19.21
2735,Widget_B,489,Standard,M05,19.8,36.2,2,24.2,65.4,Morning,Tue,2,1.08,23.99,25.39
3912,Gadget_X,460,Standard,M08,4.8,49.2,3,28.0,37.0,Afternoon,Fri,7,1.21,27.57,27.45
4220,Widget_A,67,Standard,M01,5.6,57.1,5,39.2,77.3,Night,Thu,3,1.13,4.34,3.8
1147,Gadget_X,409,Premium,M10,17.9,34.7,3,26.8,58.5,Afternoon,Sat,7,3.25,21.52,26.39
2535,Gadget_Y,392,Standard,M03,20.9,43.6,3,21.3,71.6,Morning,Tue,8,3.65,11.34,10.28
2987,Gadget_Y,218,economy,M04,21.9,14.2,4,24.5,58.1,Night,Wed,5,1.65,11.61,10.61
2370,Widget_C,440,Premium,M08,20.6,55.8,1,27.3,76.0,Morning,Wed,8,0.37,12.23,12.67
3451,Gadget_Y,121,Economy,M10,3.2,56.2,5,26.5,88.0,Morning,Mon,6,0.96,6.17,7.15
4442,Gadget_X,150,Standard,M04,4.6,44.4,1,30.9,72.7,Afternoon,Sun,3,3.64,14.17,16.07
4003,Widget_B,257,Premium,M06,18.9,10.2,5,28.7,59.6,Morning,Tue,6,0.57,10.49,10.15
3812,Widget_A,493,Standard,M07,4.6,12.4,4,32.7,,Night,Mon,5,3.15,18.78,22.47
1660,Widget_B,413,Premium,M07,12.7,52.9,3,34.9,47.9,Night,Fri,5,1.56,28.21,24.19
2795,Widget_B,85,Standard,M09,22.6,20.6,3,28.7,53.0,Afternoon,Thu,3,0.15,3.49,3.2
3512,Widget_A,215,Standard,M08,11.9,8.4,1,34.1,72.8,Morning,Tue,8,6.43,2.66,2.98
1187,Gadget_X,235,Standard,M05,5.1,53.7,3,27.6,39.2,Afternoon,Tue,1,1.26,38.27,42.82
2148,Gadget_Y,368,Standard,M08,10.0,39.8,4,39.9,51.4,Morning,Tue,7,5.4,14.69,15.77
1609,Gadget_Y,375,economy,M06,13.0,13.0,2,24.4,67.5,Morning,Sun,5,4.68,23.34,26.23
3192,Widget_A,187,Premium,M05,22.3,24.4,2,24.8,,Morning,Sat,5,2.73,3.92,3.86
3800,Gadget_X,53,Premium,M01,11.1,47.2,5,24.7,41.4,Morning,Mon,4,1.96,6.87,6.94
2931,Widget_A,135,Premium,M06,6.7,18.1,3,48.7,43.8,Night,Mon,3,5.26,6.29,7.05
4030,Widget_C,340,Standard,M07,5.5,58.2,2,28.6,43.2,Afternoon,Sun,8,3.47,22.86,26.05
1198,Gadget_X,215,Standard,M01,18.6,22.9,5,36.8,62.7,Night,Sun,7,2.49,20.77,22.27
3932,Widget_C,21,Standard,M05,,47.2,1,28.5,57.4,Morning,Mon,3,2.21,2.24,2.04
3328,Widget_B,171,Premium,M05,11.4,44.1,4,26.0,71.4,Morning,Fri,2,5.11,15.25,16.66
1294,Widget_C,393,Economy,M01,18.7,7.3,1,19.2,48.6,Night,Thu,7,,19.52,18.24
1767,Widget_A,148,Standard,M04,13.7,32.0,2,32.4,43.3,Morning,Thu,7,4.78,2.64,2.46
1401,Widget_B,435,Premium,M03,18.9,55.6,5,24.6,72.5,Morning,Sun,1,2.92,26.47,24.53
1123,Widget_A,22,Premium,M09,13.2,12.1,4,37.1,66.6,Afternoon,Fri,6,2.33,0.53,0.66
4256,Widget_A,469,Premium,M02,12.3,43.3,4,35.5,69.8,Morning,Sun,1,2.44,14.64,13.31
1203,Gadget_X,265,Standard,M05,2.9,23.6,2,30.0,35.5,Night,Mon,3,9.24,48.01,44.72
1836,Widget_B,275,Economy,M06,,6.9,2,22.7,76.3,Afternoon,Tue,3,2.63,12.39,13.27
3295,Gadget_Y,345,Economy,M07,5.7,20.3,2,26.0,80.7,Afternoon,Fri,8,2.65,15.65,18.02
2440,Gadget_X,444,Economy,M09,7.1,44.8,5,35.6,75.5,Morning,Fri,4,5.77,49.71,59.85
2734,Widget_A,241,Premium,M06,13.7,19.8,5,27.5,56.6,Morning,Sun,6,4.21,7.68,9.05
2696,Widget_A,449,Economy,M05,1.4,47.5,1,21.5,,Afternoon,Fri,3,1.89,17.47,16.51
4433,Widget_A,454,Standard,M03,9.7,33.9,5,27.2,57.6,Afternoon,Sun,4,1.98,15.28,15.73
2708,Gadget_X,429,Premium,M05,20.7,9.5,2,31.2,68.8,Afternoon,Sun,2,3.59,47.96,48.69
4417,Widget_C,101,Standard,M01,18.7,24.3,1,23.9,50.4,Afternoon,Fri,2,1.31,6.77,7.56
2154,Gadget_X,366,Standard,M03,24.4,49.9,1,29.3,60.7,Night,Wed,4,6.67,22.0,26.01
2662,Gadget_Y,17,Standard,M06,8.2,22.1,1,24.3,77.2,Afternoon,Wed,1,0.76,2.0,1.72
3433,Gadget_X,194,Premium,M10,13.4,54.8,2,21.9,39.7,Night,Wed,1,5.06,26.01,22.87
2760,Widget_B,347,Economy,M04,19.4,38.4,4,23.4,46.7,Morning,Wed,2,6.75,20.43,23.81
1855,Widget_B,340,Premium,M04,17.6,33.2,5,24.1,42.5,Afternoon,Mon,3,,19.58,17.92
2590,Gadget_Y,426,premium,M02,14.5,31.2,3,20.1,67.6,Night,Wed,5,4.65,18.38,20.09
3268,Widget_C,47,Standard,M05,,32.4,4,24.1,60.3,Afternoon,Tue,8,1.65,3.57,4.07
1642,Widget_C,397,Economy,M08,,56.8,1,34.3,,Morning,Fri,4,2.92,15.75,15.9
1002,Gadget_Y,389,Standard,M02,21.0,56.4,2,25.3,73.1,Afternoon,Sat,4,3.12,14.39,15.0
3161,Gadget_X,68,Standard,M08,18.8,49.8,4,27.5,50.2,Night,Thu,2,9.79,9.74,10.85
1699,Widget_B,361,Premium,M07,20.9,39.8,3,27.1,50.3,Afternoon,Thu,2,1.74,22.98,20.57
4443,Gadget_X,343,Economy,M08,22.1,41.1,4,24.1,47.5,Afternoon,Wed,8,6.83,17.72,20.57
4000,Widget_A,129,Premium,M06,21.7,8.5,1,24.5,84.6,Afternoon,Fri,5,4.0,2.99,2.96
2637,Widget_A,339,Premium,M08,10.8,58.4,2,24.5,73.1,Morning,Tue,6,1.13,5.25,5.28
4185,Widget_B,487,Economy,M02,20.5,19.1,1,23.4,67.8,Morning,Wed,2,3.4,15.56,18.3
2292,Gadget_Y,197,Premium,M06,8.5,51.5,2,44.3,76.8,Afternoon,Thu,7,4.18,10.24,10.5
4350,Gadget_X,123,Economy,M10,8.2,21.5,4,31.6,70.4,Afternoon,Wed,8,1.4,8.33,7.83
3490,Widget_B,177,Standard,M04,11.7,57.3,1,28.8,45.3,Afternoon,Thu,8,0.89,4.04,4.2
2521,Widget_B,287,Economy,M08,7.0,29.9,5,27.8,,Afternoon,Thu,1,12.56,30.46,33.88
2854,Widget_C,234,Economy,M05,11.4,53.3,4,19.3,44.1,Afternoon,Mon,4,1.24,24.93,30.53
2137,Gadget_X,168,Economy,M01,8.9,19.9,2,29.5,50.5,Afternoon,Mon,7,4.9,12.35,13.32
4401,Widget_B,51,Standard,M09,1.9,59.2,3,33.3,52.9,Afternoon,Thu,4,1.84,2.74,3.02
2632,Gadget_Y,206,Premium,M07,24.7,36.8,5,27.2,61.5,Morning,Fri,2,,20.71,19.21
2999,Widget_A,120,Standard,M09,14.6,43.4,2,30.2,52.5,Afternoon,Thu,5,5.57,2.96,3.31
1664,Widget_C,131,Premium,M10,8.1,39.1,1,19.6,58.7,Morning,Fri,5,5.09,6.25,7.16
1684,Widget_A,430,Premium,M04,24.2,25.0,5,26.8,51.0,Morning,Wed,7,0.41,7.06,6.96
2258,Widget_C,221,Premium,M03,10.9,11.8,2,29.5,32.9,Morning,Tue,6,4.64,10.69,9.11
4314,Widget_C,395,Standard,M02,1.4,6.5,3,37.0,79.9,Afternoon,Thu,6,2.63,22.59,22.76
1318,Widget_C,81,Premium,M09,21.2,54.2,1,21.2,77.8,Night,Sat,6,9.08,4.54,4.73
1649,Widget_C,393,Premium,M08,15.1,22.9,5,35.7,66.8,Night,Mon,8,3.56,22.78,20.48
2435,Gadget_Y,102,Economy,M10,,57.4,5,29.1,,Night,Tue,8,,5.68,5.15
2480,Widget_B,80,Standard,M01,5.3,36.4,3,30.8,63.1,Afternoon,Thu,4,1.54,4.74,4.9
1710,Gadget_X,210,Standard,M02,3.4,6.8,5,20.6,70.2,Morning,Sat,2,1.18,28.58,31.64
2283,Widget_C,422,Standard,M05,17.2,46.2,1,31.1,87.9,Night,Thu,6,0.71,21.63,25.59
2769,Widget_B,123,Standard,M05,17.5,30.8,2,19.7,39.9,Night,Tue,5,7.65,6.22,6.99
1973,Widget_A,79,Standard,M05,4.2,43.5,3,32.4,,Afternoon,Thu,7,2.63,2.2,2.55
3676,Widget_A,350,Standard,M03,13.4,58.6,1,35.1,47.7,Night,Fri,2,1.88,8.62,7.37
3681,Widget_C,161,Premium,M08,18.0,40.8,4,26.4,51.8,Night,Thu,3,2.61,11.62,10.84
2307,Widget_C,484,premium,M08,5.6,23.0,2,39.5,80.3,Morning,Tue,6,1.28,23.54,20.77
2401,Widget_A,84,Economy,M05,18.3,31.0,3,31.3,78.3,Morning,Mon,2,0.22,3.24,3.58
2409,Widget_C,447,Standard,M07,4.8,34.0,2,15.4,49.4,Morning,Thu,3,0.65,43.45,37.48
4297,Widget_B,183,Standard,M01,23.2,32.9,3,32.0,66.1,Morning,Sat,1,4.42,11.14,12.34
3238,Gadget_Y,56,Standard,M07,6.1,40.2,5,29.2,60.7,Night,Thu,7,2.13,4.84,5.03
4303,Gadget_X,455,Standard,M08,6.4,19.9,5,22.8,48.3,Afternoon,Tue,1,0.71,67.28,65.56
2497,Widget_C,343,Premium,M07,6.9,57.5,4,29.8,,Morning,Wed,2,1.31,44.47,51.36
3039,Widget_C,329,Premium,M03,3.6,49.5,2,32.4,47.9,Night,Mon,5,5.98,21.48,21.4
2530,Widget_C,190,Economy,M10,,26.7,1,33.1,,Night,Sun,6,6.37,9.43,8.83
2664,Gadget_Y,349,Premium,M05,16.4,37.2,2,20.0,43.8,Night,Tue,4,3.03,26.02,25.59
2355,Gadget_X,457,Standard,M09,20.9,57.4,5,29.1,39.0,Afternoon,Sun,1,5.97,71.58,72.75
4429,Gadget_Y,194,Standard,M09,19.0,51.0,3,26.6,51.2,Afternoon,Mon,8,2.14,6.35,6.4
4452,Widget_A,275,Premium,M02,14.5,8.3,2,31.6,62.5,Afternoon,Tue,4,5.76,5.28,5.39
2644,Widget_B,132,Standard,M03,9.1,25.0,4,21.0,58.7,Night,Thu,8,1.58,5.04,5.63
2052,Gadget_Y,56,Standard,M03,5.7,50.8,1,22.5,59.7,Morning,Thu,7,6.6,2.15,2.13
1796,Gadget_X,96,PREMIUM,M04,10.9,12.9,4,35.6,,Morning,Mon,6,1.38,7.2,8.47
3694,Widget_A,442,Standard,M10,16.7,45.9,4,30.9,43.9,Morning,Mon,5,2.59,7.98,7.98
4061,Gadget_X,390,Economy,M05,3.5,12.6,2,30.9,67.2,Morning,Sat,8,7.0,30.1,37.57
2598,Gadget_Y,219,Premium,M08,11.1,17.6,4,25.5,53.3,Night,Wed,1,5.26,22.59,26.46
3605,Widget_B,453,Premium,M05,23.7,43.3,1,27.3,,Afternoon,Sun,3,0.62,18.98,21.9
3730,Widget_A,284,Standard,M10,19.0,36.7,4,30.8,70.7,Night,Fri,1,6.3,11.24,12.04
3626,Gadget_X,451,Economy,M03,13.7,51.3,2,24.6,82.6,Afternoon,Sun,4,5.37,36.69,44.28
2820,Widget_B,352,Standard,M06,13.8,31.4,5,26.6,63.1,Afternoon,Fri,1,2.64,42.23,36.23
4158,Widget_A,425,Standard,M10,13.8,54.7,3,30.4,47.4,Morning,Wed,1,5.08,13.64,15.24
4315,Gadget_X,58,Standard,M05,11.1,38.0,2,27.9,49.2,Night,Fri,6,5.27,5.96,5.37
2723,Widget_C,324,Standard,M06,6.1,10.6,2,25.9,38.5,Morning,Fri,6,5.46,21.62,22.86
2184,Widget_C,489,Standard,M09,15.5,48.8,1,32.2,63.4,Morning,Thu,7,,14.83,15.63
3573,Widget_C,76,Standard,M03,1.5,15.8,5,24.0,48.1,Afternoon,Tue,1,,13.13,11.23
2060,Widget_B,269,Standard,M05,3.9,34.7,5,23.2,42.7,Morning,Sat,5,0.78,15.52,13.2
1541,Widget_C,458,economy,M04,13.1,20.3,1,19.5,52.5,Morning,Fri,7,1.97,19.5,19.57
4243,Widget_C,92,Economy,M07,15.1,5.6,3,32.7,56.8,Afternoon,Wed,1,3.33,11.76,12.63
2679,Widget_C,342,Standard,M07,11.1,27.4,3,17.0,56.7,Morning,Sun,4,2.88,28.09,25.99
3797,Gadget_X,58,Economy,M07,15.9,6.6,3,24.4,68.9,Afternoon,Sun,4,1.56,7.08,7.17
4390,Widget_C,16,Premium,M04,7.1,49.8,1,25.0,60.2,Morning,Fri,8,0.74,0.94,0.88
3533,Gadget_Y,67,Standard,M01,3.6,42.4,2,31.0,64.5,Afternoon,Thu,8,3.53,3.55,3.57
2758,Widget_C,347,Standard,M09,18.2,39.0,3,30.0,42.5,Morning,Sun,1,6.73,32.11,40.01
2924,Widget_C,44,Premium,M04,14.8,37.4,3,30.2,56.2,Morning,Thu,4,1.89,2.71,2.46
1096,Widget_A,74,Standard,M01,17.6,26.4,5,32.6,40.8,Night,Sat,6,5.05,2.31,2.28
2021,Widget_A,139,premium,M04,12.9,28.8,3,19.0,54.7,Night,Tue,1,3.01,6.74,6.2
1564,Widget_C,112,Standard,M04,12.8,43.4,5,23.0,47.5,Night,Wed,6,4.55,10.45,11.49
4313,Gadget_X,224,Premium,M09,10.8,6.8,2,31.4,81.9,Afternoon,Mon,5,0.87,18.64,21.47
3791,Gadget_X,419,Standard,M05,12.3,8.4,1,25.2,16.7,Night,Sun,7,1.66,29.12,32.82
1864,Widget_B,271,Standard,M10,8.1,57.8,1,34.8,38.1,Afternoon,Fri,6,1.88,7.88,8.6
2485,Widget_C,300,Standard,M05,17.5,19.1,5,23.0,47.7,Morning,Sat,8,3.99,21.39,26.3
3940,Gadget_Y,276,Standard,M10,4.6,55.6,3,22.4,,Afternoon,Fri,8,8.95,14.86,12.66
2882,Widget_B,99,Premium,M01,24.4,52.9,5,21.5,64.1,Morning,Wed,5,1.51,4.72,5.43
2039,Gadget_Y,13,Premium,M02,18.2,44.0,2,30.0,,Morning,Sun,7,5.0,0.61,0.64
1207,Widget_B,324,Premium,M08,13.4,12.8,4,25.4,78.1,Morning,Wed,6,0.0,9.23,9.61
1393,Widget_C,195,Standard,M05,6.7,52.0,4,28.9,63.4,Night,Tue,2,1.08,28.65,29.38
3843,Widget_A,470,Premium,M03,22.1,7.5,2,33.6,77.6,Morning,Mon,6,5.66,7.68,7.16
1871,Widget_A,85,Economy,M02,6.6,48.8,3,37.4,38.8,Morning,Fri,1,0.41,2.98,2.63
1398,Widget_A,193,Economy,M09,1.7,16.4,5,25.8,72.9,Morning,Sat,8,7.9,5.09,5.73
3815,Widget_B,243,Standard,M09,16.1,49.7,3,19.6,6.4,Morning,Thu,6,0.69,9.02,9.79
4379,Widget_A,54,Economy,M09,17.9,60.0,1,28.1,55.7,Afternoon,Sun,4,2.09,1.45,1.49
4290,Gadget_Y,227,Standard,M10,6.6,28.9,3,27.2,63.1,Night,Fri,6,2.11,11.87,10.28
2029,Widget_A,311,Standard,M06,3.1,40.0,1,31.1,73.7,Afternoon,Sat,5,5.76,9.14,8.86
3691,Widget_C,26,Economy,M08,8.4,57.4,3,19.7,15.1,Afternoon,Sun,4,3.31,2.16,1.95
2486,Gadget_X,17,Economy,M01,22.8,13.3,3,30.1,44.1,Afternoon,Tue,1,2.5,2.33,2.35
3661,Widget_C,361,Standard,M02,17.5,55.5,3,33.3,41.9,Morning,Thu,4,7.17,19.34,19.95
1961,Gadget_X,383,Economy,M05,19.5,13.4,4,31.6,64.8,Morning,Sat,7,9.61,30.23,29.61
2571,Widget_A,244,Standard,M07,16.4,37.2,4,18.5,23.9,Morning,Wed,1,4.34,13.35,15.43
3774,Gadget_X,242,Premium,M01,18.3,56.4,2,30.1,29.9,Morning,Thu,8,4.04,14.91,15.1
2896,Widget_A,434,Standard,M05,24.2,50.8,3,30.6,61.4,Afternoon,Sun,1,6.53,21.89,22.53
3732,Widget_A,426,premium,M07,10.4,27.4,5,29.0,40.8,Afternoon,Thu,5,4.36,16.56,17.77
3147,Widget_A,99,economy,M09,19.3,19.3,4,22.1,73.0,Afternoon,Tue,2,,4.04,4.47
1805,Gadgt_X,211,Standard,M01,13.0,23.5,4,29.8,,Morning,Wed,8,7.6,9.95,10.51
2752,Gadget_Y,438,Standard,M09,16.6,58.3,2,28.7,52.0,Morning,Sun,4,6.5,22.54,20.76
3455,Widget_C,282,Standard,M07,14.0,52.2,3,26.9,67.7,Morning,Sun,2,2.54,27.36,29.33
1503,Gadget_Y,312,Premium,M05,3.0,54.5,4,25.6,34.0,Afternoon,Sun,4,4.81,35.37,32.65
4120,Gadget_Y,86,Standard,M10,20.8,31.4,4,21.3,69.5,Afternoon,Fri,5,0.64,4.35,4.0
4105,Widget_A,348,Standard,M09,16.6,15.3,3,26.0,45.8,Night,Tue,5,2.8,7.01,7.09
3978,Widget_C,402,Premium,M08,9.1,30.3,4,26.0,64.0,Morning,Tue,3,1.67,30.91,32.27
1780,Gadget_Y,463,Standard,M05,21.4,29.4,1,20.9,68.5,Afternoon,Mon,8,3.24,14.82,17.42
2864,Gadget_Y,380,Premium,M04,6.5,34.6,1,40.7,37.8,Morning,Tue,2,4.79,25.5,31.63
1201,Widget_C,403,Premium,M04,21.2,28.8,2,24.6,43.1,Morning,Thu,4,3.31,21.68,23.08
3183,Gadget_X,464,Premium,M07,21.1,-7.5,2,36.8,56.5,Night,Sun,4,3.05,42.41,46.48
4100,Widget_C,14,Premium,M08,13.3,5.8,5,30.9,46.3,Night,Sun,7,1.13,0.86,0.93
3089,Gadget_X,448,Standard,M09,10.7,9.3,3,25.6,26.3,Morning,Sun,7,2.06,137.16,29.77
4066,Gadget_Y,352,Standard,M07,9.6,41.2,5,32.7,33.9,Afternoon,Sun,4,,40.37,41.92
3279,Widget_C,103,Standard,M10,19.1,26.3,5,34.3,30.7,Night,Tue,5,1.08,6.69,6.58
2797,Gadget_X,229,Standard,M04,10.8,31.3,1,24.9,,Morning,Sat,5,6.16,14.76,13.85
1379,Gadget_X,186,Standard,M08,5.5,34.0,1,24.6,63.9,Morning,Thu,8,1.9,8.75,7.94
3337,Gadget_X,458,Economy,M01,19.1,33.7,2,35.8,27.7,Afternoon,Fri,8,3.36,25.0,27.68
1419,Widget_B,85,Standard,M10,10.4,30.9,4,31.1,69.3,Night,Fri,5,7.22,5.44,6.34
2699,Widget_C,315,Premium,M07,23.5,37.8,5,25.2,50.0,Morning,Mon,8,3.05,22.04,24.3
1392,Gadget_Y,92,Standard,M10,17.5,59.1,2,30.2,81.2,Night,Fri,6,5.69,4.84,5.5
3641,Widget_A,212,Standard,M05,,36.9,2,22.9,49.0,Afternoon,Sun,4,0.91,5.82,6.55
2523,Gadget_X,75,Standard,M04,17.7,6.7,1,32.7,43.5,Afternoon,Thu,7,2.01,2.97,2.54
2163,Widget_C,463,Economy,M07,6.5,22.2,3,32.9,59.8,Morning,Tue,8,,30.62,36.25
4135,Widget_B,263,Standard,M05,23.6,33.2,2,29.2,51.8,Morning,Tue,4,4.66,10.69,9.65
2496,Widget_B,41,Standard,M03,1.2,6.2,2,29.0,59.7,Afternoon,Sun,5,5.34,1.57,1.74
3696,Gadget_Y,232,Standard,M09,11.3,6.6,5,22.8,50.5,Morning,Sat,7,7.64,13.06,12.25
3028,Widget_A,83,economy,M06,13.2,13.4,4,25.3,52.5,Afternoon,Sun,3,,3.84,4.69
2153,Widget_B,343,premium,M07,13.3,12.5,2,31.1,79.0,Morning,Thu,6,,14.28,12.83
2368,Widget_C,61,Standard,M08,6.3,54.8,2,30.0,74.5,Morning,Thu,3,5.92,4.85,5.98
3569,Widget_B,422,Premium,M04,6.8,13.4,5,18.7,53.1,Morning,Wed,3,5.3,27.01,33.21
1065,Gadget_X,457,Standard,M02,24.6,5.9,1,33.5,70.7,Night,Wed,3,0.12,30.61,27.82
3063,Widget_A,384,Standard,M07,19.0,53.7,3,23.7,50.6,Night,Thu,5,0.27,11.27,12.8
2181,Widget_A,303,Economy,M01,9.7,32.3,2,24.0,62.7,Afternoon,Wed,2,3.6,10.52,12.46
4113,Widget_A,264,Standard,M06,,29.6,2,36.2,36.3,Afternoon,Sun,4,0.04,7.11,8.48
1493,Widget_B,286,STANDARD,M08,20.0,25.2,5,28.6,67.1,Morning,Fri,1,5.89,20.14,19.22
1380,Gadget_Y,308,Economy,M09,7.0,20.9,4,26.9,54.0,Night,Tue,5,5.53,24.9,27.69
3236,Widget_C,396,Standard,M08,16.5,11.3,2,20.0,44.5,Morning,Sat,2,4.36,21.9,20.48
1764,Widget_B,456,economy,M04,13.6,59.0,4,31.9,23.5,Night,Fri,4,4.83,30.01,30.57
3265,Gadget_Y,201,Standard,M03,13.3,29.7,4,26.8,49.6,Morning,Mon,1,3.65,16.85,20.44
1792,Widget_A,12,Economy,M06,21.5,59.4,5,36.4,57.0,Morning,Fri,4,1.71,0.89,0.8
2077,Widget_C,314,Premium,M01,2.8,11.0,5,26.4,29.2,Morning,Wed,5,0.45,28.59,30.01
1879,Widget_A,324,Standard,M05,19.7,18.0,1,32.4,68.8,Afternoon,Sat,2,7.73,11.59,10.79
1338,Widget_A,433,Premium,M02,11.1,15.1,4,30.8,52.6,Night,Tue,3,5.73,15.84,14.38
3768,Widget_A,357,Premium,M05,6.9,23.5,3,40.3,,Afternoon,Sun,2,9.98,20.07,21.38
3344,Gadget_Y,134,Premium,M03,10.2,38.9,2,31.0,38.8,Morning,Sun,4,0.09,6.16,6.09
2017,Gadget_Y,331,Premium,M06,23.6,43.8,1,37.2,83.7,Afternoon,Mon,7,1.84,10.88,10.41
2276,Widget_C,392,Premium,M01,10.4,38.4,1,32.5,66.2,Morning,Fri,3,8.06,32.54,34.37
1456,Widget_B,480,Economy,M03,8.5,5.2,3,25.7,41.3,Morning,Thu,7,5.08,15.77,14.98
4343,Gadget_Y,487,STANDARD,M03,8.6,30.7,3,21.9,72.1,Morning,Sun,4,5.01,25.31,31.5
1816,Gadget_Y,421,Standard,M01,14.4,20.5,3,33.3,63.1,Afternoon,Sat,1,5.52,40.3,50.23
3318,Widget_A,435,Premium,M08,,34.8,5,22.6,66.3,Night,Sun,6,0.25,10.23,10.76
1996,Gadget_X,86,Standard,M05,7.3,58.6,5,22.7,39.5,Afternoon,Thu,6,3.24,10.7,12.24
2982,Widget_A,18,Standard,M06,6.7,5.1,5,27.6,61.4,Afternoon,Wed,3,0.86,0.92,1.11
1202,Gadget_X,396,Premium,M09,6.9,24.5,1,31.7,,Afternoon,Fri,5,1.36,23.14,24.62
1162,Widget_A,86,Standard,M01,24.9,24.2,5,25.5,38.6,Morning,Thu,1,0.97,3.58,3.26
2580,Gadget_X,447,Economy,M03,5.4,19.6,2,24.8,,Morning,Sun,8,1.93,19.8,22.12
3778,Widget_A,99,Premium,M10,1.9,20.2,3,28.6,86.4,Afternoon,Sun,5,2.95,2.86,3.24
3450,Widget_B,167,Standard,M05,14.6,14.0,1,29.0,67.2,Afternoon,Sun,3,6.41,8.44,9.54
1703,Widget_C,268,Premium,M09,24.3,8.7,4,34.9,59.3,Morning,Wed,1,1.92,24.22,25.92
2501,Gadget_Y,422,Premium,M04,20.3,49.7,5,24.4,50.8,Night,Sat,1,4.37,49.64,58.49
2130,Widget_C,330,Premium,M03,6.8,36.1,3,26.3,52.7,Afternoon,Sat,6,7.74,20.56,24.7
3614,Gadget_Y,213,Standard,M07,22.3,59.6,1,26.6,73.3,Morning,Wed,2,3.43,14.68,17.58
2022,Widget_C,203,Premium,M03,6.6,47.8,2,23.5,,Afternoon,Tue,5,3.3,11.93,10.19
4074,Widget_C,170,STANDARD,M02,16.1,33.6,1,31.3,27.4,Night,Tue,4,0.05,7.45,7.08
2586,Widget_C,245,Economy,M09,21.8,39.5,4,27.4,38.9,Afternoon,Sun,8,2.01,12.32,14.28
2956,Widget_C,390,Standard,M08,1.9,20.9,4,23.0,60.9,Morning,Sun,6,4.18,23.77,23.92
4153,Widget_B,257,economy,M06,8.1,7.2,5,24.4,64.8,Morning,Wed,2,0.69,21.86,22.67
3254,Widget_B,455,Premium,M04,6.7,37.1,2,35.4,66.5,Afternoon,Mon,8,3.04,14.3,13.42
1035,Widget_B,305,Premium,M09,18.8,31.5,1,25.0,78.1,Afternoon,Mon,2,5.04,13.89,13.26
1776,Gadget_Y,476,Standard,M08,10.1,23.7,5,32.0,46.8,Night,Wed,5,0.18,25.13,21.67
3557,Widget_A,78,Standard,M05,17.9,49.5,1,26.0,47.4,Afternoon,Fri,3,0.8,2.65,2.5
2479,Widget_B,10,Premium,M09,14.4,16.8,1,22.3,,Morning,Fri,6,4.01,0.35,0.31
4004,Widget_B,79,Standard,M03,0.9,23.4,3,29.9,52.4,Morning,Thu,2,4.68,4.87,4.49
2391,Widget_A,386,Economy,M09,22.2,56.8,1,23.9,41.2,Afternoon,Wed,2,3.31,9.19,9.72
3140,Gadget_Y,293,Standard,M04,3.1,15.0,4,24.9,39.5,Morning,Tue,5,1.52,17.62,20.33
2364,Widget_C,364,Premium,M09,15.6,30.9,1,26.3,32.1,Afternoon,Thu,5,0.26,14.95,14.86
3946,Gadget_X,11,Standard,M04,16.2,56.4,5,19.8,81.6,Morning,Mon,4,6.13,1.43,1.37
3613,Widget_B,457,Standard,M10,10.9,34.8,4,30.5,56.4,Morning,Sat,2,3.22,26.15,27.28
4418,Widget_C,378,Standard,M07,4.7,55.1,4,24.2,50.6,Morning,Sun,2,1.27,56.4,51.51
3825,Widget_B,139,Premium,M08,2.0,-5.2,3,32.6,62.1,Morning,Wed,5,0.28,4.78,5.33
3042,Widget_C,160,Premium,M08,22.2,25.5,5,25.9,64.2,Afternoon,Sat,2,6.53,15.78,16.74
1242,Widget_B,417,Premium,M10,3.9,17.0,1,19.6,72.7,Afternoon,Mon,1,5.1,28.23,31.28
3062,Gadgt_X,115,Premium,M07,10.0,53.7,3,29.7,27.5,Morning,Thu,5,4.95,10.38,12.67
3364,Widget_B,481,Premium,M10,12.8,53.4,3,29.4,76.4,Afternoon,Mon,4,4.33,17.86,20.66
1601,Widget_A,150,Standard,M08,13.5,46.3,5,27.4,65.2,Night,Thu,3,6.53,5.79,6.64
3436,Widget_B,108,Standard,M09,15.4,38.5,3,27.4,49.9,Morning,Sun,2,1.98,5.62,5.81
2298,Gadget_Y,221,Premium,M01,7.5,34.4,5,26.9,,Afternoon,Sun,6,3.35,15.27,17.39
3215,Widget_A,326,Premium,M01,5.4,34.7,4,24.9,,Afternoon,Sat,5,0.57,8.99,9.25
3889,Widget_B,386,Economy,M07,13.1,56.2,2,22.4,72.4,Night,Fri,2,2.91,29.49,34.39
3069,Gadget_Y,84,Standard,M10,7.0,25.8,2,28.6,80.7,Afternoon,Wed,5,3.75,4.43,4.1
1647,Widget_B,22,Premium,M10,24.7,26.6,5,27.7,87.3,Morning,Sat,5,0.29,0.9,1.01
4203,Widget_A,21,Premium,M09,22.2,46.3,3,19.1,81.1,Night,Sat,8,2.23,0.66,0.82
2529,Widget_A,99,Standard,M05,13.7,39.0,3,25.4,77.9,Afternoon,Tue,8,4.15,2.86,2.44
3880,Gadget_Y,280,Premium,M05,4.3,59.3,5,23.4,,Morning,Fri,8,0.6,19.49,23.96
2268,Gadget_Y,63,Premium,M05,7.4,52.7,5,21.0,48.0,Night,Mon,6,9.77,6.03,6.5
2900,Widget_A,306,Standard,M08,10.1,34.9,2,29.8,39.2,Night,Tue,4,3.77,7.15,7.5
1563,Widget_B,466,Standard,M01,24.3,32.6,2,23.4,59.4,Afternoon,Wed,6,4.74,15.42,15.59
4476,Widget_C,27,Premium,M07,12.0,20.2,2,33.8,44.9,Morning,Sun,8,,1.55,1.88
3735,Widget_C,193,Standard,M07,0.8,31.2,2,25.8,64.0,Morning,Wed,7,1.03,14.27,12.33
4006,Widget_B,66,Standard,M09,9.7,50.9,1,33.6,66.2,Night,Fri,4,5.79,3.19,3.89
1190,Gadget_X,105,Premium,M04,6.4,35.1,3,26.2,,Night,Wed,1,,15.03,17.96
2807,Widget_B,135,Premium,M10,0.7,12.4,1,28.2,63.6,Night,Sat,6,3.94,4.77,4.56
1976,Widget_C,344,Standard,M07,18.6,41.1,5,18.6,52.1,Morning,Sun,8,0.5,23.22,26.52
3748,Gadget_Y,272,PREMIUM,M01,15.1,14.0,4,27.3,64.6,Morning,Wed,7,1.42,11.54,12.73
3048,Widget_B,232,Standard,M08,7.5,56.4,4,37.1,51.9,Morning,Mon,4,5.0,10.23,12.29
3559,Gadget_Y,139,Standard,M03,16.3,59.9,5,36.6,47.0,Night,Thu,8,5.03,7.45,7.75
2083,Widget_C,93,Standard,M01,21.0,43.4,4,25.9,33.0,Morning,Sun,4,4.35,6.29,6.15
1475,Widget_C,482,Standard,M03,23.3,41.2,4,22.7,71.1,Afternoon,Wed,6,1.1,21.14,21.44
3905,Widget_A,247,Premium,M02,7.3,24.7,4,26.0,51.3,Afternoon,Sat,3,3.95,8.48,7.66
1748,Widget_C,15,Standard,M08,11.6,24.2,4,31.8,87.1,Night,Fri,5,5.37,1.38,1.26
3301,Widget_C,491,Standard,M08,7.5,46.1,5,22.9,80.7,Morning,Mon,8,0.49,22.87,27.66
1022,Widget_A,285,Premium,M05,20.4,58.2,3,20.6,66.0,Night,Thu,8,8.54,7.74,8.93
4386,Gadget_Y,317,Premium,M02,23.2,37.7,3,20.9,56.3,Morning,Mon,6,0.58,8.95,9.61
1460,Gadget_Y,149,Premium,M06,8.8,21.3,2,22.0,36.8,Afternoon,Mon,6,5.24,8.96,9.94
2185,Widget_A,374,PREMIUM,M04,5.7,15.6,3,22.6,46.1,Afternoon,Sun,4,1.72,10.68,11.1
3325,Widget_A,329,Premium,M02,19.7,24.8,5,25.3,,Night,Tue,8,0.58,5.9,5.7
1956,Widget_B,480,Standard,M06,2.7,34.8,5,21.7,60.1,Morning,Sat,4,2.76,38.91,36.04
2216,Widget_C,118,Premium,M05,3.6,54.0,5,30.4,85.0,Morning,Thu,7,7.11,11.72,14.06
3434,Gadget_Y,448,Premium,M02,7.2,54.4,2,30.1,,Night,Sat,5,2.38,24.33,27.85
3854,Widget_C,60,Standard,M09,9.2,37.9,1,32.4,28.1,Morning,Sat,2,2.27,4.92,6.05
4486,Widget_A,396,Standard,M07,,31.6,5,28.7,24.7,Night,Mon,8,4.83,13.17,15.58
2516,Widget_B,48,Standard,M09,11.1,32.6,1,25.9,49.7,Morning,Mon,8,1.34,1.41,1.65
3392,Widget_A,115,Premium,M03,15.3,54.9,1,32.9,42.5,Afternoon,Tue,5,1.04,2.46,2.09
1770,Widget_C,105,Premium,M03,14.6,39.4,1,36.3,73.8,Morning,Thu,1,2.65,7.99,8.86
4381,Widget_B,215,Premium,M07,16.1,13.2,1,21.2,51.6,Afternoon,Mon,2,1.52,10.72,11.12
2686,Widget_A,287,Standard,M02,23.2,42.7,3,33.9,74.6,Morning,Fri,7,2.09,3.78,3.57
1131,Gadget_Y,478,Standard,M05,22.4,45.6,4,31.0,65.6,Morning,Fri,6,2.88,23.12,21.73
3920,Widget_B,435,Economy,M08,14.0,16.5,2,27.9,59.1,Morning,Sat,4,,15.05,18.4
4172,Widget_B,430,Economy,M02,8.9,45.7,5,35.0,55.0,Morning,Sat,5,2.67,16.58,19.75
4445,Gadget_Y,455,Economy,M05,,21.3,1,26.5,65.1,Afternoon,Sat,1,2.09,31.17,35.11
3136,Gadget_Y,392,Premium,M05,6.8,37.3,1,30.5,62.0,Night,Mon,6,5.7,22.36,22.12
2483,Widget_A,466,Standard,M10,23.3,19.0,2,30.4,40.6,Morning,Thu,7,2.25,5.35,5.32
1331,Widget_C,360,Economy,M08,15.7,38.6,5,27.6,56.6,Morning,Sat,7,4.25,19.3,19.06
2239,Gadget_Y,406,Premium,M05,14.1,6.4,4,30.1,28.4,Morning,Sat,5,2.88,28.46,27.83
1467,Widget_A,138,standard,M06,11.1,7.4,3,31.4,,Morning,Sat,3,2.99,4.43,3.99
3170,Widget_C,205,Economy,M06,7.9,47.2,1,33.3,,Morning,Wed,3,1.06,14.67,18.25
2639,Gadget_X,304,Standard,M06,23.3,12.2,3,23.7,72.1,Afternoon,Tue,5,1.98,25.82,30.27
4093,Gadget_Y,289,standard,M09,14.1,17.3,3,25.4,39.2,Morning,Thu,1,2.18,24.11,22.72
2096,Widget_A,383,Premium,M10,17.3,23.4,5,32.4,36.1,Afternoon,Sun,8,0.11,6.51,7.29
2131,Gadget_Y,444,Economy,M10,8.1,8.5,3,27.9,68.2,Morning,Mon,2,0.14,30.24,32.97
2295,Gadget_X,484,Economy,M07,19.9,51.0,3,20.0,65.4,Morning,Thu,7,3.26,35.58,39.96
1861,Widget_B,196,Premium,M07,20.6,54.0,5,25.5,,Morning,Mon,1,1.1,18.81,20.0
3416,Gadget_Y,137,STANDARD,M01,13.9,26.0,3,25.6,77.9,Afternoon,Mon,6,0.53,7.19,7.87
4175,Widget_C,350,Standard,M02,3.6,22.9,3,28.3,71.3,Morning,Fri,6,1.92,20.49,23.06
